issue,id,content
vocabulary_no_ipa,2bea855c-fc23-46c1-85f7-02e4fd13e792,AWS Organizations
vocabulary_no_ipa,0a825c63-8dc0-4bb1-aa3e-1e0fdc9f778d,Amazon GuardDuty
vocabulary_no_ipa,3818385a-dda1-47d7-9cfc-eb894eefae14,AWS Shield
vocabulary_no_ipa,a155e55d-4f87-4d25-8f3a-239ebb979b00,AWS CloudFormation
vocabulary_no_ipa,0aa721ca-9c20-48f6-902d-64544fba7267,AWS Region
vocabulary_no_ipa,b56066b4-92fc-4122-8da2-50e7dd696767,Availability Zone
vocabulary_no_ipa,0468204b-3912-4ca9-8661-cc182d3c25c6,operator
vocabulary_no_ipa,1e8ef93f-931d-46f8-8739-d9b8782f3e51,Amazon S3
vocabulary_no_ipa,cc72b4dd-791e-4717-a37d-fdd1a5dd4440,multi-factor authentication
vocabulary_no_ipa,37496489-fb15-40ed-bd0a-0d10f69716b9,Amazon EC2
vocabulary_no_ipa,e3a692f3-454d-489c-86c0-79b484c98565,AWS Lambda
vocabulary_no_ipa,38539a68-f916-4840-883a-9f2d087d4679,elasticity
vocabulary_no_ipa,071be7e5-e4e0-436b-9ebc-d6b972fe39db,high availability
vocabulary_no_ipa,f21fb898-f0a5-4cb1-9f6b-a1c016dd5936,agility
vocabulary_no_ipa,164120fb-899f-400e-98e8-f32a2400c9a7,AWS Well-Architected Framework
vocabulary_no_ipa,024c8f9a-5515-415f-86a6-0ab78f70d8b7,AWS Cloud Adoption Framework
vocabulary_no_ipa,1702aa6b-f61a-4246-a833-8131c3fb43ff,migration
vocabulary_no_ipa,4df3051c-aeaa-4b9c-b6dc-8b2fd6ab3583,economies of scale
vocabulary_no_ipa,da64e7b8-1254-43f1-9b7b-09bc290b92e0,rightsizing
vocabulary_no_ipa,605c4d93-6816-4548-9e2f-1b4622f08fb3,destination
vocabulary_no_ipa,b39142a9-852a-4d4d-8a73-d24e1f94d74f,shared responsibility model
vocabulary_no_ipa,c6e689f8-9355-431d-ac64-a14b0ad8af68,AWS Artifact
vocabulary_no_ipa,27e5b779-5cb1-464b-be9b-07524af76923,AWS CloudTrail
vocabulary_no_ipa,76491d5f-3fdf-4e49-845b-98ffd0bbc8da,AWS Config
vocabulary_no_ipa,147fe4e1-bd6c-4ca1-afb8-cecafa7dd6fc,AWS Identity and Access Management
vocabulary_no_ipa,d52b6808-c72e-4848-afcb-d594ff068905,least privilege
vocabulary_no_ipa,627c0dd6-2cbc-49e3-8c2b-bf946f377c7c,Amazon RDS
vocabulary_no_ipa,dce204df-36e3-44cb-982e-436ee81ea4d8,Amazon DynamoDB
vocabulary_no_ipa,85a5e80a-f50e-466b-b865-b0c24b0be3d9,Amazon VPC
vocabulary_no_ipa,94dacfce-2dd7-495e-aa50-d6d849019214,Amazon Route 53
vocabulary_no_ipa,933c566e-072e-447a-9531-aa4c8ad0c53e,Amazon EBS
vocabulary_no_ipa,fb661289-a074-4bab-819b-afd3feeaaa75,Amazon SageMaker AI
vocabulary_no_ipa,01dffcf3-41d5-488b-ae81-7a42b797a4dc,Amazon Kinesis
vocabulary_no_ipa,80504573-42c5-4471-8287-355d91f186ec,Amazon CloudWatch
vocabulary_no_ipa,9cb37942-194e-4cb4-a628-03bdf1ba79b5,On-Demand pricing
vocabulary_no_ipa,8f707c02-e788-4885-bba2-3cfd0ce77d3c,Savings Plans
vocabulary_no_ipa,084a5029-32da-432b-b99d-869fac35f1d3,AWS Cost Explorer
vocabulary_no_ipa,cb3fe557-59bf-4fce-9047-5de818e42a44,AWS Budgets
vocabulary_no_ipa,c24b8bab-9ac0-46b2-994e-b89cc305d5be,AWS Support
vocabulary_no_ipa,5e23541b-4bb9-47e4-996d-ac0fd5ea8a63,AWS re:Post
vocabulary_no_ipa,04d2ebc4-de08-4c32-a5c3-f246017b47f9,Dag
vocabulary_no_ipa,cebda405-d8f9-42cd-8c64-4bac39a2163a,task
vocabulary_no_ipa,38ce2c99-055c-4c1a-bd7d-5ed4b3763881,task instance
vocabulary_no_ipa,3e8f835e-dd5b-4ec7-a176-42146c12ae02,upstream task
vocabulary_no_ipa,eb5f6cca-a00a-42ea-983a-67eb01421455,downstream task
vocabulary_no_ipa,ba999d2e-ec86-41e9-b168-4179a0c2d862,dependency
vocabulary_no_ipa,fc26de5e-9582-401c-8005-9c5e83f84ea5,Dag Run
vocabulary_no_ipa,b7ec82f5-2da5-4367-83e3-a0492392c26b,schedule
vocabulary_no_ipa,aacfcacc-c31a-46fc-9f72-b803cb3aa49b,data interval
vocabulary_no_ipa,fe69bf06-5743-403e-9a36-4573c1f46697,logical date
vocabulary_no_ipa,7492086c-ec74-408b-a029-a2a3e5cb8f1b,sensor
vocabulary_no_ipa,f63cf1be-41cc-4e38-ae29-e2cf189c8d21,holdout set
vocabulary_no_ipa,7a3a7234-4998-4720-a7d3-c740cc1bff95,data split
vocabulary_no_ipa,2e7f50d8-7bc0-4281-8c19-5d751dd7b1bc,generalization
vocabulary_no_ipa,52652bea-6807-4d7f-9e9b-8f0e9345de08,accuracy
vocabulary_no_ipa,e7e3b585-e678-491d-acfe-527aed5067b7,false positive
vocabulary_no_ipa,47a2ff1b-fbc5-40f7-8425-d34d56575710,false negative
vocabulary_no_ipa,ccace765-c22f-4017-be55-78b51b06ac8c,local area network (LAN)
vocabulary_no_ipa,228c7b83-4e4a-465d-85bf-617e9d0a652e,IP datagram
vocabulary_no_ipa,f730e919-30d3-4e9d-a4d4-86261b934d62,port
vocabulary_no_ipa,82718a6a-b519-41b8-8098-9485807b62cc,source
vocabulary_no_ipa,4b2eb151-d59b-4826-a652-bf10dbec0b0b,forwarding
vocabulary_no_ipa,73fe1f1a-0c8f-45de-b348-315fc95cabee,example
vocabulary_no_ipa,f56d4845-a2e7-42f9-905a-8f294fbe0654,labeled example
vocabulary_no_ipa,b4c79b05-c7cf-4a73-94df-24b566d27e64,unlabeled example
vocabulary_no_ipa,b8e386be-7bc0-4d20-baae-bfe6e4905b3d,model
vocabulary_no_ipa,9b0c3978-95db-463b-b30c-ccd2432d6bcd,training
vocabulary_no_ipa,805aecec-2f99-4d25-bf97-0b46d2b2cdb3,loss
vocabulary_no_ipa,4436da9f-6831-481e-951f-ee223c8f7b99,evaluation
vocabulary_no_ipa,d7c48239-131d-4e3c-94cb-a806d71d3a88,inference
vocabulary_no_ipa,4e199b67-7c1d-4e66-ae3a-959eb21dc5e4,data engineer
vocabulary_no_ipa,c89b44c1-bc53-43e4-8733-8432bd47dabe,data integration
vocabulary_no_ipa,0fc15d57-9173-4b6b-a520-ef2ae724aa76,staging table
vocabulary_no_ipa,e09eccc1-b469-4e99-9d8e-09b56182b85b,target data store
vocabulary_no_ipa,c79b3478-268d-4a25-aac2-3390e67cf668,data flow
vocabulary_no_ipa,a72be3cf-6f87-4fc6-9246-339a172cb194,control flow
vocabulary_no_ipa,7e10d998-88a8-4835-9ee2-c2f5821e76db,domain name
vocabulary_no_ipa,84f6d915-a812-47f9-88cd-c80bfe616215,DNS namespace
vocabulary_no_ipa,c56b0b29-d64b-4836-87e4-53c52ec25146,resource record (RR)
vocabulary_no_ipa,7bfec03a-8901-4238-9746-9b69fb791547,name server
vocabulary_no_ipa,43ccf592-03cb-4e64-82b1-e1df08278cbb,authoritative server
vocabulary_no_ipa,aed5eca0-194a-4fdb-897c-017441137358,zone
vocabulary_no_ipa,fdfe5320-fce2-4ec1-80a8-15ab92e047bf,resolver
vocabulary_no_ipa,9014af04-0fd5-4a19-9b6c-a2f507810cf9,recursive query
vocabulary_no_ipa,995b6222-fc6d-4d9a-8c72-606148fe98dc,iterative query
vocabulary_no_ipa,db93072b-d068-4aba-b5c9-6df074995881,A record
vocabulary_no_ipa,a4437c87-07f3-4f11-a12c-ce175931c44b,CNAME record
vocabulary_no_ipa,8414b2aa-981d-4196-8a6c-f2203cd739bc,reverse mapping
vocabulary_no_ipa,0f9afb95-6067-4d66-af93-339e4c18b7b8,time to live (TTL)
vocabulary_no_ipa,51062c64-1673-4656-a261-0fffd9898287,data at rest
vocabulary_no_ipa,e1417fcc-cb2e-4633-b521-5e32716c3bbd,data in motion
vocabulary_no_ipa,29f5eee2-639e-4e2f-ab69-91cc14ec91e3,data lake
vocabulary_no_ipa,b232677a-044b-4bcb-94fa-e333821530e7,DataFrame
vocabulary_no_ipa,a008f08e-49db-4290-9b50-2b2bcace6f5a,Dataset
vocabulary_no_ipa,9df6f1e9-b527-40de-b430-c942fd1d84d1,Structured Streaming
vocabulary_no_ipa,99529f00-74cc-45d8-8835-98ef5648df70,micro-batch
vocabulary_no_ipa,777b0b5d-55c3-45a7-9838-40e6d1301d7f,orchestration
vocabulary_no_ipa,af017816-8ee8-44a8-ac0a-00daf4f4b8a8,response code (RCODE)
vocabulary_no_ipa,ff069aa6-e19e-4f5e-860d-7b4c20c5001a,Name Error
vocabulary_no_ipa,c484b080-8292-4555-afda-ed8a84f2f339,truncated (TC) bit
vocabulary_no_ipa,d46f9e8f-4920-4351-9dc5-fb98a7bfd22b,retransmission
vocabulary_no_ipa,1b77cdc1-1048-4ccf-b863-a8cc8e0a060c,PTR record
vocabulary_no_ipa,d442eef7-1bb0-448f-8284-f3684659f5a0,zone serial number
vocabulary_no_ipa,7c25f552-c35f-4c47-a514-5e6444ff21c6,gateway selection
vocabulary_no_ipa,4cb89cc9-0f0f-46b9-9702-45d31392838c,route cache
vocabulary_no_ipa,07a46fc1-6046-410b-aa9a-b679078d5868,preprocessing
vocabulary_no_ipa,c5c6230b-caee-4a14-98a4-bfd05120c6f4,estimator
vocabulary_no_ipa,6c537818-d9fe-4692-8488-52a20a646bf7,fit
vocabulary_no_ipa,3a177bd2-da26-4aae-b1b8-cdd0c2b2458b,transform
vocabulary_no_ipa,f2043753-592e-4f9b-8cc2-2ab622a779d1,fit_transform
vocabulary_no_ipa,0e3efb22-abf6-4d07-80ce-e10aafe9db93,feature selection
vocabulary_no_ipa,e7927aaa-3c2c-475d-b600-2fbc3007e7fd,StandardScaler
vocabulary_no_ipa,e06480c8-2447-4363-a788-f0d675df0a76,SimpleImputer
vocabulary_no_ipa,8f5505ac-d57e-4cef-a352-6dc6c1e49cbc,Pipeline
vocabulary_no_ipa,378e7900-5d2a-4d0b-990f-b27a38852f7e,hyper-parameter tuning
vocabulary_no_ipa,99c228e5-f1db-4465-99db-0ada219ee18d,packet
vocabulary_no_ipa,6937ea63-c19e-4e5c-8520-5fd8799ef118,variable
vocabulary_no_ipa,ab227cb9-9eba-4142-a389-5242df3df4b7,function
vocabulary_no_ipa,7f6b8bdc-4a9e-4583-8df0-fc009174f067,policy as code
vocabulary_no_ipa,6e5dabf0-71a0-4aed-afcd-e88bcb6d6334,landing zone
vocabulary_no_ipa,c792c496-9b97-444d-8817-e745e5162b7e,optimistic concurrency control
vocabulary_no_ipa,0bb3190e-2e04-422e-b822-90a6963142ab,circuit breaker
vocabulary_no_ipa,379c7476-8fb6-46d8-b26f-0d90a08145dd,parameter
vocabulary_no_ipa,bbeb93e7-306d-4ffe-a82e-f6bdcb43131b,return value
vocabulary_no_ipa,0892b117-dfb2-4737-a38b-87ede924bceb,unit test
vocabulary_no_ipa,39fba8f6-fcf2-4aa7-bd4a-245ab3afd1fd,dependency injection
vocabulary_no_ipa,799bdf10-bb46-4708-aec9-b6be1d3471f3,input validation
vocabulary_no_ipa,689dfab8-bc27-4586-b380-adb081c0ee96,exception handling
vocabulary_no_ipa,c3f9f0c6-cd9b-4206-8024-78535da085f4,idempotency
vocabulary_no_ipa,922fb32c-d36f-4e4f-aa32-7454f453ca26,transactional outbox
vocabulary_no_ipa,5b9d3850-d3d1-4e0f-8eed-2dff727ad3f5,domain invariant
vocabulary_no_ipa,00625f7f-78f0-4ebf-9394-c13a2e3f3adc,anti-corruption layer
vocabulary_no_ipa,f1945877-93c0-41c8-8c28-60f1f15ff48b,expand-contract migration
vocabulary_no_ipa,8139074d-1a0a-4806-a21d-27df7d559de5,architecture decision record
vocabulary_no_ipa,5f35cb31-98dd-472e-a44d-149bd590aee6,virtual machine
vocabulary_no_ipa,d085b9de-a877-4d2f-9d9f-52d9a7ce0d08,object storage
vocabulary_no_ipa,1b0e3f6b-d66d-4277-8489-2ec162352293,cloud region
vocabulary_no_ipa,61332378-398c-4b81-9a5b-35f346f47469,on-demand pricing
vocabulary_no_ipa,1a25e846-d921-48ba-9aea-94419a72919f,auto scaling
vocabulary_no_ipa,b96be562-658a-414d-a1c7-e390a4bca2ff,managed database
vocabulary_no_ipa,0df10101-2997-4512-af52-88cf72d9db26,recovery point objective
vocabulary_no_ipa,3159cfbb-7798-4f7b-9161-1d90759b8c3c,recovery time objective
vocabulary_no_ipa,bd7d2767-4db3-4461-8f8d-d54ea0d48073,multi-zone deployment
vocabulary_no_ipa,d9c11875-b0e0-4959-885e-864e65491a60,shared responsibility model
vocabulary_no_ipa,a9eb5cd2-1bda-4664-8140-6af1e6c0c61d,error budget
vocabulary_no_ipa,83d87fd9-9c79-4c2b-a69b-fd0aa96159e5,finops
vocabulary_no_ipa,e326f319-2267-4c6f-93f8-105c18982063,router
vocabulary_no_ipa,05419eff-545f-4ef1-9861-6be3828a14e0,switch
vocabulary_no_ipa,4ac65979-b5af-4e28-b0a8-1df38a1e63e1,DNS
vocabulary_no_ipa,ab6421fd-0a68-45b2-9615-79becd8fe443,subnet mask
vocabulary_no_ipa,79e7f3ff-8ddc-4f74-9d18-b3c90a882801,default gateway
vocabulary_no_ipa,8dc1a48c-f70a-4b57-91b8-e834fac64285,TCP
vocabulary_no_ipa,df778010-9b71-4f43-889c-35fe02308a4d,UDP
vocabulary_no_ipa,9424f185-7eda-48ff-b731-54171e5e4bdb,path MTU discovery
vocabulary_no_ipa,1883ad68-41ca-4920-898f-f549b179f7ac,BGP
vocabulary_no_ipa,28d1f597-0caf-49e9-a1fb-81c8970b8d67,DNS TTL
vocabulary_no_ipa,3e797049-f695-4078-ab60-7c6eb9f8acbb,network segmentation
vocabulary_no_ipa,8ec06fd1-c603-4300-96b9-73ee6d153f74,asymmetric routing
vocabulary_no_ipa,ad6d6327-cb5c-4e03-8d2e-df1aa5e1a4af,control plane
vocabulary_no_ipa,b4847298-0ade-4aae-bf9d-4f424786f66f,data plane
vocabulary_no_ipa,ec6f5aa9-210c-46e1-a9f5-25dc59301fab,route convergence
vocabulary_no_ipa,056c35ab-c88d-4823-9f0d-c2894aaa11ce,authentication
vocabulary_no_ipa,1bf9cca9-25ac-40ec-9702-ff3164176d64,authorization
vocabulary_no_ipa,571d9548-595c-4112-bd2b-dd1287998261,phishing
vocabulary_no_ipa,b7ac93bd-1200-467f-9d7a-bb847a026a48,multi-factor authentication
vocabulary_no_ipa,2b0d70d5-6603-4237-824b-85b193483824,least privilege
vocabulary_no_ipa,392a9b2b-5993-43f9-909e-2ab3f2f9bb8e,password hashing
vocabulary_no_ipa,417cf6ff-85d0-4ac6-adea-bc97c8306bc7,salt
vocabulary_no_ipa,df166c98-0812-431e-b924-6b813d3ebd75,audit log
vocabulary_no_ipa,89979329-32a5-4e3a-a1b9-90ad5207f1ba,threat modeling
vocabulary_no_ipa,058903e4-1a70-4ccb-b920-124e30e97a39,key rotation
vocabulary_no_ipa,15715ed1-7863-445f-884d-8f2da12fa510,defense in depth
vocabulary_no_ipa,66c1c552-ed8d-4863-b5e7-f22f771ddc3a,incident response
vocabulary_no_ipa,16ab58d4-90a9-4dbe-bbfb-9617945e3953,zero trust
vocabulary_no_ipa,f315b29f-a776-4c97-a11c-8c031c8ef271,supply chain security
vocabulary_no_ipa,663dca86-59e2-45e4-828a-cf7cb3ec276e,security control validation
vocabulary_no_ipa,f93eda00-d0db-40c5-83aa-e5bdbf9042ee,residual risk
vocabulary_no_ipa,e3052e14-14a3-4738-b43c-81dab0de5168,version control
vocabulary_no_ipa,7042b2f1-b5c4-48d1-ab67-8391d7c0b909,repository
vocabulary_no_ipa,fd2fdd9a-442f-497f-aa75-1f4206a24be5,commit
vocabulary_no_ipa,5eb15173-f935-429a-a981-35ea4619bec8,build artifact
vocabulary_no_ipa,c06b04de-88ad-4648-a3a6-83cfd94e5322,continuous integration
vocabulary_no_ipa,7db733e8-d460-4ee0-b85c-f026e13160ed,continuous delivery
vocabulary_no_ipa,c12367b8-aa41-463b-87d6-38d4753bd5e9,container image
vocabulary_no_ipa,5617bf79-644f-43fa-8d8f-dde5a6a57d6f,canary deployment
vocabulary_no_ipa,2a2bb973-c845-46d8-b0a0-40cfe308de0c,readiness probe
vocabulary_no_ipa,c00014d7-c1fb-4969-a4c7-4ce98402a167,service level objective
vocabulary_no_ipa,1ed5047a-389d-4070-bf87-3675baa46d64,progressive delivery
vocabulary_no_ipa,6f5bf14f-c720-47ef-a082-a726e1d6f947,configuration drift
vocabulary_no_ipa,423e03a4-7bcf-4d7e-9e83-f63367a6d089,blameless postmortem
vocabulary_no_ipa,454e65c1-5ae9-423d-9f60-db06d2bc4c4e,data pipeline
vocabulary_no_ipa,7d9e5cb2-1a32-4409-8c11-f753209baf78,extract
vocabulary_no_ipa,25b6dced-3019-474c-a385-e3411fe9c713,transform
vocabulary_no_ipa,84d16916-34a6-4ecb-b1b8-2cdbb6b96488,load
vocabulary_no_ipa,284d0163-28c5-4a74-bd84-675b63dc839e,ETL
vocabulary_no_ipa,749f8cce-98b8-4a3c-9776-4ad7a3f7fd61,ELT
vocabulary_no_ipa,ffef669c-0ffc-4b28-ad20-a7c3649fe1e1,batch processing
vocabulary_no_ipa,2789f3d6-586d-48a2-b716-a3f9ec37b314,stream processing
vocabulary_no_ipa,2d2c576b-8e61-4f7b-bb79-857c7b30fadc,checkpointing
vocabulary_no_ipa,bb97f541-3c96-4712-a8bb-d70464dbe0ac,event-time window
vocabulary_no_ipa,fda88539-989e-4b83-9eff-08d99bc1ed51,change data capture
vocabulary_no_ipa,59dc84c4-f41a-4e52-b5aa-f23808777885,schema evolution
vocabulary_no_ipa,32e5a0ef-3d3f-4f07-9120-472ee20df33e,data lineage
vocabulary_no_ipa,7715aa79-237d-4225-9c6e-046360a5b66d,data contract
vocabulary_no_ipa,72220755-85e8-41dd-87c7-515562851c20,backfill
vocabulary_no_ipa,028aafec-e453-444f-962a-907f8c7029c0,exactly-once semantics
vocabulary_no_ipa,bc15e06c-147f-45ac-b1d9-7c694824b4a3,dataset
vocabulary_no_ipa,3529827a-c48a-4929-8039-4203007a31e4,feature
vocabulary_no_ipa,638503a5-26d0-4a38-8403-4364f8931d37,label
vocabulary_no_ipa,adfc76bd-4c92-4f46-9d16-cdcc56e953e8,prediction
vocabulary_no_ipa,6e4dd582-f1eb-4f76-81f9-9892c35ff0cb,training set
vocabulary_no_ipa,c6152efa-b407-4baa-b56b-751acb7fd0c6,validation set
vocabulary_no_ipa,bf57c314-efa7-47a1-b2ce-b868a16caa1c,test set
vocabulary_no_ipa,4030b998-cfbd-4872-b511-88dc54cc7a86,overfitting
vocabulary_no_ipa,f6419ff7-f0d6-4644-ad2f-7fb3db73e35c,data leakage
vocabulary_no_ipa,81934fe9-e1b5-40a7-8382-438361781e39,cross-validation
vocabulary_no_ipa,54c68664-52f6-4280-9d20-58c68f660c0a,precision
vocabulary_no_ipa,65308f97-3a7a-4ae7-88e8-2b0abf3af188,recall
vocabulary_no_ipa,3aa66057-88d0-4fc7-9db7-ad0677419875,concept drift
vocabulary_no_ipa,86277679-d956-45dc-8869-37c78646cc0e,model calibration
vocabulary_no_ipa,72b5b0d2-ae60-4f9b-b666-1bca7912eba7,selection bias
vocabulary_no_ipa,35166fe0-dd08-4940-9603-a0004d181f7e,model governance
vocabulary_no_ipa,b770c820-26a0-42b0-84a1-bd4f21acffaf,Google Cloud project
vocabulary_no_ipa,c856b88e-a351-412f-b6c3-4bbecd30d682,Compute Engine
vocabulary_no_ipa,308e8809-2208-48b8-b758-6a8db03d6eb2,Cloud Storage bucket
vocabulary_no_ipa,f032dc60-d267-4763-bbec-a8eed6897ea1,Google Cloud IAM role
vocabulary_no_ipa,70661ffb-793d-42f3-a753-c08728f16a68,Azure resource group
vocabulary_no_ipa,b1450e9d-c323-4dbc-8c94-1f04d7a3bf22,Azure subscription
vocabulary_no_ipa,d6656b35-4ed9-4ab8-9701-7bf7396d54c4,Azure virtual network
vocabulary_no_ipa,63e37755-7205-42a1-90d7-6a53ee12c2f1,Azure role assignment
vocabulary_no_ipa,2f938827-305e-4199-8852-b0e093dc381c,namespace
vocabulary_no_ipa,444fd0d4-ddd3-4905-8e6e-6e3f38de2218,confidentiality
vocabulary_no_ipa,ce48b282-69ab-4b6a-8e3a-9de4df22d54c,integrity
vocabulary_no_ipa,d445d526-92ed-4130-8bcf-00b585221586,availability
vocabulary_no_ipa,ad943524-0a18-4d6c-9aaf-39add8dc9d18,vulnerability
vocabulary_no_ipa,06fae2d4-c83d-42ce-8386-f3bfcf946345,AWS Lambda function
vocabulary_no_ipa,07a6a48b-6c23-42e0-bcde-9836636cc5fb,Amazon SQS queue
vocabulary_no_ipa,6467c78e-5b5c-4986-9365-906eccd1e1a9,DynamoDB partition key
vocabulary_no_ipa,bcace004-e331-4a36-9565-7ee10b1706c6,AWS X-Ray trace
vocabulary_no_audio,2bea855c-fc23-46c1-85f7-02e4fd13e792,AWS Organizations
vocabulary_no_audio,58c2ec54-3687-4767-9f37-ded83e639ac8,Hello
vocabulary_no_audio,ed69ac6d-c452-45fb-b742-c171bd4e42af,superuser do
vocabulary_no_audio,68cfde0b-db48-4d0c-99ae-dd0a8635bfe4,Cache Array Routing Protocol
vocabulary_no_audio,664970f6-4883-4c2f-8589-50724a71812c,icase
vocabulary_no_audio,494d2b5e-1891-4b39-83e4-1b3789353db6,revision
vocabulary_no_audio,357be4fa-c87b-45e8-b40a-a6b379147f42,autoscaling
vocabulary_no_audio,c7fe59a7-d7f0-43ea-8f5e-34c0f525f569,VPC
vocabulary_no_audio,c2c3c2ea-5d25-4eef-9720-373d346cb0ef,serverless
vocabulary_no_audio,f72747a9-efb4-40fe-917e-4dea7111821c,multitenancy
vocabulary_no_audio,ef7a03b7-555f-4eef-ba90-4d3c0d17b07e,metapackage
vocabulary_no_audio,9996ba64-718e-454f-bbaf-ff935f0eadfb,TLS
vocabulary_no_audio,0a825c63-8dc0-4bb1-aa3e-1e0fdc9f778d,Amazon GuardDuty
vocabulary_no_audio,3818385a-dda1-47d7-9cfc-eb894eefae14,AWS Shield
vocabulary_no_audio,a155e55d-4f87-4d25-8f3a-239ebb979b00,AWS CloudFormation
vocabulary_no_audio,0aa721ca-9c20-48f6-902d-64544fba7267,AWS Region
vocabulary_no_audio,b56066b4-92fc-4122-8da2-50e7dd696767,Availability Zone
vocabulary_no_audio,a1ad8784-d827-47a3-887d-49ad40ca9221,CI/CD
vocabulary_no_audio,0468204b-3912-4ca9-8661-cc182d3c25c6,operator
vocabulary_no_audio,a56b096f-9be1-4f57-87b3-6abb79f04c69,containerization
vocabulary_no_audio,9f85539e-940b-4eca-a8cc-26a0d4ff30e3,blue-green deployment
vocabulary_no_audio,5acb6e88-ecb7-455a-8b16-e27d1a834058,canary release
vocabulary_no_audio,1e8ef93f-931d-46f8-8739-d9b8782f3e51,Amazon S3
vocabulary_no_audio,cc72b4dd-791e-4717-a37d-fdd1a5dd4440,multi-factor authentication
vocabulary_no_audio,37496489-fb15-40ed-bd0a-0d10f69716b9,Amazon EC2
vocabulary_no_audio,e3a692f3-454d-489c-86c0-79b484c98565,AWS Lambda
vocabulary_no_audio,38539a68-f916-4840-883a-9f2d087d4679,elasticity
vocabulary_no_audio,071be7e5-e4e0-436b-9ebc-d6b972fe39db,high availability
vocabulary_no_audio,f21fb898-f0a5-4cb1-9f6b-a1c016dd5936,agility
vocabulary_no_audio,164120fb-899f-400e-98e8-f32a2400c9a7,AWS Well-Architected Framework
vocabulary_no_audio,024c8f9a-5515-415f-86a6-0ab78f70d8b7,AWS Cloud Adoption Framework
vocabulary_no_audio,1702aa6b-f61a-4246-a833-8131c3fb43ff,migration
vocabulary_no_audio,4df3051c-aeaa-4b9c-b6dc-8b2fd6ab3583,economies of scale
vocabulary_no_audio,da64e7b8-1254-43f1-9b7b-09bc290b92e0,rightsizing
vocabulary_no_audio,605c4d93-6816-4548-9e2f-1b4622f08fb3,destination
vocabulary_no_audio,b39142a9-852a-4d4d-8a73-d24e1f94d74f,shared responsibility model
vocabulary_no_audio,c6e689f8-9355-431d-ac64-a14b0ad8af68,AWS Artifact
vocabulary_no_audio,27e5b779-5cb1-464b-be9b-07524af76923,AWS CloudTrail
vocabulary_no_audio,76491d5f-3fdf-4e49-845b-98ffd0bbc8da,AWS Config
vocabulary_no_audio,147fe4e1-bd6c-4ca1-afb8-cecafa7dd6fc,AWS Identity and Access Management
vocabulary_no_audio,d52b6808-c72e-4848-afcb-d594ff068905,least privilege
vocabulary_no_audio,627c0dd6-2cbc-49e3-8c2b-bf946f377c7c,Amazon RDS
vocabulary_no_audio,dce204df-36e3-44cb-982e-436ee81ea4d8,Amazon DynamoDB
vocabulary_no_audio,85a5e80a-f50e-466b-b865-b0c24b0be3d9,Amazon VPC
vocabulary_no_audio,94dacfce-2dd7-495e-aa50-d6d849019214,Amazon Route 53
vocabulary_no_audio,933c566e-072e-447a-9531-aa4c8ad0c53e,Amazon EBS
vocabulary_no_audio,fb661289-a074-4bab-819b-afd3feeaaa75,Amazon SageMaker AI
vocabulary_no_audio,01dffcf3-41d5-488b-ae81-7a42b797a4dc,Amazon Kinesis
vocabulary_no_audio,80504573-42c5-4471-8287-355d91f186ec,Amazon CloudWatch
vocabulary_no_audio,9cb37942-194e-4cb4-a628-03bdf1ba79b5,On-Demand pricing
vocabulary_no_audio,8f707c02-e788-4885-bba2-3cfd0ce77d3c,Savings Plans
vocabulary_no_audio,084a5029-32da-432b-b99d-869fac35f1d3,AWS Cost Explorer
vocabulary_no_audio,cb3fe557-59bf-4fce-9047-5de818e42a44,AWS Budgets
vocabulary_no_audio,c24b8bab-9ac0-46b2-994e-b89cc305d5be,AWS Support
vocabulary_no_audio,5e23541b-4bb9-47e4-996d-ac0fd5ea8a63,AWS re:Post
vocabulary_no_audio,72b36b2c-f843-4b62-8680-114e3f0274c1,BiDi
vocabulary_no_audio,90d78f6b-c1f6-45cb-98ea-a7bcca57161a,observability
vocabulary_no_audio,12878790-1348-4f3f-b4d8-f122ba10ac08,Control flow
vocabulary_no_audio,5138c580-94a1-43bf-895c-a70af9f0a56d,Flex item
vocabulary_no_audio,5b51e5d5-cb39-4f0f-a0ae-12dc00b91297,microservice
vocabulary_no_audio,dccae24b-4482-453d-8e41-af86b3de7c7f,rate limiting
vocabulary_no_audio,8b5b162d-50cd-4464-acc7-ff2428e8a35d,OpenSSL
vocabulary_no_audio,4c8230e3-c161-41d1-9548-04024ef45a36,webhook
vocabulary_no_audio,c35b1cd7-dceb-497e-930c-b5c1b19b8e23,eventual consistency
vocabulary_no_audio,92023eb4-076c-4c72-8297-6e6b0f2a1086,bio
vocabulary_no_audio,e03988c6-12c3-48da-b965-c7ff813d2c32,commit
vocabulary_no_audio,631ba01c-21db-467e-9c7d-b16dbf7bb3ba,technical debt
vocabulary_no_audio,6b0385e4-1ae3-49b4-a7d6-39fd55818486,debouncing
vocabulary_no_audio,1f44f4da-7615-465f-afb1-337eb6c8f9b6,zero-trust
vocabulary_no_audio,dd5f5718-5676-4fc7-b1b1-53f751b0e061,DDoS
vocabulary_no_audio,c9c928cd-c5ff-47e6-8c34-78bbcf6f8883,penetration testing
vocabulary_no_audio,f1e31112-72ca-4ed3-9432-bb78d6541b12,Meteorological Aerodrome Report
vocabulary_no_audio,e3b6a055-b109-41b7-adc0-078770dbe39a,Pixel
vocabulary_no_audio,a9f093d7-a2fa-4fe3-ad7b-175c48c67a2c,OAuth2
vocabulary_no_audio,6370d3c7-f3d0-4766-adfc-d3f528534517,microservices
vocabulary_no_audio,2e16497b-aced-4071-b24f-2e5564b699ac,Boolean
vocabulary_no_audio,ced2455b-4222-4378-a625-2882676a8f4e,supply chain attack
vocabulary_no_audio,16461988-8bab-44e6-a97e-738b87940137,GB
vocabulary_no_audio,105051df-1ea2-43c2-ad34-3c86a4a96ba2,Log files
vocabulary_no_audio,73204f72-29bf-454c-90c5-f0dc444e8900,queue
vocabulary_no_audio,28b40c52-97c7-431b-9b11-709f1560d34d,Items dataset
vocabulary_no_audio,f2b243b5-0993-495a-a412-7f5cde2dc605,AWS managed key
vocabulary_no_audio,4adf2d1e-f231-435e-8052-455d7a45d1d4,Ajax
vocabulary_no_audio,80495a6f-2320-4b47-a794-b1874250ce30,ALPN
vocabulary_no_audio,ecf278ea-fa2f-475a-921c-adf7d699af46,UUID
vocabulary_no_audio,63f078ab-b0e6-40ab-a1b0-17cca17190a2,access policy language
vocabulary_no_audio,a1083e60-55ff-4171-97f2-3ff227c75a2e,ARPA
vocabulary_no_audio,7c1d287a-d5ee-4ea0-a053-7c39dfb91094,Regular expression
vocabulary_no_audio,3dc3e12d-2da4-4de4-83b9-8fbb7dd1d018,Relying party
vocabulary_no_audio,009e276c-ca3b-4619-8a66-28680b30763f,SEO
vocabulary_no_audio,70ad73fc-3ad5-40d9-9331-45d495d2d54a,Boolean attribute (ARIA)
vocabulary_no_audio,00134ead-76c8-4120-bdca-86eb757e707c,AWS CodeDeploy agent
vocabulary_no_audio,f3966f27-814a-4e2e-9311-6c61ca2f1b92,sharding
vocabulary_no_audio,738d12ac-4d6a-4144-b6d7-30f67eb27bec,Power 9
vocabulary_no_audio,47b6c7dd-1975-4b6d-9c5c-a09ab5762975,Shell
vocabulary_no_audio,f7dc1004-3ab6-4e73-8d45-90e48079a266,PowerShell
vocabulary_no_audio,d79be145-dfe2-4257-b85d-e39b38a2d6d3,Personal Package Archive
vocabulary_no_audio,cea61f6a-2b49-400d-ba0f-e0db19756afb,PowerPC
vocabulary_no_audio,12a9fbdc-0661-486b-be0f-bac33f9a63ff,PostScript Printer Description
vocabulary_no_audio,dc4333dd-3142-4ca7-8dac-d0e897c064f5,Shared Memory
vocabulary_no_audio,1fee0243-5924-4e36-8e6e-db7d172da7c7,Shoreline Firewall
vocabulary_no_audio,a8319b73-6250-45b4-8a18-b339de989dc0,Corretto
vocabulary_no_audio,63fa701e-8c07-42cc-992e-8ab85ac46239,Render-blocking
vocabulary_no_audio,179d466d-8f4a-4746-a782-447a3a8b6425,Repaint
vocabulary_no_audio,93b96dde-2a76-4bf3-affa-c8911794caab,mount points
vocabulary_no_audio,cb008154-b510-4138-969a-d9f84bf33c29,MAC address
vocabulary_no_audio,ff18d6f4-4ac6-462c-9586-c3c737c65606,Simple Network Management Protocol
vocabulary_no_audio,9fba529a-9bb3-44cd-8435-4d187ab2859a,Start of Authority
vocabulary_no_audio,6bae4013-8276-4589-b1f2-9c1839797cab,Solaris
vocabulary_no_audio,1f556ea7-f9df-41c3-a213-ea8687af3c0c,Descriptor (CSS)
vocabulary_no_audio,fd9e37b2-1ad8-47cb-837c-210b1960a6af,microVMs
vocabulary_no_audio,c0e90118-30cb-4d91-bd2c-8e5c198d6512,Application context
vocabulary_no_audio,671003fd-e37b-440c-93bf-d868faca4348,API
vocabulary_no_audio,5bd751d7-194e-4516-80f3-db9839e85be5,ARIA
vocabulary_no_audio,6f3ce69a-1786-44f7-909f-fe913b541d1b,Polymorphism
vocabulary_no_audio,5d1e7a05-8e2b-480c-8e02-2d30df55c8cf,ASCII
vocabulary_no_audio,71e4fab4-0890-4728-adc9-45e92eea38ab,ATAG
vocabulary_no_audio,9d93364d-9c9b-41be-b9c5-d045148eccf1,Abstraction
vocabulary_no_audio,1fc7001f-97d7-4590-8b5e-c9edf1afcbec,Accent
vocabulary_no_audio,705e26cd-765d-4b68-9c5b-2a66b2a2cda3,Accessibility
vocabulary_no_audio,c41196ad-7ee4-4001-926c-2fdf128d0283,Accessibility tree
vocabulary_no_audio,1a8ab1ee-9612-4130-94ec-af3a12e7879a,queue URL
vocabulary_no_audio,3b8ed42f-499c-4912-8b4c-1e7d028903bc,Apple Safari
vocabulary_no_audio,d31648aa-dc70-4df7-966c-971f7bde5f3a,Accessible description
vocabulary_no_audio,f18893eb-2199-461a-b966-6945c64ae8f5,Accessible name
vocabulary_no_audio,b9478f28-6aba-48c8-acc5-e27d32e1400b,Adobe Flash
vocabulary_no_audio,1ad51d96-8269-4490-869a-ed4ee3ad2ae9,Cipher suite
vocabulary_no_audio,e5f600b9-ec7d-4cbe-b8cb-c0e072583204,Advance measure
vocabulary_no_audio,01b1eb10-75bc-4035-ae96-edff2aaf053f,Algorithm
vocabulary_no_audio,38e679ee-4803-40e2-8ff0-2ca41f758c23,Alignment container
vocabulary_no_audio,ea13c4bc-cb75-4c3a-8e99-e02f2cf5976a,Alignment subject
vocabulary_no_audio,c1ebf1b2-b547-46a2-8312-81d5f303fc13,Alpha (alpha channel)
vocabulary_no_audio,7d0902ca-2091-40a9-89ae-a8c1d3ecca79,Chip Card Interface Device
vocabulary_no_audio,85e5f83f-0069-44f8-bd8c-60d94fcce6cd,Argument
vocabulary_no_audio,cd115706-f8b5-4520-8190-87cfc7762a28,ARPANET
vocabulary_no_audio,e4c09f1b-6e36-4396-8ae6-715f470ecb10,Cipher
vocabulary_no_audio,800d3def-4bb4-4dd0-bcfd-b550e5a8905d,Array
vocabulary_no_audio,9ad7518b-92fa-487b-85de-9830e218115c,Aspect ratio
vocabulary_no_audio,c5862dda-d844-4e0a-826a-77cb9150833c,Asynchronous
vocabulary_no_audio,8fbdbdf5-c5d3-4aa2-bc06-0b2d19b0f541,Attribute
vocabulary_no_audio,b70380fd-d3df-4d76-a198-01ccb11f26e2,Authentication
vocabulary_no_audio,697feec3-32af-4fab-9be6-b0a6bd09eb30,Authenticator
vocabulary_no_audio,16b4a176-282a-4153-8abd-e0f50b29d831,Command Descriptor Block
vocabulary_no_audio,612525bf-39a7-4a2e-885f-024d7e47f885,suggester
vocabulary_no_audio,db560513-6f7d-49cc-b2d4-5d31ad015780,BCP 47 language tag
vocabulary_no_audio,90840c6a-9c9a-4d45-9db9-c5a449e69fff,Message of the Day
vocabulary_no_audio,cbe2fb5f-2a5a-406e-b6d0-79bfb39e3cb4,Bandwidth
vocabulary_no_audio,e8c60297-21f9-404f-b506-bb6664cd689b,Base64
vocabulary_no_audio,516c48b6-043b-4b3d-a4a5-c0e6c1424aab,Baseline
vocabulary_no_audio,fe871cc1-fef8-42f0-9000-574b9856b095,CORS
vocabulary_no_audio,16eeeec6-8550-4b48-bc85-225e17fcd9c9,Baseline (compatibility)
vocabulary_no_audio,f33affe4-9b15-4553-a01f-c94cae8100f7,Baseline (typography)
vocabulary_no_audio,a7b63dc9-99a2-45e5-85e3-83cf9ae45a1a,Beacon
vocabulary_no_audio,3b3bba3d-5e78-47ca-8a22-fdc7aec04dc0,Bézier curve
vocabulary_no_audio,2af74152-59ec-4984-98ca-11b8aeaf1476,Mobile SDK for Unity
vocabulary_no_audio,58b12ee6-4f0f-41ee-bc4b-7473fd840fed,BigInt
vocabulary_no_audio,a2a18a75-73bc-403d-9ed9-91c14b8b5412,Binding
vocabulary_no_audio,ef7fe31d-7c21-42da-a3c2-28d744bca2a1,SMPTE (Society of Motion Picture and Television Engineers)
vocabulary_no_audio,4baab4c1-396b-454c-9962-f835831e0869,Bitwise flags
vocabulary_no_audio,cfdf064c-b11f-45d7-933a-6a6907871b95,CORS-safelisted request header
vocabulary_no_audio,6d26a96d-cc6e-45a8-98a8-38c1a4b78d94,Blink
vocabulary_no_audio,cd513bab-76f1-490a-bafb-057da45d671d,Block-level content
vocabulary_no_audio,08a6b65c-4974-46c9-8142-55301d7ace0d,Browser
vocabulary_no_audio,cfd81ba2-e08c-4b86-a229-9648f49095de,colocation
vocabulary_no_audio,7942e063-acb9-4c3e-88fa-83e9fd826b33,Browsing context
vocabulary_no_audio,841d57b5-a10d-4a37-bba3-0aacd01674ac,Block (CSS)
vocabulary_no_audio,c690c23e-9ccf-4860-bc13-b2ccf2567d95,Block (scripting)
vocabulary_no_audio,69c956f7-ea1d-4d57-8ff9-b30222037cf3,Block cipher mode of operation
vocabulary_no_audio,3051d5aa-07d7-4a22-aeef-e06cce3eaec9,SMTP
vocabulary_no_audio,f825b2d2-a6f3-43b3-bcae-d50d5b43675e,Boolean attribute (HTML)
vocabulary_no_audio,ecf7f294-67da-478b-b3b3-255a92eb5c27,Boolean (JavaScript)
vocabulary_no_audio,a0e2b9b7-f27f-4004-931d-924b5149242e,Bounding box
vocabulary_no_audio,0836ef7f-ee03-4e9e-adfe-e07faf94eb91,Breadcrumb
vocabulary_no_audio,1c4c34b8-e7e4-4656-bc1e-f647a0361207,Brotli compression
vocabulary_no_audio,821ba9fd-5e21-4762-90d1-b0eec209a0de,conffile
vocabulary_no_audio,c53add11-ad90-4bcb-b48a-5acb06d7213e,Buffer
vocabulary_no_audio,17f0280e-b8a9-4478-8fed-d1e67759be80,Bun
vocabulary_no_audio,22969c46-1e14-4063-a350-7143dbd38835,CDN
vocabulary_no_audio,80b21f59-484f-4b3b-b16a-8ff0ff8387dc,highlights
vocabulary_no_audio,8533966e-dcf4-42d7-a72b-4713f34f67b7,CIA
vocabulary_no_audio,c159beef-27b5-4385-8601-a7a15e22f8de,SOAP
vocabulary_no_audio,36698930-25bc-4e50-8a81-2da878e3760c,Cumulative Layout Shift (CLS)
vocabulary_no_audio,c56dc569-ba53-48c2-a268-0b3d8f6ae338,CMS
vocabulary_no_audio,3b7aa951-cd06-4a1e-ac06-705210927abe,CORS-safelisted response header
vocabulary_no_audio,a9bf4366-d438-4d32-b8fe-9cf966af935b,CRLF
vocabulary_no_audio,21d3ed51-da20-4a9b-8207-2519fe22496d,Cacheable
vocabulary_no_audio,49b424b3-e6e8-4779-9713-47891dd6a3dd,config
vocabulary_no_audio,ee67387a-ad4a-4569-b593-c7e178dd321c,CalDAV
vocabulary_no_audio,3685cc9a-58e2-4e7e-b89c-ae5c83b822ab,CRUD
vocabulary_no_audio,f5fd2df8-d0c3-45da-863b-92446b855df2,CSP
vocabulary_no_audio,01f49106-6156-4e71-a2f7-c47f0eedb7f9,Client-side rendering (CSR)
vocabulary_no_audio,daa51099-0a7f-4803-a7e4-0094c0358030,asynchronous bounce
vocabulary_no_audio,c42b664a-466e-4500-9517-dd94d2b34afd,bind
vocabulary_no_audio,826d8d38-f2d7-4177-ac17-894ca780afaa,Cross-site request forgery (CSRF)
vocabulary_no_audio,d2db54ea-bc27-4b0b-8327-5f5bfbc6f3ca,CSS
vocabulary_no_audio,0ee873ee-a72b-4c45-9a0e-cf55f819b8f0,CSS Object Model (CSSOM)
vocabulary_no_audio,3a496e99-a58e-4d20-be4a-7c13beeba48b,Selector (CSS)
vocabulary_no_audio,65fb3870-cbf5-46a3-91a4-dd9e2c9df612,CSS pixel
vocabulary_no_audio,66dc11b2-88e7-45d9-9601-d6ab15f3f9be,CSS preprocessor
vocabulary_no_audio,f8cc4d1d-af5f-4ded-8e3c-f90c0bce7f1b,Maximum Transmission Unit
vocabulary_no_audio,7c67d97d-8ea4-4b23-94a1-963aea117980,Call stack
vocabulary_no_audio,4948a27d-02df-4510-9734-fc55ff1a3ea0,Callback function
vocabulary_no_audio,4c5fd70d-b09c-409d-9482-e0cfc9f539ef,Camel case
vocabulary_no_audio,68af7b01-92db-4c7a-92af-3f32466bb527,PostgreSQL
vocabulary_no_audio,fde2647b-231e-4ce8-be20-bec88fc12aeb,Enumerated
vocabulary_no_audio,b976be99-3374-4f3f-9a7b-41fa41158ab5,Canonical order
vocabulary_no_audio,28ccf433-3643-4a12-a3fd-65c2d7a0797c,Canvas
vocabulary_no_audio,b42a45a4-5089-435e-a42a-5353ebf11d66,CardDAV
vocabulary_no_audio,8afe6b5e-6b9c-4364-87ac-baf4bf455d50,Chrome
vocabulary_no_audio,eacc15ba-cd0d-412f-a028-909bdfba5712,Card sorting
vocabulary_no_audio,747ee01a-07aa-4d6a-a60a-7dfcaf68c627,Caret
vocabulary_no_audio,cbeb6d51-74c7-4e4f-9cd6-c80698a43506,Certificate authority
vocabulary_no_audio,68cb6ec5-d799-48a5-9e92-0ac52897d5f2,connectionless
vocabulary_no_audio,56ee5abe-3511-4608-9aba-e6daff933178,Certified
vocabulary_no_audio,85461365-fc5f-4bdd-9824-1e9b44b32f0c,Challenge-response authentication
vocabulary_no_audio,bb209cfb-7883-491a-8e62-9965fbd3a283,Certificate Revocation List
vocabulary_no_audio,c9c9dc37-31da-41fc-baa3-44940a21b712,Character
vocabulary_no_audio,671676a5-af06-4423-b07a-4df155d38a1d,cache cluster identifier
vocabulary_no_audio,7cd82794-9b72-4d58-a4ba-2033cde98309,Character encoding
vocabulary_no_audio,366227fb-6efe-4a80-ba34-d9096606db40,Character reference
vocabulary_no_audio,279987ed-0c65-4554-9367-82a0a7b89471,Character set
vocabulary_no_audio,6ef8b679-429d-4652-a0b6-cf800593a4cb,Cartesian product
vocabulary_no_audio,fc352a83-fe0f-4fdd-b780-bc983a61fced,DSL
vocabulary_no_audio,1b795643-95af-4fe2-8a50-02275511c128,Ciphertext
vocabulary_no_audio,75893d06-e1bf-45ec-9755-c30e2f6c8b45,Class
vocabulary_no_audio,7b4f222c-08ff-47b4-983e-0d0327bc330f,containerization
vocabulary_no_audio,909bbe5a-a69d-4e23-914b-fad1a7fea9fc,Closure
vocabulary_no_audio,f17d8be0-ccf0-4655-b48b-d4080f3a9120,Cloud
vocabulary_no_audio,feea0b3d-0b64-43a6-a81e-9c84225221fa,Cloud computing
vocabulary_no_audio,350148d4-9f99-481c-bf8f-ee9687081263,SPA (Single-page application)
vocabulary_no_audio,f9284489-d5da-4d8d-bc5d-ae270720ab85,Code point
vocabulary_no_audio,d2395f38-f53b-443b-8ae3-5c0c26c995a3,Code splitting
vocabulary_no_audio,9f2d2673-3db8-441b-bfbf-8cbff305cd1d,Code unit
vocabulary_no_audio,c89b832a-b950-41d8-803f-bf70a676442a,cache parameter group
vocabulary_no_audio,9cdd80a0-01dc-4079-a5bc-6c742a6d4495,Codec
vocabulary_no_audio,bdd14eeb-cf85-4f21-a337-dd317527762d,Color space
vocabulary_no_audio,a2ace871-a955-4738-9572-c0c8ce0c5273,Color wheel
vocabulary_no_audio,6e6ba8da-f847-4970-84bc-922aa5014999,Compile
vocabulary_no_audio,3dfa4611-5415-42c4-8948-2b3d12b42bb9,Compile time
vocabulary_no_audio,257519e1-d1e3-4139-8d42-f131d3f14c55,Composite operation
vocabulary_no_audio,a0f5ac3b-5b98-4217-80ea-6f2ba4370a78,Compression Dictionary Transport
vocabulary_no_audio,f40e2cbd-ee67-4e1d-be44-988fb053fbc3,Computer programming
vocabulary_no_audio,b46628e0-08fe-4016-bfc9-e7df46dc71b8,Conditional
vocabulary_no_audio,bba1bf45-2a42-460c-9905-90c93ed23c30,Constant
vocabulary_no_audio,78c53a34-6728-4d8b-b19d-4bca0c4e7abf,Constructor
vocabulary_no_audio,d853b9b1-5572-44f7-af61-9f97f56ee03d,WebM
vocabulary_no_audio,f9254c74-85e3-4a7f-a4e4-9948c84c0714,Content header
vocabulary_no_audio,44e7127d-0da5-47b4-8ba6-0fc89607b3b4,Contentful paint
vocabulary_no_audio,2a6112ad-8c0d-4950-8569-0204c3cf2ccc,Continuous media
vocabulary_no_audio,52f52604-b35a-4ecd-b5e6-467153051412,Cookie
vocabulary_no_audio,894faab0-c5a9-4cf1-a363-efe34c47313b,Copyleft
vocabulary_no_audio,c8b30ac9-7d07-4f06-bb74-eced87bdc07a,Crawler
vocabulary_no_audio,d5292b61-3c76-4837-b43b-2a47b26c50ad,Credential
vocabulary_no_audio,2dea2760-439b-4f7d-a664-5423990fd7d4,Multiview
vocabulary_no_audio,9668a6c6-e893-4eb5-9670-92976fe76bf9,Cross-site scripting (XSS)
vocabulary_no_audio,94d40edf-657c-40ae-8460-93d04a7a19b8,Cross Axis
vocabulary_no_audio,e2f6e90c-4f5e-4245-af45-bd5456ffc55b,Cryptanalysis
vocabulary_no_audio,ed542b55-4760-4fdd-9d9c-f297b56b5d14,Cryptography
vocabulary_no_audio,d3f03ed4-dd89-4874-b228-36eaec6d9626,DMZ
vocabulary_no_audio,554bba84-ecce-485f-a822-e2cacd28f5bb,Central Processing Unit
vocabulary_no_audio,e068c0f9-85b0-4aa6-acd1-df51f5d3c01b,DNS
vocabulary_no_audio,e967f8b8-2ee5-422e-9d8c-2e2581883c16,DNS over HTTPS (DoH)
vocabulary_no_audio,4603e539-55bd-4141-9bf4-2b56fb1d8d92,SQL
vocabulary_no_audio,8c3fe8df-bb79-48cf-948e-8236020e5738,DOM (Document Object Model)
vocabulary_no_audio,1404240a-82f2-4dfd-8fe8-740d3349e388,DSL (Digital Subscriber Line)
vocabulary_no_audio,d916911e-60d0-4d27-8576-571e10a79776,DSL (Domain-Specific Language)
vocabulary_no_audio,0130d6ce-71ee-45b9-9a6c-34dbafdc0dee,WebP
vocabulary_no_audio,dd473a9a-0d5f-4354-b0e3-053781cbd71f,DTLS (Datagram Transport Layer Security)
vocabulary_no_audio,ec4b9b4d-a0dd-434b-9d2e-766ba1cb8421,DTMF (Dual-Tone Multi-Frequency signaling)
vocabulary_no_audio,f8efde16-986b-4acf-a000-528238e63bcb,Data structure
vocabulary_no_audio,4664f8cd-4ba5-440e-bd51-df82411c6890,Database
vocabulary_no_audio,69a569b4-08f6-41ea-9924-3e625b0e3d29,Site map
vocabulary_no_audio,af99825f-6d2a-4cd6-8c36-b11bab43f2d9,Debounce
vocabulary_no_audio,342c0788-feef-4592-a8f1-38186cc357cb,Decryption
vocabulary_no_audio,bab9322f-3316-4cc2-b860-2514ede8b877,Deep copy
vocabulary_no_audio,54f00280-4cb2-464e-a3cf-c7db063504cc,Deep equality
vocabulary_no_audio,7ad77bef-8fc2-4c14-a23d-02a93ea7113f,Delta
vocabulary_no_audio,d49b425f-4d33-459a-918c-167420416c82,Denial of Service (DoS)
vocabulary_no_audio,0fd5f898-1f75-4c19-8f64-b51c9498ab78,Deno
vocabulary_no_audio,7d2a64ed-41f2-44da-860d-b86c793e2747,Deserialization
vocabulary_no_audio,5a42f823-e6e2-4bbc-b1c5-d045a3c01f8f,Developer tools
vocabulary_no_audio,58e4a41a-78e7-474f-814a-dcd06e3b57cf,Device pixel
vocabulary_no_audio,b742529e-bf8a-4a72-8819-909b76279978,Digital certificate
vocabulary_no_audio,f736d608-e114-4fd6-a2b3-dba233117bfd,Digital signature
vocabulary_no_audio,81942469-2f66-4155-beed-c0fe552acbab,Distributed Denial of Service (DDoS)
vocabulary_no_audio,d2a13b1b-e6c3-4fa6-947a-2137d9d86c9f,PostScript
vocabulary_no_audio,f05222d9-39ac-437e-9d9b-72dae24a4d28,SQL injection
vocabulary_no_audio,a21ca0a7-b165-44ab-b251-ae2235af1fa9,Doctype
vocabulary_no_audio,db8c6e81-2150-460d-a604-85d03a87e65e,Document directive
vocabulary_no_audio,674518ad-083d-41eb-b1a3-98e80ff5e9b1,Document environment
vocabulary_no_audio,172134a8-e09a-4d2d-bd2a-943f458e7ade,Domain
vocabulary_no_audio,98cbfe7e-d247-4ad4-bb38-ecb364fbeded,Domain name
vocabulary_no_audio,a092225d-ad6d-4943-ae01-9d237901eb63,Domain sharding
vocabulary_no_audio,0aa63822-9108-4ddd-80e2-b958182add84,Dominator
vocabulary_no_audio,aeb8aa28-fab5-49bd-be41-60c5a82e13e8,Dynamic typing
vocabulary_no_audio,876dcbb1-8dd3-4004-a168-ca5c5337819d,ECMA
vocabulary_no_audio,c54e0930-9e70-4f8a-b4d6-5014cdc36ccf,ECMAScript
vocabulary_no_audio,1d566bdb-a405-4453-8439-1b971af74690,Mobile SDK for Xamarin
vocabulary_no_audio,418f68a3-41ba-49da-8ca2-3095bab6ad0b,EXIF
vocabulary_no_audio,cf8158ba-7f60-4179-9e90-4ce6a52be9d5,Effective connection type
vocabulary_no_audio,4144e838-3256-4a78-bf20-d54ca6ea772e,Element
vocabulary_no_audio,9912dee6-73ee-4ab0-a423-dd0a8a28879a,Encapsulation
vocabulary_no_audio,99f87750-b40e-476f-83bb-604e96a162e2,Encryption
vocabulary_no_audio,383b1047-6d7f-4222-85cf-b9870e8d4388,Endianness
vocabulary_no_audio,54d9800f-fc7b-40fe-a8a9-b79e0d76caf2,Engine
vocabulary_no_audio,91bc5d09-459f-49f9-9bb2-a76688e79d14,JavaScript engine
vocabulary_no_audio,b594c610-606e-4867-b172-3ad9f5a2266d,Rendering engine
vocabulary_no_audio,d3077443-c165-4bef-9831-3b9a94ca6c30,Entity
vocabulary_no_audio,6aa3c57d-8d05-4987-8d45-1d2c66833474,Carrier-Grade Network Address Translation
vocabulary_no_audio,34c2c1df-33ad-4027-a5c8-643b1ddc7713,Entity header
vocabulary_no_audio,5352d3e0-4715-498b-8b17-6f56c90f6803,Escape character
vocabulary_no_audio,6d1cd719-4b55-4c17-aa0d-2a06d8cc3790,Event
vocabulary_no_audio,794cc969-ddd0-48d6-9f83-e953673255b8,Exception
vocabulary_no_audio,22716592-a5c9-4b4a-902e-0a575b3c1787,Expando
vocabulary_no_audio,aa7dd86b-2f68-4855-8255-b54e5cce72d8,Extrinsic size
vocabulary_no_audio,a632e2b9-03f4-4c7e-9c34-62e4f24f4084,Frame rate (FPS)
vocabulary_no_audio,d1b35fcb-06e7-477e-918b-f9aec15a145e,FTP
vocabulary_no_audio,b6c6e4ae-d617-4f6a-ac08-ec7a8d5be7c5,FTU
vocabulary_no_audio,53f0cae0-03be-4d18-acca-fdff6817a934,Fallback alignment
vocabulary_no_audio,cd8552e3-7894-4402-a138-7ccb01eaab36,Falsy
vocabulary_no_audio,37827bff-4bc7-4d36-a9a6-e069f28a2814,DB parameter group
vocabulary_no_audio,e9bfc7df-560e-4ed8-9f68-a59120c3145c,Favicon
vocabulary_no_audio,9e1df406-4df8-4c3e-b3ee-e7e5bf8683ed,Fragmentainer
vocabulary_no_audio,9ec66abd-e110-4bae-af6c-fcae74d2cdf4,Glyph
vocabulary_no_audio,50505917-41b2-49c5-80ef-8b92c888cc04,Federated identity
vocabulary_no_audio,16311a73-03df-48c1-8bd0-8d3fd7169906,Fetch directive
vocabulary_no_audio,25c6e6d3-8022-4721-8e0a-e61365607537,Grid areas
vocabulary_no_audio,b4df7a79-d27d-4377-865d-fd0425f57ed1,Fetch metadata request header
vocabulary_no_audio,6643750c-25fc-47d2-8b0f-e03134476f21,Fingerprinting
vocabulary_no_audio,de9baa89-f590-4bee-8a68-58f1e9c2228b,Firefox OS
vocabulary_no_audio,88ded451-5819-4646-a7f6-4c5d09b293d9,Firewall
vocabulary_no_audio,e9f5852c-63da-4e4b-a3e4-6d92224ab7d3,Flex container
vocabulary_no_audio,9ab1c6a1-c2d9-4f08-9c2c-d5f4e8824e41,First-class function
vocabulary_no_audio,2e3d6c7a-bec8-4ff6-9090-bf12b301a2ec,First CPU idle
vocabulary_no_audio,17d626c1-b2f0-49f9-86fe-2714d4e488fd,receiver
vocabulary_no_audio,12bd4ab0-d7db-4433-85de-f891b0ec1a30,First Contentful Paint (FCP)
vocabulary_no_audio,5cc35bed-ea6f-4286-9cda-59e618afdff9,Global object
vocabulary_no_audio,81839b28-8615-4dbb-8215-e2ecdf9f5fe1,First Input Delay (FID)
vocabulary_no_audio,19f5ab61-c521-4893-b4db-0871bb79c13a,First Meaningful Paint (FMP)
vocabulary_no_audio,d5df25a5-6d09-4ace-8b48-72c6a8a77b3e,First Paint (FP)
vocabulary_no_audio,61dde6d0-048e-40e0-9613-ebea519273fd,Flex
vocabulary_no_audio,1b3921bd-4430-442c-92f7-760f0d92c4a2,Gecko
vocabulary_no_audio,9ab69a5e-961f-471f-9ee6-614865a8616b,Flexbox
vocabulary_no_audio,33a5c6be-8f7a-4ab7-81d8-37c7dc286f1e,Flow relative values
vocabulary_no_audio,c03e570f-5a67-44c3-912a-e66bf8dd7881,Forbidden request header
vocabulary_no_audio,2f23fee5-7b8c-4ef7-ba20-4678f7174d82,Forbidden response header name
vocabulary_no_audio,55114cd4-322d-42c4-833f-bdc69acfc23f,Function
vocabulary_no_audio,a7ac9654-29bd-4d38-9daa-8b1846658a77,Fuzz testing
vocabulary_no_audio,af34d440-8279-41b7-b02a-07e298889653,GIF
vocabulary_no_audio,65c13a02-18ef-4463-ace9-bf1cb63a2ea1,GPL
vocabulary_no_audio,1b693d30-34f6-4780-94cc-a6e72a304b49,GPU
vocabulary_no_audio,e3b3a349-7ecc-46b6-b567-de72c1e95ecf,Gamut
vocabulary_no_audio,0d8e1675-9207-4637-b422-7e3a0c9fd4ad,Garbage collection
vocabulary_no_audio,eaee4d58-1a79-41f9-a459-3c9f385519f5,General header
vocabulary_no_audio,de499f4d-5128-489f-8393-e2779f89603c,Global scope
vocabulary_no_audio,c52c8f98-8dab-41d5-9267-34d3b480f61c,Global variable
vocabulary_no_audio,509c97a0-2cd8-402a-96b8-48b2d0e706b1,Google Chrome
vocabulary_no_audio,b636892d-b699-41c5-b504-b8160beb1d21,Graceful degradation
vocabulary_no_audio,ad8efe28-3a00-405c-9310-bf8d2a7fe69f,Grid
vocabulary_no_audio,a0bfa3b7-92eb-4b71-b4ee-5516dba127b7,Grid Axis
vocabulary_no_audio,47bee3f5-9384-4dd9-882b-72f21addd5d8,Grid Cell
vocabulary_no_audio,4d8107a0-24d1-40de-bade-17f812444eaf,Grid Column
vocabulary_no_audio,3bfb9712-ec45-499d-9500-a7b7cc52020d,Grid container
vocabulary_no_audio,0a5f3e07-21b9-43d4-93bd-677d9d3cbcb7,Grid lines
vocabulary_no_audio,33ad9d97-1bdf-402f-b924-eb534a56d14c,Grid Row
vocabulary_no_audio,e23e48c4-5b68-4e57-93a9-78a1c03126f8,Grid Tracks
vocabulary_no_audio,32eda34f-9777-4ffe-977d-d0cb146a8a0d,Gutters
vocabulary_no_audio,39602b37-cc2a-4aeb-a8c5-063f34e68b9d,HMAC
vocabulary_no_audio,b8ac87f5-5789-4873-8a54-9187818fc624,HPKP
vocabulary_no_audio,3249828b-a822-4a42-84c0-c4c6192a89f3,HSTS
vocabulary_no_audio,dadc2f30-1282-400a-9e8f-068e0dbf267d,HTML
vocabulary_no_audio,06b7fcc7-b611-45bd-93d3-dc0c89469593,HTML5
vocabulary_no_audio,570cf5d4-3ebf-42b4-9778-c9b9219b6414,HTTP
vocabulary_no_audio,1cd5f1fe-f29f-46b5-96a7-9df3652e92e5,HTTPS
vocabulary_no_audio,1deb61e3-3782-41df-8160-04e52db0b578,Common Gateway Interface
vocabulary_no_audio,1cf11eeb-1bd3-4d8f-8795-d4e7ff14990c,HTTPS RR
vocabulary_no_audio,f8d2cce2-11d5-422c-80d8-2897e9c815f3,HTTP/2
vocabulary_no_audio,f979676a-a5e8-4181-936a-cb98fe0da808,HTTP/3
vocabulary_no_audio,b74a1c4e-3a5b-4efd-8128-aa79b0796ec8,HTTP content
vocabulary_no_audio,726bc691-75ce-4e2e-9740-600688fd7f24,SCTP
vocabulary_no_audio,30275a2c-b5d1-413c-8988-a6684dd22c55,HTTP header
vocabulary_no_audio,7b5ea6d0-123c-4b7c-a866-767198f8d320,IPv4
vocabulary_no_audio,dfb77683-521a-4103-ac40-cae0399f1e5b,Hash function
vocabulary_no_audio,a1868fa5-2ef4-48e6-9085-95226e54fb51,Hash routing
vocabulary_no_audio,4ca9043a-856c-47f9-bd6c-bc9d5bd4bcfc,Head-of-line blocking
vocabulary_no_audio,8ffad058-2fe3-4657-879c-6ea877156b41,High-level programming language
vocabulary_no_audio,e52e6967-d0d2-41e9-bbae-d541b4d25a9b,Hoisting
vocabulary_no_audio,d7ef91b5-2521-430a-b29d-c03271ff6945,Privileged code
vocabulary_no_audio,aeb79262-05f8-42df-816c-6485c13a1802,Host
vocabulary_no_audio,74a4e5ec-1351-47fa-9a1a-5cbd9d5a587a,Hotlink
vocabulary_no_audio,8dad7226-02b5-44f6-9c3c-04616e8eca10,Houdini
vocabulary_no_audio,8a667bd2-4485-4753-a168-d5cd41f91fb5,IPv6
vocabulary_no_audio,b821fcf3-91ea-4ef9-8a6f-187f1dfd77db,Hyperlink
vocabulary_no_audio,b3d05083-a064-4f97-9f74-bd423b3e940f,Hypertext
vocabulary_no_audio,f0724965-8ab8-41d0-b252-7213b6903686,IANA
vocabulary_no_audio,bf04895f-fe49-42f5-a0b1-91399662bdf4,ICANN
vocabulary_no_audio,080d76c5-15db-47df-afc4-8fcb160a12d4,ICE
vocabulary_no_audio,1f526dfc-6e8d-4237-a401-a4a8257584b8,IDE
vocabulary_no_audio,dc83b5f4-6a6f-4cdb-8e88-03ccbabe4313,IDL
vocabulary_no_audio,02ad5727-d68e-4539-8b81-5277d6b3919e,IETF
vocabulary_no_audio,14040150-ee1d-4069-9a79-d5c3f0c2a396,cryptographic
vocabulary_no_audio,95f6a32a-6aa8-49ce-a83f-6c58897a165b,IIFE
vocabulary_no_audio,c4b04211-d8d8-4bb8-8266-0d2bd183f7a1,IMAP
vocabulary_no_audio,9abea48b-9d07-4893-bf65-ac22e04b7dd2,IP Address
vocabulary_no_audio,f34812a4-ce5e-4e26-b5d1-670bf89445ac,Dedicated Host
vocabulary_no_audio,319ac551-54b8-4528-ac26-3621d269a637,IRC
vocabulary_no_audio,ae19f04e-5617-483e-8000-e97dc5b9b20a,ISO
vocabulary_no_audio,71efdcf0-4197-44a4-97d1-441e54d5a9a1,ISP
vocabulary_no_audio,af689246-23e1-471c-b8b4-25280075e747,ITU
vocabulary_no_audio,b0abbd6a-7857-4a8f-8f8b-ade6ebdb7012,idempotent
vocabulary_no_audio,a9e78177-f385-4bdf-bcd0-1253e89678d9,Identifier
vocabulary_no_audio,77ce6457-642a-4a7f-aeec-be92484a70a8,Identity provider (IdP)
vocabulary_no_audio,21a046d7-061e-41d8-96c1-1d5635d83f5a,Immutable
vocabulary_no_audio,9f70474f-eca0-411b-a4b1-5c7110985d04,NaN
vocabulary_no_audio,c9f5a41b-b353-491e-81bc-d08fbe91fcc8,IndexedDB
vocabulary_no_audio,1d84a40f-f72a-4a9d-882b-f25e004baf2e,scheduler
vocabulary_no_audio,4e5a0b3b-9a00-4891-a377-926ac64d9323,Information architecture
vocabulary_no_audio,a7505862-9351-4253-9f52-2d6826a3c39b,Inheritance
vocabulary_no_audio,731a3613-0e17-4fba-9075-e35017fc4686,Ink overflow
vocabulary_no_audio,c8554992-6f53-48ca-ba95-9ac1f5053227,Inline-level content
vocabulary_no_audio,f25694b3-9b35-481c-b34a-fc269f7d9424,Input method editor
vocabulary_no_audio,6fe2a723-f3e9-4f35-ac72-8646c2af187f,Inset properties
vocabulary_no_audio,d43a3fca-4f9b-468b-a1ca-b962b5f7ac88,Interaction to Next Paint (INP)
vocabulary_no_audio,51f0d2fd-ea5e-486e-bcbd-f40c1a27e69d,Interface
vocabulary_no_audio,ee708acd-1e6c-413b-a523-c04ae9b2ecc8,Certificate Signing Request
vocabulary_no_audio,ed85d447-c714-4538-8205-791c713b2d33,Internationalization (i18n)
vocabulary_no_audio,42ffe6d4-b2c5-4d61-b9f3-acef6380d67b,Internet
vocabulary_no_audio,aa7902be-fc8d-4eb5-9ee3-7cb91b96c348,Software-Defined Networking
vocabulary_no_audio,b884437d-27c0-4ceb-8953-e73abf4cb01d,Interpolation
vocabulary_no_audio,922c7dfd-9ddb-4797-be65-b540be4475f2,Just-In-Time Compilation (JIT)
vocabulary_no_audio,af3e53d9-46df-4294-bf06-6b6e35f247f5,streaming distribution
vocabulary_no_audio,393f0994-fd88-4eb2-9c84-e335f41eba8c,WebRTC
vocabulary_no_audio,473b8d9d-3271-4aa7-a7a8-00c2929573de,Intrinsic size
vocabulary_no_audio,08951586-2ec3-41b4-96b4-ad7e93939a29,Invariant
vocabulary_no_audio,ad741012-7777-40f5-8530-68c68b90276d,JPEG
vocabulary_no_audio,a6411861-e847-4001-b52a-58d4409e1126,JSON
vocabulary_no_audio,9739aca1-7fa1-4a78-b420-9ec3b5aeb938,JSON type representation
vocabulary_no_audio,4b6988bc-6b4c-49e9-a3a0-5475e9a752df,Jank
vocabulary_no_audio,8474eeea-fd01-4954-9a1d-29cfa50c1ce2,Java
vocabulary_no_audio,773aee6b-f571-488e-bcfd-bec36f02017e,JavaScript
vocabulary_no_audio,a57df788-ad44-4358-94a2-795a0f854fe8,Telnet
vocabulary_no_audio,5c42a7d8-9879-4178-b4a4-00cc9d95c1bc,Name Service Switch
vocabulary_no_audio,20a3b0d3-a68e-4c62-ba35-c5df47263ed8,Jitter
vocabulary_no_audio,11237d9d-967d-4bae-9131-8a828581a467,Common Vulnerabilities and Exposures
vocabulary_no_audio,99fe0566-f995-4b86-9c7d-8db062b96f7f,Kebab case
vocabulary_no_audio,1afa2df6-9a61-471e-a622-673986db7917,Key
vocabulary_no_audio,1c6d1d82-2f17-4367-b71c-f01cd0b77b70,The Khronos Group
vocabulary_no_audio,a1471433-2b0f-4d7d-93b2-fd497e74647d,LGPL
vocabulary_no_audio,5d02480b-53b0-490b-9ce3-ed97c26617d8,LTR (Left To Right)
vocabulary_no_audio,5a1e022c-245f-441e-999a-c6504180b9bf,Largest Contentful Paint (LCP)
vocabulary_no_audio,df57026c-7acb-497b-a85a-2710b9bffba1,Latency
vocabulary_no_audio,3aaf17dd-f125-4b57-b187-2b3b1f5e4809,Plaintext
vocabulary_no_audio,07225776-41ec-4f81-a527-14227b5e57ca,Layout mode
vocabulary_no_audio,20b30b57-4c74-4e18-a0f5-041814fa7071,SDK (Software Development Kit)
vocabulary_no_audio,61164153-4c78-4d51-8233-e4e33141a92a,Layout viewport
vocabulary_no_audio,448f2a91-ea49-40b7-bca1-2883bec2893c,Lazy load
vocabulary_no_audio,0b1b8324-1ec6-49fb-830d-6986c3f9e91c,Leading
vocabulary_no_audio,48cdc399-03f2-4a5a-9f59-849aa6950c1c,Ligature
vocabulary_no_audio,1a388bc6-6b77-49bb-bc73-40408db642da,Local scope
vocabulary_no_audio,bc7e3fbd-d87e-40b9-a72a-df83c54e3a4d,Local variable
vocabulary_no_audio,63743e7b-f7d3-4811-bd11-e93edc2b95e5,Locale
vocabulary_no_audio,799fc3a5-eb19-4165-987e-bb00b859666f,Localization
vocabulary_no_audio,dbf8843d-b000-4ccf-ad5e-8ae2420dbcdb,Logical properties
vocabulary_no_audio,529c0f0a-4a75-46fa-9af1-e49c11d1f52d,Long task
vocabulary_no_audio,d06cf76e-abb5-413f-b718-61af4eaab65f,NAT
vocabulary_no_audio,26bebae1-62d5-46a5-8396-41de173c41b6,Loop
vocabulary_no_audio,69d26772-5b0a-4d31-bbbc-98d03302c2ae,Lossless compression
vocabulary_no_audio,c24ffdc1-3e27-456e-b29e-f9011a0fb1ff,Lossy compression
vocabulary_no_audio,ce66e712-c0ed-4a27-b24e-3c2336ba272c,MIME
vocabulary_no_audio,25bb21af-cbd8-48be-a2e9-334ade8e6ba5,MIME type
vocabulary_no_audio,a8539dc7-cf4e-469f-81cd-289cf2d0fe29,MVC
vocabulary_no_audio,23d89e97-1a3a-4eac-9dde-7870909a4eb2,Main axis
vocabulary_no_audio,fa61962e-7433-461a-b9d4-f24146c01bb2,Main thread
vocabulary_no_audio,9aa0db3a-3098-47f9-a7ef-073dd8c1d9ba,Mutable
vocabulary_no_audio,ebd2206d-765a-4af1-9abc-eea9e991dc00,Thread
vocabulary_no_audio,c561632b-f4b7-49d5-827d-3bddd2a60bfb,MathML
vocabulary_no_audio,946a779c-25d3-4aee-ba7c-4723b54c429c,Media
vocabulary_no_audio,55218ce0-18be-4248-8fdb-1832b90a8122,Media (Audio-visual presentation)
vocabulary_no_audio,4934caca-2eac-429f-b6b9-e054362ab0ff,Media (CSS)
vocabulary_no_audio,c0a4ab23-a54b-467c-ad7b-47d770bc9b1f,Media query
vocabulary_no_audio,f626ba35-046f-4f1d-a1e2-a0cc09163ef4,Memoization
vocabulary_no_audio,78744c3e-d88c-47ee-a7ac-c5c5df555c4c,Metadata
vocabulary_no_audio,c5c0fc20-60e9-49dd-9b78-7169682c1073,Method
vocabulary_no_audio,0cad1b67-e8ab-4000-9e67-1f2bd8264f0b,Microsoft Edge
vocabulary_no_audio,bb6c2a42-a7e0-4991-bfd0-f689f006f367,Microsoft Internet Explorer
vocabulary_no_audio,c00b5b2e-d45c-49a0-801e-80ad6775b9a4,NNTP
vocabulary_no_audio,37404bf8-382e-486c-aa4d-a2e7601efc31,Middleware
vocabulary_no_audio,d271b48c-cdd6-4d53-801f-aba057b38df3,symmetric encryption
vocabulary_no_audio,4d08e44f-a0be-4112-99f2-60a05dcf14ed,Minification
vocabulary_no_audio,baf5a9a5-5ef2-489b-b063-15fc118da55d,MitM
vocabulary_no_audio,f34820b8-3309-4452-a008-dc0b138eb54c,detailed monitoring
vocabulary_no_audio,29dd9035-a478-4b69-a016-5469771539fc,Mixin
vocabulary_no_audio,2336106d-d10e-4334-badb-cd314c2243b1,Mobile first
vocabulary_no_audio,a0c573f6-ca25-4f38-9ab9-26fa48877629,Modem
vocabulary_no_audio,c7f06dfb-8a4f-4438-8d52-5bbc22a8ead5,Modularity
vocabulary_no_audio,3cd49718-ab6e-4442-8e07-de3f0feb634b,Mozilla Firefox
vocabulary_no_audio,9bebb741-ac93-4b9d-a63f-3db0ab0c21ad,sending quota
vocabulary_no_audio,5d0e7bfb-7671-4e45-8fa8-8085057f7aec,Multi-factor authentication
vocabulary_no_audio,2c8eb2e8-d336-4e73-8b5d-a2e59fb72e91,syslog
vocabulary_no_audio,305bdef8-e5ac-4779-bcd1-546270b644c6,Namespace
vocabulary_no_audio,fb09a79d-ed24-46b3-b8c0-4b65897c4b05,Secure computing mode
vocabulary_no_audio,cbf6a2f6-f966-418d-bcdf-d115918f994d,Native
vocabulary_no_audio,7cdbb992-332c-46de-936d-88c4a0e3a96d,WebSockets
vocabulary_no_audio,8ca87bee-d433-43dd-99ef-a2290737ac48,Navigation directive
vocabulary_no_audio,af019d7d-35c3-48d5-a661-0077ac612070,Netscape Navigator
vocabulary_no_audio,355b55de-9fd4-4f52-9ae5-7f7efad4e66f,Network throttling
vocabulary_no_audio,90e0c9f7-6fa7-4828-82a8-47b898696c42,Node
vocabulary_no_audio,02008e7e-286c-42d4-a423-b108a741249c,Node.js
vocabulary_no_audio,f3af7291-e622-45a9-9d74-767e83e8c650,Node (DOM)
vocabulary_no_audio,d39ea663-8d57-4d9e-b472-d0348fd4436c,Node (networking)
vocabulary_no_audio,261605d2-30bb-47e1-a3ea-5d4eebb0ad87,OOP
vocabulary_no_audio,62e2a1d3-feed-4852-9d9c-c1a62c24c5b4,Non-normative
vocabulary_no_audio,8d66e0fb-b1f9-4e4f-ac97-0182a7f37d30,Object reference
vocabulary_no_audio,7211e308-4073-4d27-b9d0-377867b7df60,Nonce
vocabulary_no_audio,0ed90a24-1558-4a13-b2d3-80db3d77a75c,Placeholder names
vocabulary_no_audio,605cb1ef-dde8-4f3f-bbdc-c33c148f13c4,SDP
vocabulary_no_audio,b4e02842-5257-4777-8122-1c3d7a5fdef4,Operand
vocabulary_no_audio,d5ed84b8-5546-49dc-8875-afb16066d1d2,Normative
vocabulary_no_audio,9c85149f-a92c-4991-96a5-1a54fbd53e04,Null
vocabulary_no_audio,7ab1c3ce-9e61-4e01-83e5-ca9453f4c91e,Nullish value
vocabulary_no_audio,5dd118da-6097-4f54-b296-30188165c96a,Number
vocabulary_no_audio,71ac0ea1-9437-46c8-a2e6-33fbd2a48b29,OTA
vocabulary_no_audio,6c48531a-42aa-4683-989a-4cc435ec9b3a,OWASP
vocabulary_no_audio,98623e45-6974-458a-9dba-bf89871a2d2a,OpenGL
vocabulary_no_audio,ea4716dd-0c1d-48e9-97c1-7866a8238637,Mail User Agent
vocabulary_no_audio,e63789d7-ea62-4071-b2ae-e3c2eb079f8b,Opera browser
vocabulary_no_audio,f2e4bea8-a193-4a55-8c29-f2237d2c36eb,artifact
vocabulary_no_audio,9f5ab93a-753a-46b8-8d9f-6db889b87d0a,Operator
vocabulary_no_audio,ba1137e2-c249-4826-8314-6eaca9eacd7c,P2P
vocabulary_no_audio,d265d232-40d5-4c97-a381-ae2286f1c091,PAC
vocabulary_no_audio,ec59f0f4-10a9-409c-b731-bc2aaed01376,PDF
vocabulary_no_audio,321f3618-cfda-4c6a-9bcb-115c33d8bb9a,Parser
vocabulary_no_audio,ba136679-e4ee-41b2-a92d-26478b4b18ab,PHP
vocabulary_no_audio,1c95fcef-dd4b-4eee-b940-b7de69cfed3e,PNG
vocabulary_no_audio,7a88cd2b-5f0b-4633-9248-930a797e65d1,POP3
vocabulary_no_audio,a19133de-f6d3-43a4-8e20-833cf29698c4,Quaternion
vocabulary_no_audio,749e3cfb-c4eb-4ecc-9e35-ca1561dd707f,Percent-encoding
vocabulary_no_audio,9fd3c0f0-48fc-4543-be5d-e54aa724d7d9,Packet
vocabulary_no_audio,b8973915-8b54-4e76-b700-dc2dd1fe46e4,Secure Hash Algorithm
vocabulary_no_audio,7e5e4318-281a-4fb4-8e8f-1443bc35f8b5,Page load time
vocabulary_no_audio,b5dc7257-6493-46fd-b279-b7f75283ead5,Page prediction
vocabulary_no_audio,5abc0d92-dd7e-4524-9585-5f63edb6fa9c,Parameter
vocabulary_no_audio,b395ad7f-41bb-47bc-a071-f06e29624fb2,Parent object
vocabulary_no_audio,9eb6f740-5f0d-4341-bc4c-887f5d738eb1,Parse
vocabulary_no_audio,65230695-adb6-4bf4-964e-6b64dc6f8bfe,Payload body
vocabulary_no_audio,fab7484c-b3de-4624-a5a4-9eb25471a6c0,Payload header
vocabulary_no_audio,8188e7a8-7ff8-4b26-a541-089366be692a,Perceived performance
vocabulary_no_audio,aa338828-dd7c-449c-9cc0-587d92c35f98,Physical properties
vocabulary_no_audio,10244e2c-44e8-48da-8ad8-285140a5c37e,Plugin
vocabulary_no_audio,c2f09256-c779-4994-a0e6-f014b18dfde3,SGML
vocabulary_no_audio,fd119233-926d-468f-a927-b5cdb5b2ba08,Polyfill
vocabulary_no_audio,e1e2da24-ea71-463c-a285-effa1a97c108,Port
vocabulary_no_audio,26a6fa3b-5026-49cd-9d00-d52b05cb0052,Prefetch
vocabulary_no_audio,bc263f89-0cae-49e3-b465-19074cfe8b32,Preflight request
vocabulary_no_audio,e664ba91-a9dd-4304-b310-2d655c1983c1,Prerender
vocabulary_no_audio,2d814784-0e3a-4a39-9b35-2cfd66e13bfd,Presto
vocabulary_no_audio,57a82f0f-9f44-454e-83fb-e67580a2336a,Primitive
vocabulary_no_audio,ddfb4b6b-5834-4108-ab7e-b62cdf7eeaf4,Principle of least privilege
vocabulary_no_audio,3cb7b086-2f44-45ad-a90e-384fc2a73936,Privileged
vocabulary_no_audio,017541d1-b481-4a04-b55a-64f0868c5356,Progressive enhancement
vocabulary_no_audio,0c2afe54-4bc4-453b-9325-d7d7c32aeec7,Progressive web applications (PWAs)
vocabulary_no_audio,e2285437-a0d1-4da7-9a82-825b3867db21,MySQL
vocabulary_no_audio,d2f8a043-9543-4eae-a308-f60e01fc8236,Promise
vocabulary_no_audio,5c487235-d774-4396-bcfc-b8788e37bd80,Property
vocabulary_no_audio,615b3c58-d2df-4b77-8ec0-1171520e4083,Property (CSS)
vocabulary_no_audio,981a161a-bf56-4608-8ef9-5a27348b7d5b,Property (JavaScript)
vocabulary_no_audio,685e28a0-3102-46d8-8fd8-e027941a3585,Protocol
vocabulary_no_audio,1e759f61-5fea-4e0f-95d0-357c41947328,Prototype
vocabulary_no_audio,95420f91-795b-4aa7-babd-93255a4f753b,Prototype-based programming
vocabulary_no_audio,f664cd11-a1ba-49bb-9fa9-4a53d4aa4245,Signature (functions)
vocabulary_no_audio,110bc6b2-320e-41ad-b24d-a9f0e9b51ff3,Proxy server
vocabulary_no_audio,62e7229a-5fe4-4422-9858-d574bc0732c4,Pseudo-class
vocabulary_no_audio,0fa7c07a-7c17-45e6-983d-dbf044cff006,Multipass
vocabulary_no_audio,e2fccdf9-ae98-459f-9d89-ef0b76d72a65,SRI
vocabulary_no_audio,63469cc5-7f4b-41e0-820f-0d21a98c9db0,Synchronous
vocabulary_no_audio,b34ff917-6bcd-4e0d-a042-6d60be5128dc,Pseudo-element
vocabulary_no_audio,56a20ef3-829b-40c5-9c67-462d4cc6f87e,Amazon DynamoDB Encryption Client
vocabulary_no_audio,5f4e0bec-2a30-4ee7-bcc1-7a970ef2e031,Pseudocode
vocabulary_no_audio,78016aae-4428-41f9-a531-d54766ee4ca2,Public-key cryptography
vocabulary_no_audio,d1b24ef9-4cb2-47e7-943a-812c6667c267,Python
vocabulary_no_audio,3f47fa35-b4b5-4df6-ba0b-1324c3f8ef3b,QUIC
vocabulary_no_audio,581cf22a-63fe-4200-91b7-efe3b1b4f514,Quality values
vocabulary_no_audio,82aee318-1d7d-4042-86fa-b6321587bc17,RAIL
vocabulary_no_audio,38639ad8-50c8-4975-9f59-cd64ec2d7975,RDF
vocabulary_no_audio,144c6a5e-6d5f-4c2c-85b1-dfaebde476bd,REST
vocabulary_no_audio,b26f5c74-2fae-4c2f-93da-ec85de99048f,RGB
vocabulary_no_audio,a17624a2-5d79-43fe-afbb-7b96efdb302b,checksums
vocabulary_no_audio,09de566d-6f48-427d-8645-a6dcc511de67,RIL
vocabulary_no_audio,4ca32d95-201a-4edc-b292-a7dfa18640c2,Random Number Generator
vocabulary_no_audio,e24e6dee-2c0a-4fc0-bd07-1dc769699484,RSS
vocabulary_no_audio,0fab6d43-afe7-4422-8da6-7b66744ab1df,RTCP (RTP Control Protocol)
vocabulary_no_audio,4992936b-5997-4804-82d8-c9ad2a2a5f36,RTF
vocabulary_no_audio,cdcb10eb-f184-42f5-b100-d611c9fa78a5,RTL (Right to Left)
vocabulary_no_audio,d5dfd013-27f9-4b65-987b-749bb3365dc5,RTP (Real-time Transport Protocol) and SRTP (Secure RTP)
vocabulary_no_audio,003f6d0a-7a1b-48b3-9ca1-aaddd29051c7,RTSP: Real-time streaming protocol
vocabulary_no_audio,67b43e92-b57e-4cbf-a67f-763e509e540e,Raster image
vocabulary_no_audio,12ef7ff5-de38-4340-bb35-98d9eb10fa09,Responsive Web Design (RWD)
vocabulary_no_audio,8309127f-c735-429f-9b2b-dbaa24ec3189,Rate limit
vocabulary_no_audio,bab04957-6eb8-416d-aee8-8d49166b46e9,Reading order
vocabulary_no_audio,8deac04b-3835-4000-bd79-8ed21f54817a,Real User Monitoring (RUM)
vocabulary_no_audio,21540f64-85d2-4188-9f7c-a794d13dbdad,Recursion
vocabulary_no_audio,1773f1a4-b7f1-4f88-8c97-30241a9053d7,Reflow
vocabulary_no_audio,ccf4f5e1-6500-4c28-a580-3b0d77b6c7cb,Registrable domain
vocabulary_no_audio,7692d65e-59c6-4029-bcc5-58a0200b1f6f,SIMD
vocabulary_no_audio,242e431f-eeb1-47b4-b28d-e69d08b71bf8,Signature
vocabulary_no_audio,f161611f-bdb4-431b-a483-fb1a5b492f18,Network Time Protocol
vocabulary_no_audio,e853d9ed-39da-4022-8210-31639180ff41,Replaced elements
vocabulary_no_audio,77f2989d-c8ac-4232-9861-f7c15929687c,Replay attack
vocabulary_no_audio,1e85cbcb-643f-43a3-90fc-79990e632893,Repo
vocabulary_no_audio,7c1ba614-b82c-4f66-9a57-0b99528f5ae5,Reporting directive
vocabulary_no_audio,9cf4a53c-3468-4786-ba4e-0212c74c2cb0,Representation header
vocabulary_no_audio,1cbffb26-c5f3-4d94-a053-35b374e58a87,SISD
vocabulary_no_audio,65f20a3e-df3f-4a62-9515-b2dbab5af335,Request header
vocabulary_no_audio,9dcb2b7b-5a57-4ca9-b7dc-e78f8b0c9b37,Resource Timing
vocabulary_no_audio,e16eaa3c-acf1-4031-8c98-148ce6f514e5,Signature (security)
vocabulary_no_audio,a70d2ddb-64d7-43b8-b5a8-4425162b598e,Response header
vocabulary_no_audio,8fc06666-708f-4d69-9180-ae46e95f3b73,Multipath
vocabulary_no_audio,a9222cc9-96c7-445e-aafd-5686243fe86d,Modular Smart Array
vocabulary_no_audio,be4308ee-22c3-4e24-bf63-6bb67ea79dac,Robots.txt
vocabulary_no_audio,1666dc65-da8f-48a0-8eef-569788103bee,Cartesian product processor
vocabulary_no_audio,6c3d3fa0-58cc-4732-9f07-be579f3680af,Round Trip Time (RTT)
vocabulary_no_audio,c1cebbef-2684-4bbc-ad58-3c347e767430,Router
vocabulary_no_audio,f2a6cfc4-ea4c-40de-b751-a01be4c72056,Rsync
vocabulary_no_audio,258e957b-6785-486b-a8ce-c71b3a7eebc7,Ruby
vocabulary_no_audio,7abaa715-1a02-4844-8c07-c4627d322b32,SLD
vocabulary_no_audio,fd9397c9-2486-47fd-bbb6-46edbb3eda41,Security Identifiers
vocabulary_no_audio,c2e0439a-2de0-4b7e-a3f8-82b467fb717f,Site
vocabulary_no_audio,538a58ac-7ad7-4a50-be51-2a02c1ed07b0,Salt
vocabulary_no_audio,9e48332b-6972-46c0-8a79-e60d24b7652b,Static site generator (SSG)
vocabulary_no_audio,dcff382c-6edf-4791-8849-7ec069b251ca,Secure Sockets Layer (SSL)
vocabulary_no_audio,1783d9b0-b124-4ed2-83d9-6c80c674dc93,Server-side rendering (SSR)
vocabulary_no_audio,52e21b22-6593-4b6f-b2aa-fa544a28bf8d,WebVTT
vocabulary_no_audio,6c5c2c66-4f51-44c4-87cb-aeeff7ccf45e,STUN
vocabulary_no_audio,603b3389-3d70-4235-a3a1-8b7798c0d8a0,SVG
vocabulary_no_audio,890b06cd-ebb4-4293-a643-a9e27650b1b6,SVN
vocabulary_no_audio,8105a554-282c-485f-b6fd-2aa04fddd2d7,Safe
vocabulary_no_audio,82bba940-b562-4ab4-9e4f-632c2f69b0cb,Safe (HTTP Methods)
vocabulary_no_audio,bd8c5489-9619-4350-a698-ab77676789ca,Semantics
vocabulary_no_audio,c59bd149-be2e-4cfc-ac28-b5127643228f,Same-origin policy
vocabulary_no_audio,f7b3348a-1189-444b-b2c7-eda554b87668,TypeScript
vocabulary_no_audio,83aa82cf-beca-4d53-a9f3-1196c85c8ab9,Screen reader
vocabulary_no_audio,9c1b52e1-dfaa-4979-9aab-c51d1e986a1a,Script-supporting element
vocabulary_no_audio,d17c2ca4-09b4-4761-a06e-408c5777435a,XLink
vocabulary_no_audio,f752ab24-3fd4-40a7-b9a7-78c250cdb48a,Scroll boundary
vocabulary_no_audio,9e8bac52-6295-4846-9a1b-00bc9dbe368e,Scroll chaining
vocabulary_no_audio,88334b18-6cc1-46dc-b23a-34c044714d01,Scroll container
vocabulary_no_audio,215ce241-3d57-4226-94b1-009145e0a727,Scroll snap
vocabulary_no_audio,11a0c8e6-b968-4a20-8a15-8f505a69ea5a,Search engine
vocabulary_no_audio,5a926e7a-33d8-469b-90d2-d20c1af9c6f8,Secure context
vocabulary_no_audio,7f57efac-6aab-4751-96a3-0fd4ebb67d66,Dynamic Host Configuration Protocol Daemon
vocabulary_no_audio,b996f748-ef20-45e3-b9bb-5cb3cca4a3bf,Subscription button
vocabulary_no_audio,7f7aba05-138d-4ecf-8975-faf95b88fc38,Serializable object
vocabulary_no_audio,2b6e862d-1727-4d0b-8de6-7c639297cd61,Serialization
vocabulary_no_audio,68108e89-2445-4f9a-8365-fcb0425256c0,Server
vocabulary_no_audio,5be51e21-a7a6-499e-adcd-42b80ee3e14e,Snap positions
vocabulary_no_audio,3ca708d1-abe5-4a6a-b1bd-e758ea42e49f,Server Timing
vocabulary_no_audio,3208ef8e-7cb3-490d-97c1-42dd9c00ff64,Session hijacking
vocabulary_no_audio,0777ff83-fb77-4f79-88cc-7af44dc1d7aa,Shadow tree
vocabulary_no_audio,91272d27-cb10-4a1d-b56a-e84695ac85f5,Shallow copy
vocabulary_no_audio,bfdb4dc4-b2b8-4d1e-b3bf-5e05ca213b5e,Shim
vocabulary_no_audio,047c876a-6b6f-4fc8-9f2d-ba33c7a76ac6,Postfix
vocabulary_no_audio,f6d2b628-56c4-400c-81f2-ed95bcb2470b,Sloppy mode
vocabulary_no_audio,c57368e9-2ef2-4a26-89fb-11f0cf4f5c4c,Slug
vocabulary_no_audio,c3e12383-b571-4e0d-8e4e-72be65c07f34,Smoke test
vocabulary_no_audio,bc5658b9-fed3-45e4-b5d6-747878a2b24c,Snake case
vocabulary_no_audio,7c5978b6-0dfd-4306-9f98-8a9e56a442c8,nameserver
vocabulary_no_audio,4e4429fd-efb7-4bbe-9fd3-7c894f473835,Social engineering
vocabulary_no_audio,de83441a-c015-402f-994e-7b345c747af1,Soft navigation
vocabulary_no_audio,7ae428e2-3225-40ac-a31c-334f4766d1fe,Source map
vocabulary_no_audio,9e861c55-dbf6-411a-9698-acc7fbe85114,Specification
vocabulary_no_audio,d6408395-6fc2-44cf-aeb9-e803fa4e291b,Speculative parsing
vocabulary_no_audio,57c68dfd-433c-4866-938d-6282dc6315e4,Speed index
vocabulary_no_audio,e564c463-adbd-4970-b56b-1619e9f1f83f,Stacking context
vocabulary_no_audio,f85ce5b9-5991-413a-b6e5-024e66f00249,State machine
vocabulary_no_audio,05d20f49-37ac-4c50-be77-d1b4a4ce0225,Statement
vocabulary_no_audio,ef5374cb-2e4c-4eb8-ba28-1389feec3372,Static method
vocabulary_no_audio,6f5734f9-a8af-40e0-939c-cd39170ce270,Static typing
vocabulary_no_audio,eca0c1af-91ec-429d-a984-9961fd1e8b97,Sticky activation
vocabulary_no_audio,7cce097c-03e3-4142-b6cf-2aac7aecec9b,Strict mode
vocabulary_no_audio,1cff73d2-536a-4173-afd8-8b8d9cb04c8d,String
vocabulary_no_audio,017ef1e8-f9d1-4516-8e02-95f95114a0fc,Stringifier
vocabulary_no_audio,04e4e932-6f9b-4f37-9bb5-7f6e3db71975,Style origin
vocabulary_no_audio,a43ee445-9a17-4823-a305-092f8ba52db0,Style sheet
vocabulary_no_audio,8f9f1a0e-59ff-4870-be95-bb11ee34394c,Submit button
vocabulary_no_audio,a94cc11d-93cd-46b4-832b-71e7d751f727,Symbol
vocabulary_no_audio,ecaa3bda-592d-4d4e-99e9-b9afac1ada3e,Symmetric-key cryptography
vocabulary_no_audio,03c3cedf-6434-4772-b6ec-bef3501bf6d8,Code Signing for AWS IoT
vocabulary_no_audio,83856f77-314e-4a3b-8e75-ced8a0e2c58d,Syntax
vocabulary_no_audio,6775efdc-25cf-4c92-a784-9bbc3d3d660b,Syntax error
vocabulary_no_audio,3c5de08a-338e-4675-b4ed-b534a0a739b4,Synthetic monitoring
vocabulary_no_audio,f78b9340-71f4-486d-ba1f-3df5def13566,TCP
vocabulary_no_audio,98e4bd7a-40c9-4ed3-9376-2dccd8896c99,TCP handshake
vocabulary_no_audio,722a872a-73ae-42da-870b-355ce2bbb588,TURN
vocabulary_no_audio,bc136d56-9be7-4d3b-acd9-431e711e1aab,Texel
vocabulary_no_audio,f195db5f-5da5-420f-83d6-7fef08360350,TCP slow start
vocabulary_no_audio,21706879-9cca-4749-9c1d-26fdb13c4c4e,TLD
vocabulary_no_audio,d5e1d699-c13f-4d77-9c10-c19577434407,Time to First Byte (TTFB)
vocabulary_no_audio,bd28b554-0305-4540-94f4-100b6d94ce23,billing plan
vocabulary_no_audio,5d399d57-be62-4770-8a26-e35ed2259bfd,Transport Layer Security (TLS)
vocabulary_no_audio,4a288f89-21bc-4b59-98f0-85d8052e09b0,TOFU
vocabulary_no_audio,cb96fd69-e31b-4a1a-a0b6-3a6d4614ee2d,TTL
vocabulary_no_audio,61635b88-b1ce-4ef1-a0db-47697929a0fc,Table grid box
vocabulary_no_audio,405c5cba-60a3-4487-a8af-461590351f2a,Table wrapper box
vocabulary_no_audio,d05c1c9c-cd37-4420-996e-7d37d727eed3,asymmetric encryption
vocabulary_no_audio,5b80eed1-b0b3-46f9-95ff-d92f7877e58c,"Single Instruction, Multiple Data"
vocabulary_no_audio,7001a17c-2afc-4b83-bdcb-2a85341ae765,Three js
vocabulary_no_audio,2479302a-a8cf-41a5-a9f0-eca7f676778b,Throttle
vocabulary_no_audio,2793ae0f-12cb-4ec4-83a5-a0b00274f66c,Time to Interactive (TTI)
vocabulary_no_audio,f0252c0a-193a-4bdb-87da-39ee9dbd98b3,Top layer
vocabulary_no_audio,72b2677e-f192-4a45-b374-b9d4b6eb1738,Transient activation
vocabulary_no_audio,bf99d205-98b5-412d-b39d-ab424e61f2c6,Tree shaking
vocabulary_no_audio,258f4e3f-f826-4fec-9e72-6c6b4b4c8a89,Trident
vocabulary_no_audio,5f7c1258-4caa-460e-8868-a3df4e7ea0bd,Truthy
vocabulary_no_audio,27d39b87-6d47-4df2-a54b-6e9aa4572d56,Type
vocabulary_no_audio,55be07f1-ebeb-4bbe-8fe4-ee25f9f8ca0b,Type conversion
vocabulary_no_audio,75882ecb-7818-452b-ab7a-c1d926ca00e0,Type coercion
vocabulary_no_audio,070d0983-7291-47be-8432-49b2b3d1ffe1,Unix time
vocabulary_no_audio,063e9bcb-27a5-4eca-a9ed-67226695dc10,UAAG
vocabulary_no_audio,761d06a6-30f1-4098-b525-907a045ce216,UDP (User Datagram Protocol)
vocabulary_no_audio,18142542-ffad-4032-94d4-3e88e9d717b0,UI
vocabulary_no_audio,1494cf44-69c5-4882-9976-b4b96c41388d,URI
vocabulary_no_audio,3ad302d8-1110-4225-a062-8d39f5ea1fad,URL
vocabulary_no_audio,1b75c819-a4b4-45a9-90ca-9b0fbcbeaf4f,URN
vocabulary_no_audio,00ae7d2d-139c-4ef6-981a-538c43842909,UTF-16
vocabulary_no_audio,6c9210d2-6260-440f-9b01-868820245d60,UTF-8
vocabulary_no_audio,5d2fcfac-1811-4175-b540-8fead12fd8bc,UX
vocabulary_no_audio,b659a2d4-ed37-488e-ac89-bd0c0b304aba,Undefined
vocabulary_no_audio,fb58d22f-6088-44c1-a73e-177a84b0b5d4,Unicode
vocabulary_no_audio,2f5788cb-d14c-4503-95d1-9575d97a6c08,recovery code
vocabulary_no_audio,9a7714dc-7553-4fbb-8ecd-dccc5271e585,Usenet
vocabulary_no_audio,35184a1e-f6d6-47d7-b578-882b97cb2ac0,User agent
vocabulary_no_audio,1a04e467-c07f-4573-901b-3b5b6ec5332e,Validator
vocabulary_no_audio,a7ea7ce0-8fb1-433e-9c9e-bd44c1fbaf1f,Value
vocabulary_no_audio,aed9514c-ea34-4023-a6f3-e0c5b7e664e1,Variable
vocabulary_no_audio,5174664a-340a-4c31-8af8-33a723eb88da,pipeline
vocabulary_no_audio,9e148d66-eb80-453e-bcd7-1c375e9d40fe,Vendor prefix
vocabulary_no_audio,068a315b-670b-4e54-9a01-09941d946254,Viewport
vocabulary_no_audio,be2b355a-4669-46f5-b590-fc4294d4f352,access key rotation
vocabulary_no_audio,04c83073-3a34-40b9-ba45-fc4fe51daf88,synchronous bounce
vocabulary_no_audio,9eb595cd-85fe-4a06-834e-5a93bf2de5a0,Visual viewport
vocabulary_no_audio,a8e98232-3fe8-469e-9e9c-74046ee373ba,VoIP
vocabulary_no_audio,4a2ecbbe-40eb-4202-9d11-a86e5485aa6b,commit graph
vocabulary_no_audio,9face9b3-80b4-41bd-8d48-3dcf47389e06,Void element
vocabulary_no_audio,a531ca5e-ca83-4a52-9741-f069212c8b95,W3C
vocabulary_no_audio,b349b260-f9ad-42d7-85ed-98d76d49f2d7,WAI
vocabulary_no_audio,7683348c-27c0-4c28-a408-daac98e66467,WCAG
vocabulary_no_audio,0a3f7cfc-5f06-411f-b25a-1f6eff67d75d,WHATWG
vocabulary_no_audio,eeb47069-c0da-483e-9fd9-5e094a593dc5,WebAssembly
vocabulary_no_audio,4e73c220-7d48-40c9-8759-fde57de34caa,WebDAV
vocabulary_no_audio,37b1c2ef-c215-4b8b-a838-4bcd0626c0c7,identity provider (IdP)
vocabulary_no_audio,3326bc9c-69ae-40dc-a7ef-8fae272060dc,WebExtensions
vocabulary_no_audio,eb7fcf8d-235a-4790-9acc-c3177585622e,WebGL
vocabulary_no_audio,9a97e1d5-d59e-4495-b529-bc7039086ff9,WebIDL
vocabulary_no_audio,8d5143ad-f4c6-4b12-bbd6-3f93c6f47ecb,WebKit
vocabulary_no_audio,89effc17-28e1-4251-b084-6431bf211f93,Web performance
vocabulary_no_audio,c7c01606-304e-47d1-9978-6e48616a3654,Web server
vocabulary_no_audio,0b0b83f1-3e48-4e1a-ac69-affc1c3e1eff,organizational unit
vocabulary_no_audio,b3c0e7cc-f74d-4ec4-be9d-0f516960318c,Web standards
vocabulary_no_audio,e3da93d1-e377-46f8-aa48-79f465cf7078,Whitespace
vocabulary_no_audio,a971f2a6-4545-4875-889e-9b238edb033d,access key ID
vocabulary_no_audio,ea7695b8-52cf-42b2-aec0-a120bb2324ea,bfcache
vocabulary_no_audio,9370f523-a18c-4047-bbff-8e20402dc2ee,WindowProxy
vocabulary_no_audio,a9ff689d-5723-49ab-9cf7-6c46ad85df84,World Wide Web
vocabulary_no_audio,be0f77dd-b2f8-4922-846e-7be10e5f83b8,Wrapper
vocabulary_no_audio,cff9cbff-7525-4606-981a-9ca66003de60,XForms
vocabulary_no_audio,965de129-8ede-4d91-924b-ee253b52dd1a,XHTML
vocabulary_no_audio,d03ed711-34d1-432b-a605-b0612e70f172,XInclude
vocabulary_no_audio,f2e7f163-a1e4-4f0b-b9ec-f4cc8f6d3384,XML
vocabulary_no_audio,1992f139-8a58-458b-82a1-34a01f688694,XMLHttpRequest (XHR)
vocabulary_no_audio,d6ae06c1-c250-4620-afe5-ae799fcee58f,XPath
vocabulary_no_audio,13fd12f1-e102-4803-80c9-a92ebcf2093d,XQuery
vocabulary_no_audio,df37bc31-7224-415f-9b18-dd4bd5d961e4,XSLT
vocabulary_no_audio,e2a755a5-e8d9-44cc-824c-d2886abe5db2,Zstandard compression
vocabulary_no_audio,93328eb0-a6b5-4e47-a080-967ced402276,account activity
vocabulary_no_audio,ff409f32-6f1e-47ff-a38b-08d28c8efc90,blink element (<blink> tag)
vocabulary_no_audio,924b177a-03a4-4e92-9917-b549a5b49f35,Guaranteed-invalid value
vocabulary_no_audio,c269c072-df70-4c94-a9a8-f5d30f6e6094,gzip compression
vocabulary_no_audio,89ecab98-9ff6-4c72-953d-d48b3aff016e,HTML color codes
vocabulary_no_audio,fd3c67f9-89c4-4402-8634-15910153f6a0,Out-of-order patching
vocabulary_no_audio,26f3909a-ca97-4dce-a04f-1415227aa214,plaintext
vocabulary_no_audio,d050650c-e861-4781-9488-d57495a35452,100-continue
vocabulary_no_audio,7e26f18a-f840-45a9-bdfe-a685cdfb02b3,AAD
vocabulary_no_audio,919c7ca5-bc58-4374-b36b-d1597bd5d42c,access control list (ACL)
vocabulary_no_audio,25ed7a28-617c-4f7a-a745-f847780e21fd,access key
vocabulary_no_audio,45d75a9c-8f4f-424c-a568-90cc2c690ab5,account
vocabulary_no_audio,947679de-ce95-4107-a7b0-051eaf2b6934,AWS Account Management
vocabulary_no_audio,74cfb76f-f203-4699-9028-5fc4483ffd46,ACM
vocabulary_no_audio,e0db5583-b990-4881-a4d6-a8a486da2c9d,alarm
vocabulary_no_audio,ab60a8d8-bfe2-4a5d-b010-c10d2b83d691,allow
vocabulary_no_audio,3cae2814-4449-4435-97a2-cdd5c4cd3459,action
vocabulary_no_audio,de691bde-bb6d-4c83-b1a6-358b516c59e5,active trusted key groups
vocabulary_no_audio,b3a0eb16-c466-4b88-a070-23e61945bb1b,active-active
vocabulary_no_audio,e3180607-3b5c-414c-9d4f-195dd860bb27,CodeGuru
vocabulary_no_audio,0146260a-bad9-426d-8f8c-ea3489f5bf7a,active-passive
vocabulary_no_audio,71d408f0-baab-469c-9ca9-11b896b7bb7c,additional authenticated data
vocabulary_no_audio,ffcacff1-14ba-4520-8ce3-ed5796ec1b76,administrative suspension
vocabulary_no_audio,e7527376-2cfb-4982-870b-a2b21d6ea6c8,Open Cluster Framework
vocabulary_no_audio,18e4b060-123e-48c1-9101-f312d8b9a696,Amazon Machine Image (AMI)
vocabulary_no_audio,4668df0f-f167-44d9-8ba1-49eaac299f41,commit ID
vocabulary_no_audio,0697408d-bb3a-4951-b3b5-cdc6f96624e8,Amazon Web Services (AWS)
vocabulary_no_audio,6a0ec3fe-03ef-4966-b962-b02293aa6edb,Amplify
vocabulary_no_audio,d3d6bee0-0e6b-434e-ac16-3cfac2ac7de2,Amplify Android
vocabulary_no_audio,104610d9-338e-4885-8724-e52be5a2d13c,AWS AppSync
vocabulary_no_audio,678c99c0-7e16-4942-9f78-b35ebc27645b,application version
vocabulary_no_audio,77ed5eab-f086-4bb0-9afb-9c00d439ff15,Amplify Hosting
vocabulary_no_audio,9fffc228-5e7f-4a82-9f1e-9e15e791dd55,Amplify iOS
vocabulary_no_audio,3c98a85f-ee5e-4600-8b71-a89d632451e3,CodePipeline
vocabulary_no_audio,71797857-64de-4e12-b300-ec1ea6015056,Amplify Studio
vocabulary_no_audio,c1411912-0f58-4ed0-a976-04a08989daf4,analysis rules
vocabulary_no_audio,c16cb34e-cb60-40d9-911a-1c9dc8f010da,analysis scheme
vocabulary_no_audio,d4fea1ba-60a2-412d-845d-af714cc1af59,API Gateway
vocabulary_no_audio,65193564-f11f-4022-9142-f9321ec38595,bootstrap action
vocabulary_no_audio,509832fd-2c5b-4c6c-aadc-7ae13806146b,AWS App2Container
vocabulary_no_audio,972d62a3-7d70-4f57-9cc4-cabef96a3a21,AWS AppConfig
vocabulary_no_audio,9d005190-b2e1-4a0a-96be-7b763147c652,Amazon AppFlow
vocabulary_no_audio,4872340e-5dae-4a1b-aab2-b69e353c87ee,availability zone
vocabulary_no_audio,1f7cb4a0-5f54-4581-8f44-a847552c9f2a,application
vocabulary_no_audio,855a126f-6d75-45a9-8447-e774f364debf,Application Auto Scaling
vocabulary_no_audio,8d083831-854e-4081-91b8-cbe2ef1b1c24,Application Billing
vocabulary_no_audio,d4cc2635-3254-4a83-a58f-26beca4a39e0,Application Composer
vocabulary_no_audio,64db6580-d958-4d93-8238-7bc830fc4e6a,Application Cost Profiler
vocabulary_no_audio,1a8497c6-3c09-464f-a67f-64ac3fe2e8a2,Application Discovery Service
vocabulary_no_audio,615cfeba-79b5-43fd-bea2-8d052eef21c2,application revision
vocabulary_no_audio,a0e9bafd-b292-4dc7-8cbc-83c5175a722d,application specification file
vocabulary_no_audio,d7419781-4348-4990-9d9c-ed65c19c52e9,WorkSpaces Applications
vocabulary_no_audio,1f6be132-15f4-4db5-9bc9-42fe34be59a1,cache cluster
vocabulary_no_audio,a5dbbb58-ec77-427f-b3bf-1c8750ed3f14,Athena
vocabulary_no_audio,de73f705-1e72-4a76-8003-509daf1cd0e1,atomic counter
vocabulary_no_audio,7e33ccbf-9f50-4390-907c-1b2fc24f5f97,attribute
vocabulary_no_audio,35cf40dd-cbf2-49a9-93aa-2b1ab6eb78ac,AUC
vocabulary_no_audio,fd5bb9d9-8c31-40bc-8750-07c3034f1686,bounce
vocabulary_no_audio,d68c5436-08ff-4070-b88e-650ce1e18446,Aurora
vocabulary_no_audio,9b3579f0-59e3-425c-aeca-d515b7f1ddcd,authenticated encryption
vocabulary_no_audio,a4a7f02d-c3ac-4e5b-92a0-d4450eed3bd7,authentication
vocabulary_no_audio,19acc0c4-09a4-435f-98f7-b9f9a4caa570,AWS Auto Scaling
vocabulary_no_audio,c100680d-cb32-44f2-b718-cdba5063be3b,Auto Scaling group
vocabulary_no_audio,d4aa2bc2-54ec-4a53-8eea-d42bec37eb78,cache node type
vocabulary_no_audio,ac4f8e81-8822-4700-b315-d56972a7f916,Oracle Cluster File System
vocabulary_no_audio,038f080d-50e5-4246-9a2c-e7364db009f1,back up and restore
vocabulary_no_audio,cddb3de3-7e45-4b60-945e-20835fb4f46b,Backint Agent
vocabulary_no_audio,d8f62e90-3e94-4c6d-b18a-1f2bf1f54c3c,AWS Backup
vocabulary_no_audio,d0b0f4f8-ccdd-477d-9b1d-3e1af488dcd8,basic monitoring
vocabulary_no_audio,9ac453d6-b72b-420d-8b69-47fa158dfa93,batch prediction
vocabulary_no_audio,a50c8a68-14c6-4e19-be7c-cdefc65a43ab,BGP ASN
vocabulary_no_audio,40b23ae8-c71a-4a1d-994b-02282b3a8982,Billing and Cost Management
vocabulary_no_audio,159aef68-d56a-4e60-86fd-b0d98df1d0ef,binary attribute
vocabulary_no_audio,40c0091e-d393-4b5e-a736-057c5d919ad1,bundling
vocabulary_no_audio,3669298e-def8-4426-8eaf-e1b34bfb54cc,Open Container Initiative
vocabulary_no_audio,6ec59466-404c-4769-b8c1-3757547214c6,binary classification model
vocabulary_no_audio,70195c71-b0ff-48be-ae9e-e22268c2214e,block
vocabulary_no_audio,3cc7422f-7f33-40ac-ab9d-945741a6e94e,block device
vocabulary_no_audio,40191a6d-85ee-4985-9fba-fb4427ae1814,block device mapping
vocabulary_no_audio,db962fc5-d584-4df7-a40d-13d94d49c58d,blue/green deployment
vocabulary_no_audio,9d198f8f-ec05-468a-88ce-38e01edede85,Braket
vocabulary_no_audio,3ad2919b-deaa-4828-a315-55f036fc569d,breach
vocabulary_no_audio,ecdb60d1-5dc3-468d-8d85-0e14e905f01a,bucket
vocabulary_no_audio,338bb2e8-4057-462b-9f8f-42fcbaab587a,bucket owner
vocabulary_no_audio,ec96689e-28df-44a1-9d24-a942ab8046ee,cache node
vocabulary_no_audio,8ec72616-d3c4-4882-b750-c8efcba2a421,cache security group
vocabulary_no_audio,31e8cfc4-9bda-4fc4-810a-570db3fda2ec,campaign
vocabulary_no_audio,707b3112-84a1-496e-bc96-a398ebfaec38,canned access policy
vocabulary_no_audio,ce75eef7-17e7-48e6-a51c-104736e45a6a,canonicalization
vocabulary_no_audio,62ad84b1-f978-4eb9-a0a0-6264cc224f61,capacity
vocabulary_no_audio,5301e163-afc8-41a1-959f-1ee72204386f,AWS CDK
vocabulary_no_audio,562fb176-c899-40cc-90b1-e5fd19b3f0cc,CDN
vocabulary_no_audio,f96e88f1-c439-43d8-8c1d-a6ae84f6964b,certificate
vocabulary_no_audio,48822054-71c6-4a74-a2a2-9d55a74d997d,Standalone LDAP Daemon
vocabulary_no_audio,a268b481-b002-414d-a65b-9e4140807b61,chargeable resources
vocabulary_no_audio,b36427f6-ecf0-4c09-a880-080de3053ec2,cloud service provider (CSP)
vocabulary_no_audio,f81cec3f-44b8-4231-a2bf-e3ef9e9c3578,Amazon Q Developer in chat applications
vocabulary_no_audio,d64f6387-a651-40c3-909e-cc42d7432b22,Amazon Chime
vocabulary_no_audio,4c7e9c33-b408-4d9d-b1a3-16e04e37839f,CIDR block
vocabulary_no_audio,89335b51-bf91-4036-ae8e-3981ff721ace,ciphertext
vocabulary_no_audio,a3acefa2-d21d-4cbf-8e2a-dd77825bb2bf,classification
vocabulary_no_audio,bbefbb90-1277-4307-ace1-1652cd651b62,AWS Clean Rooms
vocabulary_no_audio,c349fa91-1a91-475d-aec6-f77eacc74d43,environment configuration
vocabulary_no_audio,35d893c2-03e7-4d36-a714-b1feb0e12139,Client VPN
vocabulary_no_audio,377eed23-5d22-48c1-a99a-39891f89b620,AWS Cloud Control API
vocabulary_no_audio,6a475332-3251-42e3-a434-2e5dcad5c9d1,Cloud Directory
vocabulary_no_audio,4f850267-69d5-4672-ab5f-a06de28a2667,corpus
vocabulary_no_audio,de343db4-d767-4a53-bf4d-edf1191c9633,regression model
vocabulary_no_audio,5035aaa4-aa45-4f3f-8601-40e665fc4e83,AWS Cloud Map
vocabulary_no_audio,07764c74-0b95-4ed5-a0f7-61bb976eb9f5,AWS Cloud WAN
vocabulary_no_audio,ba97e89b-e97a-4629-9279-64baab5f3da6,AWS Cloud9
vocabulary_no_audio,6dc25183-c0ce-405c-b8bb-07e294e01d4e,CloudFormation
vocabulary_no_audio,42269058-4e0e-4d00-ae2e-fca07a53f1aa,CloudFront
vocabulary_no_audio,4c8c5219-34f7-44c2-8380-282caf0072d6,CloudHSM
vocabulary_no_audio,91d56035-99fe-42ee-8cb5-7ab1089a794d,CloudSearch
vocabulary_no_audio,a5cac38f-202c-462f-8b92-22e1d9281aa2,CloudTrail
vocabulary_no_audio,d4615b8f-2c92-42ac-ad0f-ed6aa13f4d79,CloudWatch
vocabulary_no_audio,116f5051-aee5-4b43-b850-62ea6c5aee94,CloudWatch Events
vocabulary_no_audio,eab191a2-5e8a-4793-9391-8446c3a07dc4,CloudWatch Logs
vocabulary_no_audio,a40dd974-2539-453b-909c-94fa6aea2184,Network Time Security
vocabulary_no_audio,54d70b82-1eab-4349-a193-07c998dad712,cluster
vocabulary_no_audio,5c3a9778-7c7e-48bf-bb4b-166e83992ca1,cluster compute instance
vocabulary_no_audio,e1a4efa8-6b09-45b7-b42e-da246a6b6f31,cluster placement group
vocabulary_no_audio,b944f856-4435-4d1c-9df5-c83a74197132,cluster status
vocabulary_no_audio,bf1e7cda-7162-4f54-afa6-2911515015e6,CNAME
vocabulary_no_audio,eca6ac83-7df2-4206-af17-e382e3c53c7a,CodeBuild
vocabulary_no_audio,464df283-2f81-4cc4-9f6c-b29ec89d3c23,CodeCommit
vocabulary_no_audio,ba562f47-92e4-4fb3-b452-bb1d221f3ad5,CodeDeploy
vocabulary_no_audio,de9c2df4-a4da-4489-84d8-4696178ff0f9,Amazon Cognito
vocabulary_no_audio,4e87c847-9686-456e-afb6-699ca3dc5bc5,collaboration
vocabulary_no_audio,c32faff5-2414-47df-a0ce-e9638a862cfb,AWS CLI
vocabulary_no_audio,59e49333-9f88-4aa4-83e3-cf03039b642a,complaint
vocabulary_no_audio,a5e8c42c-c8eb-409e-a486-1d5d6874681e,compound query
vocabulary_no_audio,4ee47ec2-1b11-4dd4-a87e-a0726678d283,Amazon Comprehend
vocabulary_no_audio,665709a5-1aed-4228-8298-66f6516636c8,Amazon Comprehend Medical
vocabulary_no_audio,e8475326-f6af-4168-b9a7-7c481dd582a6,continuous integration
vocabulary_no_audio,718b11c6-563e-4494-a9eb-36f009f5e4bb,container definition
vocabulary_no_audio,629ce4e1-182e-4692-aebb-5a34216706e6,continuous delivery
vocabulary_no_audio,f431a6b3-f719-496f-ae9c-06ad43e0b1f4,condition
vocabulary_no_audio,6f6a7b02-6293-41a7-bec4-e9ae165b4b01,Second Level Address Translation
vocabulary_no_audio,37c26571-c535-4455-93a7-b1b5f325dfd9,customer managed policy
vocabulary_no_audio,db0fca80-1ce0-43eb-8304-c0546e61f9ae,AWS Config
vocabulary_no_audio,4198bf5c-5144-424c-b1d3-b608630f1f27,configuration API
vocabulary_no_audio,73a80ba0-237b-48ed-bd26-54a18ea3c2ba,configuration template
vocabulary_no_audio,cbc0fe01-0f03-4e49-a960-90b0b453d266,Connect Customer
vocabulary_no_audio,83c49e25-0ff8-4d4b-9b8a-9a44768b5b61,consistency model
vocabulary_no_audio,785cee39-21a0-4250-9f00-5403ba9f9ef8,Console Mobile Application
vocabulary_no_audio,2c892f56-e840-4311-81c4-e61b6b3919da,AWS Control Tower
vocabulary_no_audio,52816891-a77d-4c68-99fe-4d52dad38e3f,release
vocabulary_no_audio,434e8ba0-3d94-408e-9c23-69403bc5bab6,consolidated billing
vocabulary_no_audio,6f6283c6-5a0c-40d6-8639-43f4ae56c2bd,container
vocabulary_no_audio,126734cd-3e6c-48e3-930e-bc8c5499a68c,Docker image
vocabulary_no_audio,4be84b0f-e163-4292-96c6-5abc2bedb78c,customer master key (CMK)
vocabulary_no_audio,5f16a01a-24ed-4603-a9c8-d731c863469f,container instance
vocabulary_no_audio,0d1ed25f-4c7b-4b8b-b8fc-a3d3e306ef36,container registry
vocabulary_no_audio,15b4b5b0-cc8f-4010-9232-f80c5f0c2530,smart card
vocabulary_no_audio,7bef05db-e2f3-4101-8165-435ff7adf58b,content delivery network (CDN)
vocabulary_no_audio,2f1335bb-e792-45db-8bb8-9940f9d230bc,contextual metadata
vocabulary_no_audio,7c00a6a1-760f-4b55-8b06-a480c1384fed,cooldown period
vocabulary_no_audio,09fc95a7-e83e-4ec9-8850-1b7a186d3287,Cryptographic Computing for Clean Rooms (C3R)
vocabulary_no_audio,2e16e8e6-3fd0-4c2c-9625-efbd2dc5028d,AWS DeepRacer
vocabulary_no_audio,185d1671-09c7-4dd1-ab84-84e99c9c71b3,Nagios Remote Plugin Executor
vocabulary_no_audio,91d2f8d8-0986-49a6-aaf9-e84966b266a2,core node
vocabulary_no_audio,8c3351bf-13b0-4785-911a-b386cdc655d3,coverage
vocabulary_no_audio,2db2c9c0-7d0b-4d8d-9023-b26715df987e,credential helper
vocabulary_no_audio,7b019a22-d44f-45b1-a9d2-e098c7075938,credentials
vocabulary_no_audio,433e9138-df8d-4c66-b50d-c125b489d847,DB instance
vocabulary_no_audio,483b4b97-1e42-442a-83e3-30b3ea7279b3,Internet Relay Chat
vocabulary_no_audio,f9211ba2-eadf-449f-8406-eb284f6d0119,cross-account access
vocabulary_no_audio,86090ec7-98ff-4aa3-8896-c85b77d8f642,cross-Region replication
vocabulary_no_audio,b94e59bd-703b-4010-9dfe-537f4feb7598,Dedicated Instance
vocabulary_no_audio,8bf372a4-7406-4c8e-a00c-bf3f1434803a,customer gateway
vocabulary_no_audio,b867e1ef-ea83-4d78-9ed3-907c930a9d16,data consistency
vocabulary_no_audio,0c61d157-be4c-4d89-8f0a-14f022287e33,AWS Data Exchange
vocabulary_no_audio,5cc739b1-e3ff-419e-a824-54a3f54445c8,Amazon Data Lifecycle Manager
vocabulary_no_audio,63e5093f-f0b1-4cfe-9724-0ef75c4fae72,data node
vocabulary_no_audio,33c13e9f-e009-4b52-a15a-a8aa8e037a15,Data Pipeline
vocabulary_no_audio,35bc8cb0-9301-464d-8593-cd85ee734944,DB instance identifier
vocabulary_no_audio,4c29da9d-e533-42e8-a7ac-a8e38f880e6d,Online Certificate Status Protocol
vocabulary_no_audio,cbb5d4ed-81cf-4084-ab4c-226a09aefcfc,data source
vocabulary_no_audio,87eef216-06ec-484a-9548-b032a5c7e501,database engine
vocabulary_no_audio,52ca8669-8a8b-4398-98d9-826ef82d4bd8,Description property
vocabulary_no_audio,d9e73568-4e47-44dc-a615-963d65b1a87e,database name
vocabulary_no_audio,45eb3b93-1b72-4b51-a918-5c872e7f98f5,dataset
vocabulary_no_audio,06993603-3e34-4da4-aeff-d66ef4cbba92,AWS DeepComposer
vocabulary_no_audio,257a2e33-1937-4b74-a7ea-287ff2a2b667,dataset group
vocabulary_no_audio,c26484d4-2873-46f4-9fda-7273d5ca95a2,datasource
vocabulary_no_audio,e40c4532-50f9-4236-a835-bb7d1cfe0afa,DataSync
vocabulary_no_audio,72b751b1-fe78-40de-976b-73de98d73cc7,DB compute class
vocabulary_no_audio,0d7a7157-f4bc-41cf-a284-357fbc76ae04,DB security group
vocabulary_no_audio,8717a2e4-52a2-4ece-a32d-76591efb8d71,DB snapshot
vocabulary_no_audio,ca889a82-fe6f-4c2c-914c-d443d1bcaf65,dedicated master node
vocabulary_no_audio,a59add4b-93c2-4e75-afa9-124ffccca079,Dedicated Reserved Instance
vocabulary_no_audio,0333d746-ef73-435e-bdfe-79513cdd3c4d,AWS DeepLens
vocabulary_no_audio,462bb7d1-5407-4f76-b5b9-4a0304750b1c,delegation
vocabulary_no_audio,304e9a14-3081-4fd2-abf0-4a073298f691,delete marker
vocabulary_no_audio,d7b77bd2-840b-4f8f-952d-5e95f6c3764b,deliverability
vocabulary_no_audio,2f3d1d00-6d6d-4e59-9309-4ed511e9f651,deliveries
vocabulary_no_audio,60aa7983-cba2-4c08-9114-220a17c4bc49,deny
vocabulary_no_audio,a1cc0551-b166-430b-aba9-deadbbb18d4c,deployment configuration
vocabulary_no_audio,f7a122bf-aa2c-4939-9f1b-85c370bf4828,deployment group
vocabulary_no_audio,51a14b29-134c-4380-9464-045a467eb94d,AWS Elemental MediaTailor
vocabulary_no_audio,b39a3688-c2e2-4bd4-8b35-a7c6d55b9df6,Detective
vocabulary_no_audio,753d7f95-7c64-44cb-8766-2ea0cfaf8c33,Device Farm
vocabulary_no_audio,a79a5e4c-6e05-4045-b1a8-005e3ff2cb60,Server Message Block
vocabulary_no_audio,8773e9b1-9679-4f7a-bb1e-2544234e5f35,Amazon DevOps Guru
vocabulary_no_audio,6918a2a5-4721-44d7-b5e8-6282dfb7fe44,dimension
vocabulary_no_audio,409e31f7-3282-42ec-9023-948bd1c9897a,Direct Connect
vocabulary_no_audio,2db247cd-75da-4a27-b3d7-da5cef911ac1,Directory Service
vocabulary_no_audio,12eec8ff-da98-4429-a223-1be1b49ab26c,discussion forums
vocabulary_no_audio,6a16408b-e1ca-4885-b815-0af3231800b0,distribution
vocabulary_no_audio,8cf731ac-e4be-48b3-9f37-849d3521260b,DKIM
vocabulary_no_audio,dcea0be4-41b7-4ee9-ae17-12150bfe6ae1,AWS DMS
vocabulary_no_audio,9fbad6da-f772-4ebd-a20f-e03aefd0c5c5,document
vocabulary_no_audio,8de9f6e6-9e02-455c-9744-75e0a9b988e9,document batch
vocabulary_no_audio,3294b8f0-ecf1-4f17-9e2d-0aaee5b00daa,document service API
vocabulary_no_audio,1577c331-d457-4133-9c4a-fe80e4ee2171,document service endpoint
vocabulary_no_audio,d0f6381e-5d91-46d4-b8be-36701fe3e19e,Amazon DocumentDB
vocabulary_no_audio,1ed0dcef-4386-4fe7-bad1-4199ecb688c4,domain
vocabulary_no_audio,cf48a6ee-8d43-47b2-bf88-f65e4aa15f77,Domain Name System
vocabulary_no_audio,e32d2635-c92a-435f-b626-52a805c06c1b,Donation button
vocabulary_no_audio,d0cfbe7a-495f-4ad7-8a20-251a792444ae,DynamoDB
vocabulary_no_audio,9aa2ca22-18b4-4d72-bce2-8fbe89a79377,Amazon DynamoDB Storage Backend for Titan
vocabulary_no_audio,3fc5ff33-f137-4bea-9ae4-994890ffd561,DynamoDB Streams
vocabulary_no_audio,9044a67e-e6f1-4bef-b8e6-827d93220d20,Amazon EBS
vocabulary_no_audio,4cd9df31-4d33-430c-9176-73115e95697b,Short Message Service
vocabulary_no_audio,4f302a85-a75f-4aac-acf7-27c5a245d0dc,Amazon EBS-backed AMI
vocabulary_no_audio,0d5cad03-0ed5-458f-99da-a91ade4b50cc,Amazon EC2
vocabulary_no_audio,edafb221-7f61-419b-ad59-d8128bbc67bc,Amazon EC2 Auto Scaling
vocabulary_no_audio,bf22c9fe-7ad7-4f4e-bcbd-dfbf0182346f,EC2 instance
vocabulary_no_audio,ef4e15e0-d72e-4352-a4b9-10b6362cec9f,Amazon ECR
vocabulary_no_audio,2ea93b89-0476-468e-a13b-72b61a962315,Amazon ECS
vocabulary_no_audio,53985a64-babf-4e26-a2fd-e415f9c91fc7,ELB
vocabulary_no_audio,4008981f-3682-4c4a-afc9-bda2142264c5,edge location
vocabulary_no_audio,9041130f-68bb-47e0-b2c6-491ae2476289,Amazon EFS
vocabulary_no_audio,694523a4-803b-461a-968f-2d1d81980b3b,Amazon EKS
vocabulary_no_audio,570e0386-1d5b-4f61-b33a-08d9eb3d3593,evaluation datasource
vocabulary_no_audio,e3a8d2ac-3254-4ddd-a2ea-dd1565220996,Simple Mail Transfer Protocol
vocabulary_no_audio,a69b3f96-b40c-447b-ab41-f5114e3629cb,Elastic
vocabulary_no_audio,8b554d15-0c51-4302-a9e0-ec0838c3cfe1,Elastic Beanstalk
vocabulary_no_audio,8a82c3bc-1eef-4085-affd-90194b69d528,Elastic Inference
vocabulary_no_audio,794966be-cff0-4730-b802-a1339ea262c9,Elastic IP address
vocabulary_no_audio,00a82396-3405-47ed-810f-55bee38ebd17,elastic network interface
vocabulary_no_audio,f0d88041-8a80-444d-b5b9-2beb1e0da12b,Add-ons
vocabulary_no_audio,f10ff921-19c3-47e3-b0e8-22fe2863f1b9,Elastic Transcoder
vocabulary_no_audio,39206294-159d-4688-8e62-56b61c6e55a4,HealthLake
vocabulary_no_audio,95436b66-394a-42d4-9eb4-699f3da962f8,Fault Injection Simulator (AWS FIS)
vocabulary_no_audio,f297b822-8fa5-4b7b-ae09-4bcc7f60c314,ElastiCache
vocabulary_no_audio,034ce0a6-9e00-40f1-a06f-1fb03bdef520,Elasticsearch
vocabulary_no_audio,edf5041c-aed8-43eb-a11f-f5e7879d0be1,AWS Elemental MediaConnect
vocabulary_no_audio,586fa08b-e371-4e6b-afc7-24761da61c48,AWS Elemental MediaConvert
vocabulary_no_audio,b61b72bc-463d-4be2-9c8f-bf653d84047a,AWS Elemental MediaLive
vocabulary_no_audio,6c59c915-dd5e-456e-8f41-1f9044e72552,AWS Elemental MediaPackage
vocabulary_no_audio,238846e5-d6bf-462e-96ef-51f581a1f3a9,AWS Elemental MediaStore
vocabulary_no_audio,25b435c5-188d-476a-9e4f-9cc7c19d90bb,epoch
vocabulary_no_audio,0c11a569-ed0a-4d25-8947-9face27b2662,EMP
vocabulary_no_audio,a9270949-f9e8-40db-8269-ab8b9f2f3b10,evaluation
vocabulary_no_audio,2642e6e7-66a4-46ff-b905-3c01969792ac,Amazon EMR
vocabulary_no_audio,4fde2a24-f76d-43ab-bb3e-9bc6c1cb1ebc,encrypt
vocabulary_no_audio,a25c245d-ff3d-4321-b221-f6ecda9edac4,encryption context
vocabulary_no_audio,1758ebdc-4e73-4175-a48d-9138a5a290c5,AWS Encryption SDK
vocabulary_no_audio,dfea1941-0df3-4be5-86f2-bdca5c2fd368,OpenLDAP
vocabulary_no_audio,c95d8178-2adb-495f-8c01-5929bf6e8011,endpoint
vocabulary_no_audio,5dcca1d9-21e0-4481-9f5d-988c59b61162,endpoint port
vocabulary_no_audio,e060577e-daad-4b8e-9c5d-a6fe5d9e1b83,envelope encryption
vocabulary_no_audio,71d55fb4-3d24-4934-a62c-e1d14401d6e3,environment
vocabulary_no_audio,4c19530a-3baf-40f5-bbc0-5bb9d564f527,event
vocabulary_no_audio,438e8c24-a662-4511-942d-87fc69b94aec,event tracker
vocabulary_no_audio,3229c6f1-f321-4b65-8a31-48c361e64541,EventBridge
vocabulary_no_audio,346bf09a-32ee-42af-9250-06dba5ba557f,Forecast
vocabulary_no_audio,556ff693-c222-4c6f-ab30-9258a93bbf8d,eventual consistency
vocabulary_no_audio,77688cbf-6efd-499f-98c8-dccfaaa2831d,eventually consistent read
vocabulary_no_audio,cb4f5338-5f4f-46e7-b2b1-984b1d0978fb,eviction
vocabulary_no_audio,330a2a97-568f-4f6d-ae71-72c8afe6d156,exbibyte (EiB)
vocabulary_no_audio,11ec831f-e07c-4256-93e5-45d00ed771cf,hardware VPN
vocabulary_no_audio,c807b1bc-f179-45c8-a7c5-51b315368ec0,highlight enabled
vocabulary_no_audio,49ee5681-a8ff-496f-9c89-f829c10c4cf9,SMTP Secure
vocabulary_no_audio,871a277c-e460-47a8-9e04-392436670782,AWS Fargate
vocabulary_no_audio,a2361cad-b281-4a11-99ae-444acdab0078,expiration
vocabulary_no_audio,c6869f14-572c-4050-973a-203e822596ca,fuzzy search
vocabulary_no_audio,2f5bc052-cc64-42e6-a8b1-a5172da0e408,explicit impressions
vocabulary_no_audio,bd8c3949-ffd1-4291-8589-ae4d09ff1a69,explicit launch permission
vocabulary_no_audio,a2d31159-fcac-4eae-bdc1-5970d7f43943,exponential backoff
vocabulary_no_audio,34bec28b-353a-4cfd-8434-78ba2baa686c,expression
vocabulary_no_audio,943e508e-d888-415a-9ac0-43eca6c0eaae,"extract, transform, and load (ETL)"
vocabulary_no_audio,44b889b2-81a2-4658-b8f4-4245d3b2ea6c,facet
vocabulary_no_audio,ed7ae6ad-e43b-425e-9245-f8c78ab49a94,facet enabled
vocabulary_no_audio,6caa214f-a74b-4270-a41f-29e9985c24b7,AWS Health
vocabulary_no_audio,06627768-7d32-4aa8-8074-1ff80a830f78,GameKit
vocabulary_no_audio,13a283e5-820d-45de-8539-3025a29f9a19,feature transformation
vocabulary_no_audio,6e963daa-8eaa-4d5d-837e-b3a5e9e9138c,federated identity management (FIM)
vocabulary_no_audio,bccca570-64cd-4b10-8180-b38b1873b903,feedback loop (FBL)
vocabulary_no_audio,7f28749d-44ac-4d2f-b8a0-bf2b483d319c,field weight
vocabulary_no_audio,f5b71489-464c-46a1-9240-a81526327997,filter
vocabulary_no_audio,29c8db95-1d7c-469f-bea2-df92ed248ab4,filter query
vocabulary_no_audio,76557505-a267-40ec-9b1c-ffd4d84ca5da,FinSpace
vocabulary_no_audio,df9df606-5212-411d-bece-9bf7f9e4cb6e,Firewall Manager
vocabulary_no_audio,cc4da576-bff4-4c0c-9243-31623470ff5a,Public Key Infrastructure
vocabulary_no_audio,08b6e1f2-41f2-4b1e-8849-1c939f87beef,Amazon GameLift Servers
vocabulary_no_audio,270c394c-fd7c-4ddf-a33d-a9e89932c65e,GameSparks
vocabulary_no_audio,84a0a579-afe8-40ff-bb49-cccd6e44eb64,geospatial search
vocabulary_no_audio,cf6e532a-a770-4706-92cf-612d2d917d0c,gibibyte (GiB)
vocabulary_no_audio,18cb504a-0c94-411e-af21-2c5361a6586e,GitHub
vocabulary_no_audio,b58528eb-0c24-4511-b5b5-319ce7fdd4df,Global Accelerator
vocabulary_no_audio,d51c6f48-5a5d-47f5-aceb-26445dcc8021,health check
vocabulary_no_audio,a244b4b1-6fff-4c67-a982-c8814d70fab7,namespace
vocabulary_no_audio,45d4f16a-73e6-4c2b-b91c-846e13659097,global consistency
vocabulary_no_audio,b6fbc8a6-5210-4c8c-8fdf-f59118e9d053,global secondary index
vocabulary_no_audio,66294389-6ff6-4813-8b4a-3ea2507ec8cc,Image Builder
vocabulary_no_audio,51483c26-2a9d-4160-b560-c2d385480112,AWS Glue
vocabulary_no_audio,1c515d96-f705-4fe1-9ccc-29bb4d4278c4,AWS GovCloud (US)
vocabulary_no_audio,31c8d286-4778-43f2-8411-d52f48d6a3c6,grant
vocabulary_no_audio,528ebb25-f583-4b63-bb1c-4cb6589ea84b,grant token
vocabulary_no_audio,77af80a9-008f-42c3-97f9-6fe4b9005a71,ground truth
vocabulary_no_audio,c0f24718-8a53-47d2-bdbf-91e23794845c,group
vocabulary_no_audio,fc5374c3-3fbe-45e2-87ff-187783e940c1,GuardDuty
vocabulary_no_audio,1c45d2d5-6b5c-4a58-aaf4-6edb27517768,Hadoop
vocabulary_no_audio,98229a01-c2cf-4dda-b698-aef98385b53e,hard bounce
vocabulary_no_audio,d80e06be-7775-4863-8ac5-45ed51ccc57c,high-quality email
vocabulary_no_audio,efb15efb-0fce-4352-acae-a9297a70395c,hit
vocabulary_no_audio,98091d83-5856-4686-985f-1678baddde91,instance
vocabulary_no_audio,5f1d3e58-bcca-41a6-a334-7c3417e170a7,Non-Uniform Memory Access
vocabulary_no_audio,6e143900-8e97-4303-8841-4b34b4b11a5e,input data
vocabulary_no_audio,7892162a-4ff6-4246-b62f-56a57f87a659,HMAC
vocabulary_no_audio,7fc4131b-6daa-40c4-97be-f82a6dc8cd2d,hosted zone
vocabulary_no_audio,69b52a3d-97dc-43be-8ce3-7ca48071fff7,hot standby
vocabulary_no_audio,d2040010-b016-46a5-b9b6-acdc3fa0c2cf,HRNN
vocabulary_no_audio,4be893bd-fc82-4506-a6ba-4a66f2a74b07,HVM virtualization
vocabulary_no_audio,83fbe39d-a294-4944-9d04-8a977b71e851,IAM
vocabulary_no_audio,c736582b-0a77-4eaf-84df-e7043f68eae7,index field
vocabulary_no_audio,dfdc99a9-48b7-495a-a64a-694927e4591e,IAM Access Analyzer
vocabulary_no_audio,b7131ae2-4a62-446f-81c2-1102b8cfb3d0,AWS IoT Greengrass
vocabulary_no_audio,65ef8a6e-1a36-4287-8b50-0daa0a8ab06c,internet service provider (ISP)
vocabulary_no_audio,f832eb49-6b0a-4a97-97f5-b27229025ad0,IAM Identity Center
vocabulary_no_audio,c1857200-18ec-4c7e-b36a-95a31517e3dd,implicit impressions
vocabulary_no_audio,c663b7ee-b905-4505-acdd-a9235ae1c565,import log
vocabulary_no_audio,539c7fbb-fe56-4f95-8f20-252346d7241f,Import/Export
vocabulary_no_audio,e416578f-4e2b-43ed-9d10-e255e32eb2a3,import/export station
vocabulary_no_audio,eba604d6-d0dc-41f6-a939-f59a63013405,impressions data
vocabulary_no_audio,a664e60c-a659-4a4b-ba71-1aa60a982a4c,master node
vocabulary_no_audio,dce85bf8-0591-4744-be55-48da4e221146,indexing options
vocabulary_no_audio,77c524c6-e131-444e-ab3b-a7cedb147760,inline policy
vocabulary_no_audio,d788e503-60e9-4ba1-8eb2-bfe0d15dadec,in-place deployment
vocabulary_no_audio,e6b00fa9-a0f7-498a-894d-9fa284a797c0,GNU Debugger
vocabulary_no_audio,f32a393a-4e65-46f8-8b5f-cfd6d06654a0,Amazon Inspector
vocabulary_no_audio,3e0052c7-d2f4-447d-8d76-83e717b308d8,instance family
vocabulary_no_audio,ef1955dc-e4dc-42b9-a779-0db8172a1ec2,instance group
vocabulary_no_audio,e9c69af3-895e-4788-b7be-14c70472786c,instance profile
vocabulary_no_audio,0506bb1c-afa0-488a-908f-9ce507e70359,instance store
vocabulary_no_audio,40a0d2c4-64f8-4f4a-97e2-957acc6f954c,instance store-backed AMI
vocabulary_no_audio,7b19bbcf-d8dc-4965-8fea-bfb45e590c75,instance type
vocabulary_no_audio,0a0bbd7a-8a12-47d1-b998-23e516b1af61,micro instance
vocabulary_no_audio,921bbc90-6e93-4f37-94f2-64f1ede2c19a,AWS IoT RoboRunner
vocabulary_no_audio,4e3b9992-78fa-474d-9019-98fa45f663d2,Interactions dataset
vocabulary_no_audio,ba6775ce-146f-4044-b895-2c18f7c77193,internet gateway
vocabulary_no_audio,12a8ec8a-5191-4886-b496-ae87e97f0fb5,pluggable
vocabulary_no_audio,8053c25a-bc4c-42f7-9f08-490cef8d8705,intrinsic function
vocabulary_no_audio,d0260d7a-680c-4884-810e-e206ad15b8a6,Nvidia
vocabulary_no_audio,25742bba-fc51-4d5e-b290-44feee35dd2a,AWS IoT 1-Click
vocabulary_no_audio,2eb10bd4-bd6b-46f7-969d-b7d46eb440a3,AWS IoT Analytics
vocabulary_no_audio,c5d48a90-af19-48c0-a53b-317ebe01b935,AWS IoT Core
vocabulary_no_audio,28045e7c-78f9-4cd9-bfaa-ed0a6c6abc31,AWS IoT Device Defender
vocabulary_no_audio,88a6cc06-cb59-45f3-958a-37be079f3ea1,AWS IoT Device Management
vocabulary_no_audio,b93e4d56-c4e5-45e0-a42a-de22c9c16995,AWS IoT Events
vocabulary_no_audio,a75d0ec6-e014-4291-bcb7-ed1be28f8231,AWS IoT FleetWise
vocabulary_no_audio,4a5767a0-69bb-40d7-b980-b01bc4d2a601,Open Smart Card
vocabulary_no_audio,85e50e22-2319-4b70-b0c7-9374b37f7c50,AWS IoT SiteWise
vocabulary_no_audio,a9437340-9b6f-471d-9872-c4aa708c2025,AWS IoT Things Graph
vocabulary_no_audio,cd90040c-d311-4022-86e6-551cc78cb672,Poll Mode Driver
vocabulary_no_audio,a59d447b-0a83-4718-9be6-3b92fdfb21c3,IP address
vocabulary_no_audio,c492805a-5d13-49b1-972d-c9a50a9caa76,JSON
vocabulary_no_audio,7d39f648-ceb6-4e70-9e6d-36bdf54faeac,IP match condition
vocabulary_no_audio,dcdd8f14-a4e4-447d-a154-f24a9c9395cc,AWS IQ
vocabulary_no_audio,532751e1-1c56-421e-868b-97b015999c69,issuer
vocabulary_no_audio,4289d551-3a99-4b34-af94-54297ad82632,item
vocabulary_no_audio,6b20beef-db21-4f41-9fe1-9821357b642d,sort enabled
vocabulary_no_audio,6f1a1650-efdf-4c5d-9082-640fbc5b9045,item exploration
vocabulary_no_audio,83e54642-70a4-468c-9742-a896515f662a,Snap
vocabulary_no_audio,aeb93574-9cc3-4cc3-b67c-0efa3e22e7bf,primary key
vocabulary_no_audio,404b0229-741a-4384-9a28-3b3c9ab08ad5,item-to-item similarities (SIMS) recipe
vocabulary_no_audio,c193f83b-b371-43fb-935f-a3bed56bd63f,job flow
vocabulary_no_audio,7f7ad793-cb8a-4666-9133-e620113db000,job ID
vocabulary_no_audio,e48c82cd-ef21-456e-9061-cf5c98510b5c,job prefix
vocabulary_no_audio,1ca5a16b-9b54-4922-afc4-0ab0aa714b89,junk folder
vocabulary_no_audio,b1f03f6d-5cc9-48ea-82bd-c27603f5d976,Amazon Kendra
vocabulary_no_audio,86c780b7-d147-4a9e-8429-34cc5e5044e2,key
vocabulary_no_audio,c9e7a584-5d22-4107-855b-9dd2fe902fa5,key pair
vocabulary_no_audio,6e4bc4c9-6c70-471c-9035-9170716a2c45,key prefix
vocabulary_no_audio,141b7318-68b7-40ba-b809-4f0ed3628219,Amazon Keyspaces
vocabulary_no_audio,5bbb7589-a6a1-4510-89c8-affb94adfd7a,kibibyte (KiB)
vocabulary_no_audio,a64e90aa-f7c4-4a0f-803a-77c8f5230691,Kinesis
vocabulary_no_audio,e1012099-af85-404f-8dbf-e06861b26d5b,Kinesis Data Streams
vocabulary_no_audio,df395047-769b-4185-a3a9-1269f9066555,AWS KMS
vocabulary_no_audio,df1173f1-c136-4faa-a623-d2aa8a8a8633,KMS key
vocabulary_no_audio,1f07094e-70dd-4e3f-a83b-a6925b5af48e,labeled data
vocabulary_no_audio,bf1295b6-6ed2-476b-8491-5f1538ae2880,Lake Formation
vocabulary_no_audio,0f93fd16-1dce-4f65-9fcd-80db14e170c4,Lambda
vocabulary_no_audio,a62b096f-04f4-46c1-807c-02d728534846,Managed Blockchain
vocabulary_no_audio,93e7a4f9-b0d5-4730-b7f3-d07140d2c79d,launch configuration
vocabulary_no_audio,748d089b-14ad-4085-9fcc-6b4509990b24,launch permission
vocabulary_no_audio,cedc9af7-72cd-42b9-b185-29436ebcdcfd,Launch Wizard
vocabulary_no_audio,1c5add97-b7d7-41ed-92d2-53a686b944cf,Amazon Lex
vocabulary_no_audio,8ec558ed-e2a7-408e-8802-bc1394c91c0c,lifecycle
vocabulary_no_audio,6dd71188-47fc-4962-bd60-b67489508757,lifecycle action
vocabulary_no_audio,b04f3d9b-1386-4d84-9182-b45cfd7c2301,SPF
vocabulary_no_audio,dfccc610-f44a-4d15-b920-287cb31d37dc,lifecycle hook
vocabulary_no_audio,036ca712-dc95-401e-a2a8-f0eba2d6f7fd,Lightsail
vocabulary_no_audio,7f025a27-5752-4542-8dad-49077b909d88,local secondary index
vocabulary_no_audio,40bf8b2a-f9ea-4c1a-af68-cdc45919b2e9,Amazon Location
vocabulary_no_audio,bf14dfc5-e1bf-458c-a2e9-a2473613d2cb,mapping
vocabulary_no_audio,beac3746-9734-4798-8f20-6fad4d3051c5,logical name
vocabulary_no_audio,181e28ab-241e-4158-bb5a-6a32e0db422f,Host Bus Adapter
vocabulary_no_audio,26006555-4684-4456-9b8f-0736c7ea8f38,Lookout for Equipment
vocabulary_no_audio,6e8c9add-932a-4127-8405-5dd15fbdcca4,Lookout for Metrics
vocabulary_no_audio,804ff0d9-f67a-41de-a441-c16946364269,AWS Management Console
vocabulary_no_audio,e8325816-3233-4d45-82ac-7fa5280315cf,Multipurpose Internet Mail Extensions (MIME)
vocabulary_no_audio,bbd2c49f-0ccd-4a04-bd7d-3d1f88051d1d,Lookout for Vision
vocabulary_no_audio,424234fb-59dd-48ee-ba4e-e5fefd34d075,Macie
vocabulary_no_audio,783bbc59-7e6b-41f6-9aac-0f0996a11010,Mail Transfer Agent (MTA)
vocabulary_no_audio,03d8ff9f-5bf5-4b0a-a821-bd06447d0b1a,mailbox provider
vocabulary_no_audio,932823aa-ef9f-419a-bf15-f77bf5c068db,mailbox simulator
vocabulary_no_audio,6e8c68c2-f9f3-4318-96bd-c9fb615a0555,main route table
vocabulary_no_audio,9bd141d1-56a2-4faf-b7bc-5fec5aa72d70,AWS Mainframe Modernization
vocabulary_no_audio,48d70778-9dec-42d6-9726-961b063ce993,Amazon Managed Grafana
vocabulary_no_audio,762e58d0-df60-43dc-9d5f-ab2a87a88f42,managed policy
vocabulary_no_audio,2cfb03aa-44b7-4d35-aa2d-b22226b7e929,AWS managed policy
vocabulary_no_audio,09c8ced2-6b7f-42f2-aad4-6d5272021285,Amazon Managed Service for Prometheus
vocabulary_no_audio,8c66b674-63cb-4820-98d8-934a96005b7a,management portal
vocabulary_no_audio,48925b77-45f9-4afe-9afa-babecd81243f,manifest
vocabulary_no_audio,e23d5c9c-621b-44b7-a349-44f6ccb15be8,manifest file
vocabulary_no_audio,502bd900-d261-4876-926a-e872d60220f1,AWS Marketplace
vocabulary_no_audio,7ee04757-0a52-4c37-8e9a-5715357c3cd8,maximum price
vocabulary_no_audio,7cc43ffb-d2c4-4f45-9c55-7029ebfe92fe,maximum send rate
vocabulary_no_audio,644f1e62-19b3-4f9b-a62a-82a8053bc118,snapd
vocabulary_no_audio,6bb78ce8-276d-4c67-a874-96cf0bc5ef94,mean reciprocal rank at 25
vocabulary_no_audio,200a40ad-43ec-45d0-ac17-783d343eb80d,mebibyte (MiB)
vocabulary_no_audio,cb27f86a-308c-403e-a835-a70d380275ff,multipart upload
vocabulary_no_audio,d8a96e75-3f5b-42c8-bb31-bea6e731a9c0,MemoryDB
vocabulary_no_audio,ac4cca19-f616-43d2-89c8-540423511354,message ID
vocabulary_no_audio,db9c65d8-c20e-40e0-8b68-5650866018ee,metadata
vocabulary_no_audio,63d0a365-4285-4f88-9a1e-48a44aef81c0,systemctl
vocabulary_no_audio,fe93f3e1-9fb8-44ca-a60a-043836bc145e,metric
vocabulary_no_audio,b1200e85-e9af-41fa-a83a-c9902a83164c,metric name
vocabulary_no_audio,b1756050-cd8a-4b31-82eb-a37e6369f1c1,metrics
vocabulary_no_audio,f0b35ac0-a853-46d7-b42d-acb740effc0a,AWS Microservice Extractor for .NET
vocabulary_no_audio,08da602a-ef4f-43b1-b434-c0ddf0913165,snapshot
vocabulary_no_audio,808f7e33-1e07-4391-a97e-7f21e5eeba6c,Migration Hub
vocabulary_no_audio,5dd32fab-fb89-43e7-96fe-b6a46c01c7a7,Amazon ML
vocabulary_no_audio,e26a60c2-a3f4-43d2-bbb2-95f43136d702,ML model
vocabulary_no_audio,80f29520-b7ab-4ace-83b9-bcbc5b4a5548,Mobile Analytics
vocabulary_no_audio,1bb7e460-6cbc-4cc1-ae3d-ada67ead1a1a,Amazon Monitron
vocabulary_no_audio,7eba7592-a7d1-4600-9559-62bfccc75df1,Amazon MQ
vocabulary_no_audio,7ab16642-a856-44de-9877-cbf4688dcdd9,SSL
vocabulary_no_audio,be42f0d4-a121-42c5-9688-7f034d4bc65b,Multi-AZ deployment
vocabulary_no_audio,a430324c-0774-4b5c-a226-a935569c4a04,iSCSI Qualified Name
vocabulary_no_audio,ab5f990c-8324-44b6-9178-8050c6d3d766,multiclass classification model
vocabulary_no_audio,7d99feea-ec8b-4737-9d34-4ec1e07ceb03,multi-factor authentication (MFA)
vocabulary_no_audio,5655c236-10a6-4199-a102-d7b96465c137,Multitool
vocabulary_no_audio,7d3106e2-3b4b-4b22-a812-d32293aebd90,multi-valued attribute
vocabulary_no_audio,e83743df-cd47-44ac-a7eb-5d182c2762b9,Amazon MWAA
vocabulary_no_audio,618b094f-1e70-40dc-aa12-84d5a58a65f3,namespace
vocabulary_no_audio,adec0640-8ef4-44a8-8bae-7d0a514b2e85,null object
vocabulary_no_audio,3cba5acf-4859-429c-9d23-72afc35a52bd,NAT
vocabulary_no_audio,2b4fa0c4-0b56-48a7-aff9-5553c1f88f6d,NAT gateway
vocabulary_no_audio,6cf7a06d-9461-45e1-99fb-77187849e792,NAT instance
vocabulary_no_audio,3072b4cf-4c60-43b9-8c7c-80b537136f65,Provisioned IOPS
vocabulary_no_audio,398caa40-7507-4bd8-9972-7f588ee84deb,Neptune
vocabulary_no_audio,68642440-2f11-4182-bb79-dbef285d8712,network ACL
vocabulary_no_audio,8bfa1719-da4c-4537-9afd-ed88e3e40f3d,Network Address Translation and Protocol Translation
vocabulary_no_audio,d5b96526-91aa-4944-8897-8cd6dc1e2a20,return enabled
vocabulary_no_audio,45b938ba-9860-4fff-b95e-b76229edf790,Network Firewall
vocabulary_no_audio,df9015b2-d352-4ede-9bc9-b6e62721e8e9,n-gram processor
vocabulary_no_audio,e34b5d11-19eb-4732-b01b-acd67bf0588c,number of passes
vocabulary_no_audio,3413c59f-cbd1-41ce-b07d-9a61606cf2d5,Systemd
vocabulary_no_audio,efc37bda-c0a2-4a47-b219-48c6e888ae66,n-gram transformation
vocabulary_no_audio,2fd5b04f-8323-4b3a-8a81-8db661b02419,NICE Desktop Cloud Visualization
vocabulary_no_audio,9993b13f-9a78-441a-87c0-e48f8f64f05e,Nimble Studio
vocabulary_no_audio,1b8fe980-ca99-4a0a-a352-d556d1cf6a45,node
vocabulary_no_audio,bb6f4db3-418c-4e4c-b3e2-1aff6b8a3f34,NoEcho
vocabulary_no_audio,12e47546-a742-4a41-ad6c-73d740726cd6,physical name
vocabulary_no_audio,7b87ee53-2b1c-4221-ad12-31c2e781634b,normalized discounted cumulative gain (NCDG) at K (5/10/25)
vocabulary_no_audio,c7e9e9fe-965a-44ee-a62b-33e66e879bad,optimistic locking
vocabulary_no_audio,d33a7a28-c076-4ae2-b351-bd7d4083cd78,NoSQL
vocabulary_no_audio,e794bec1-b921-4c52-9b47-72762f948870,O3DE
vocabulary_no_audio,cc0df9c9-1e08-4c44-a363-c7494be7f770,object
vocabulary_no_audio,0a73edb7-a67f-40a5-b01e-b276978d0c5f,observation
vocabulary_no_audio,0e321a51-0b6f-4c56-bfc5-7946e387f1c8,On-Demand Instance
vocabulary_no_audio,fa12a3a2-3763-47b8-a008-dd8d60622560,OpenSearch Service
vocabulary_no_audio,2891fb5d-dc2b-4cd0-8b5d-e7450d638c5c,operation
vocabulary_no_audio,116bcb50-5097-406b-8962-83df7ddc6412,OpsWorks
vocabulary_no_audio,e00eda78-fd0e-4b7a-8b3f-5e51041ff287,sloppy phrase search
vocabulary_no_audio,5f8c40ae-d7f5-4712-8443-705d130ef2e6,opt-in Region
vocabulary_no_audio,14768e47-ed9d-47cd-b7de-dbccc8224e5f,organization
vocabulary_no_audio,24e986ed-d4bb-4382-8b4c-6778f180e32a,Organizations
vocabulary_no_audio,60485fa5-057c-442a-a301-8d7bf0e9fda0,origin access identity
vocabulary_no_audio,cc9468e1-922e-427c-a2f6-c85c85654251,origin server
vocabulary_no_audio,79b2f398-836e-4f66-b90e-ca1845cbb2d0,original environment
vocabulary_no_audio,7a152f3a-f92e-4cfa-b8cd-7eecd8aa9668,OSB transformation
vocabulary_no_audio,fa937644-902b-4bfd-b007-99ce97531e11,OpenSSH
vocabulary_no_audio,1f9df33f-0098-4da7-bcac-3317ed4daed8,Outposts
vocabulary_no_audio,17f8251b-91fe-4e79-8088-137be4aa89a1,output location
vocabulary_no_audio,24d41e6f-9db9-4aee-9db3-6c55869833e7,spam
vocabulary_no_audio,c005ee11-7f6e-4894-ae27-fe0a42d31ab7,pagination
vocabulary_no_audio,ca2b17a4-4ca2-419b-85ca-c0b613e2723f,pagination token
vocabulary_no_audio,3114c60a-cab3-40c2-95e5-eb99762ca16a,paid AMI
vocabulary_no_audio,0b1a0a4d-55f4-4156-9aa9-fece6a9f6ec9,AWS Panorama
vocabulary_no_audio,6312e4f2-0694-427a-a8f9-cf02607a4c54,AWS ParallelCluster
vocabulary_no_audio,00102a50-e780-4248-8b5a-ccf954c3e9eb,part
vocabulary_no_audio,84868a2c-ea25-4d1a-933d-e35ecc92c4f8,Porting Assistant for .NET
vocabulary_no_audio,b71bc205-0ec1-4bba-8ef2-e252b37b0d1b,OpenSSL
vocabulary_no_audio,03dfce72-00f1-453f-9be2-dd9d95c4aa28,pilot light
vocabulary_no_audio,93d185f3-b346-4e97-bb71-4be472ec7a03,return path
vocabulary_no_audio,bd10f10f-6b6a-4edc-95d5-880329bc1d45,personalized-ranking recipe
vocabulary_no_audio,5dfdd323-4a4d-4d8f-a8f7-635b962470bd,quota
vocabulary_no_audio,946cd772-16d9-4402-8fec-e57dde47b045,partition
vocabulary_no_audio,e39e1008-ba3b-43d4-a2f7-10c0f777979b,partition key
vocabulary_no_audio,0a09400d-5337-4c2d-9fa2-fa604b424c6b,PAT
vocabulary_no_audio,7eb2a37d-9245-46ca-a5b9-c6e859308148,pebibyte (PiB)
vocabulary_no_audio,c653e340-ca92-444c-958e-8d7f2d8830c0,permission
vocabulary_no_audio,687f5c9a-1396-4356-ad0b-d76bd22d4a4e,persistent storage
vocabulary_no_audio,82042dfa-2aa4-4abf-bc03-4ea5acaff696,Amazon Personalize
vocabulary_no_audio,b810c5a5-c2f4-4bc4-9d9f-91ef7031394f,PERSONALIZED_RANKING recipes
vocabulary_no_audio,8e8bc68d-b61e-4e64-8815-9c214c27568e,Amazon Pinpoint
vocabulary_no_audio,14c6944e-c9b7-4774-938d-ac5899fa8d3e,policy
vocabulary_no_audio,9c740439-df18-4154-a895-6a31786daa94,policy generator
vocabulary_no_audio,87cb0103-d432-49e5-b96e-c5992d9a485d,policy simulator
vocabulary_no_audio,e9fa6c12-85c4-4466-8089-0225ad3c9e33,policy validator
vocabulary_no_audio,c69ac062-6546-4dcb-b6b8-21c96280e780,Amazon Polly
vocabulary_no_audio,e900103d-26b2-4b42-8366-256dcc10099c,popularity-count recipe
vocabulary_no_audio,6141b3d5-f7fc-437c-addd-8e4623a9b584,OpenStack
vocabulary_no_audio,5fe87747-7b7c-4b77-a94a-f998b311a3d8,precision at K (5/10/25)
vocabulary_no_audio,9113e05d-10ac-4f69-86ff-00930967260b,Premium Support
vocabulary_no_audio,1d27e49c-fa12-4049-9a6d-3d7ed1188339,presigned URL
vocabulary_no_audio,cc70ac52-d203-466a-a33b-f27fcc849b6c,principal
vocabulary_no_audio,5d0577a5-fa84-4b85-bde5-911b7962b6b1,AWS Private CA
vocabulary_no_audio,b557ffed-5410-444c-9c4b-9f4bfa63ce97,private content
vocabulary_no_audio,aab66270-69b4-45fe-a6ba-99256934e8d2,private IP address
vocabulary_no_audio,5cdc4a4c-75aa-408f-9dc0-cb4f86bb60be,private subnet
vocabulary_no_audio,39dae133-06b8-4e63-bb86-ea7aa8f08b10,product code
vocabulary_no_audio,12d9ad63-1b33-4f30-bcc4-78cc0c3610cb,property rule
vocabulary_no_audio,66a9d36a-649a-4067-8aa4-846a5d82b7fb,OpenSUSE
vocabulary_no_audio,280e065c-0f20-4344-812f-1a7310ea82fd,pseudo parameter
vocabulary_no_audio,9d0e386f-6b40-4918-a2ba-cf189ff439a5,public AMI
vocabulary_no_audio,0ce8963d-b852-48b1-ab4e-3b64e0d0c324,End of life
vocabulary_no_audio,dd724afd-b0dc-4aa0-aa1d-7df28a0d0948,AWS RAM
vocabulary_no_audio,802a2e70-a730-4d4a-a20e-ff07ac55c3c5,line ending
vocabulary_no_audio,53b187b8-b339-4fef-b5fb-6d2a953684c4,public dataset
vocabulary_no_audio,c7bd8821-5787-44ea-83d6-96fb6ccfeb0d,public IP address
vocabulary_no_audio,304b9177-fa5c-412b-b5a4-a0f27e95642a,public subnet
vocabulary_no_audio,78019917-5f7f-453d-bcab-3fa247d7bc3f,PV virtualization
vocabulary_no_audio,f5319a04-03aa-4cf8-b592-6c42b45ebe9a,Amazon QLDB
vocabulary_no_audio,69499efb-491c-4847-ae4b-6bc3df298117,quartile binning transformation
vocabulary_no_audio,d33b7759-4003-49f9-8789-b117af5b80db,Query
vocabulary_no_audio,5c0d2f9b-eb71-4dd9-96e2-8d04f7c8271c,query string authentication
vocabulary_no_audio,520e2071-b625-49f6-ba3f-8e36734f4eb6,Quick
vocabulary_no_audio,04135102-ccac-4615-a3f7-08ed6048bd9d,range GET
vocabulary_no_audio,2c5c886b-7605-418a-b7da-ba20e5b2952e,raw email
vocabulary_no_audio,ffa8b325-a9c8-4e4f-9fd1-066182e4adf5,Amazon RDS
vocabulary_no_audio,f3cf8a32-3885-4765-996c-7bc5627a0053,read local/write global
vocabulary_no_audio,499951a0-96cd-46dd-a6b8-f92c309a5472,read local/write local
vocabulary_no_audio,048f1966-9a6c-4673-a68d-a4efb26fdfdb,read replica
vocabulary_no_audio,3962c8d8-643c-4686-8c1a-d9f5a295c175,real-time predictions
vocabulary_no_audio,63760491-feea-4a3f-a9fc-3a9c3a1a7e38,receipt handle
vocabulary_no_audio,cef843bc-f0cd-48fd-87f5-3ef6039989ea,Snap store
vocabulary_no_audio,c342276c-8c42-4e7d-ae60-ee26e4f6d85c,RESTful web service
vocabulary_no_audio,549312ff-c58c-4df5-a4b6-33049726fdfa,Network System Configuration Queue
vocabulary_no_audio,bd914d99-89ba-49a6-8da5-cc55781f0db4,Team plan
vocabulary_no_audio,390aeb6c-abc8-400b-90ca-a8e7667d9b6e,recipe
vocabulary_no_audio,cdb7f3c1-2837-41d2-bb52-c4baa3e885f5,recipient
vocabulary_no_audio,83dbdf85-ece8-4bce-aefd-69f402f01ae5,recommendations
vocabulary_no_audio,349fd00e-43a9-4239-94e8-afc53e947bc2,Redis
vocabulary_no_audio,1757a685-9570-4a84-a09d-8e543a016870,Amazon Redshift
vocabulary_no_audio,c8fd0431-11b0-4a61-b94b-2f1754388d3b,reference
vocabulary_no_audio,abdccc9f-f1f0-46bf-ad4e-d10d16bc58d2,Region
vocabulary_no_audio,b38a7d28-303f-48e8-8514-c201356d344f,OpenVPN
vocabulary_no_audio,ebecd097-c3b5-4c71-b0a5-a84d2246731b,Region that is enabled by default
vocabulary_no_audio,e8958d52-e321-460b-bdd7-31315ee75646,the cloud
vocabulary_no_audio,d5e16863-64d0-4660-8b84-62883e1f4b09,regularization
vocabulary_no_audio,dc1a2400-e00e-423e-aacd-0faf137f3e69,Amazon Rekognition
vocabulary_no_audio,2b43a018-c604-477a-881f-dbb0d42a3b60,RELATED_ITEMS recipes
vocabulary_no_audio,f023b9cf-409c-48c4-b705-e43fce9ade62,replacement environment
vocabulary_no_audio,43121777-48b3-4219-a4dd-ffb3c7067382,reply path
vocabulary_no_audio,b4a108f9-7138-4ef6-8280-de6e94d9f4f4,reputation
vocabulary_no_audio,a6c3e7c1-8f50-49d7-a304-becc412ecc2d,requester
vocabulary_no_audio,81510b90-80cd-447a-bf2d-524adbe4fb2b,Requester Pays
vocabulary_no_audio,3eb68c66-c220-4a43-b954-1c8528aebef8,OpenVZ
vocabulary_no_audio,b520281a-3f91-4e25-b63c-fcf946b782a4,reservation
vocabulary_no_audio,57cde399-170f-447c-8d6e-5c7461227836,Reserved Instance
vocabulary_no_audio,47a93167-e062-4320-b96d-b8dfe827b954,Reserved Instance Marketplace
vocabulary_no_audio,3359f0b6-2417-447c-b569-3332d9b7e514,Resilience Hub
vocabulary_no_audio,d679817b-7021-48d8-8519-a0e92396388e,resource
vocabulary_no_audio,c132a2bf-6dfe-485f-b276-d2c6487ccdee,Resource Groups
vocabulary_no_audio,c71031d5-553e-4e78-b19f-40b181c7ac45,Amazon Resource Name (ARN)
vocabulary_no_audio,71d0811a-4e8a-4962-9d62-00e651c60272,resource property
vocabulary_no_audio,3e496f01-ea47-4ffb-b0ba-07201298a132,resource record
vocabulary_no_audio,8b09b20b-f23e-4371-b7b4-76aecef52266,route table
vocabulary_no_audio,641824bb-7274-4d5a-9860-7f41a00381a9,OpenWRT
vocabulary_no_audio,7f37f73b-f904-4f5d-8520-1c40de8574f3,rule
vocabulary_no_audio,48a0b1cd-0d49-405b-83ab-e680d9a1dcf3,REST
vocabulary_no_audio,e165e032-1521-4687-ac27-5a581a75e7d9,revision
vocabulary_no_audio,21f3bcf6-d84e-421b-8ed1-cffbfb689653,AWS RoboMaker
vocabulary_no_audio,4da01e98-fdd5-4b77-a0c4-2c904a4372f1,role
vocabulary_no_audio,8200ee35-c5a7-4ee1-ba83-5b8e0b4e4052,rollback
vocabulary_no_audio,b38eeb8d-d1ae-4fc0-a456-a67f3dca00a1,root
vocabulary_no_audio,497c6324-4dc2-434c-bbea-d01b455746b1,root credentials
vocabulary_no_audio,aab57ac6-47b0-4062-af57-fc9913f060f9,root device volume
vocabulary_no_audio,e9f1943c-f204-4787-8c06-3c45099a9bbc,Operating System
vocabulary_no_audio,c090a996-e419-4b48-9071-03d57ea386b7,Route 53
vocabulary_no_audio,716b60b5-deea-4e70-a3dd-f1ad0a13a6a5,row identifier
vocabulary_no_audio,beafed21-5866-448b-b0fb-e02f4e5697d8,Amazon S3
vocabulary_no_audio,9d2e4d82-6bfc-4539-b532-22248daa9702,tag
vocabulary_no_audio,fcf98e30-a93d-496d-ad5f-2ecdc868d9c0,Amazon Glacier
vocabulary_no_audio,2b8c18f4-bef4-4804-ba27-8321a7c8b338,SageMaker AI
vocabulary_no_audio,dc93b987-8df4-4937-ad57-42593aca4c66,AWS SAM
vocabulary_no_audio,0e039b70-5cd1-4c9b-8171-655f9dc47283,sampling period
vocabulary_no_audio,e385b9a1-bdd9-4ab8-b0c3-34c99f6a7b16,sandbox
vocabulary_no_audio,5a04ee6f-cf98-4438-a066-a4be3bcc98df,scale in
vocabulary_no_audio,19b755c8-ca60-4825-9981-a853f8f98c9d,scale out
vocabulary_no_audio,707a8089-42ae-4e87-b944-aecefff28211,scaling activity
vocabulary_no_audio,0d56851e-a5c2-4874-bf22-096810779ad5,scaling policy
vocabulary_no_audio,86979464-6bcb-4317-a55e-c939634fd810,schema
vocabulary_no_audio,68a3fa0b-3809-48b5-ac5f-066d67f00c3a,server-side encryption (SSE)
vocabulary_no_audio,7d205431-3e62-4635-817b-43bd394df22a,score cut-off value
vocabulary_no_audio,fa668e5a-0036-4832-bc08-8811aa687387,AWS SCT
vocabulary_no_audio,750d110e-faf2-442d-9d74-8afa6b937fbb,AWS SDK for .NET
vocabulary_no_audio,f91c9af6-b1eb-45a3-8699-88d885670578,SDK for C++
vocabulary_no_audio,ce742e2a-6c9d-4cff-ad1a-2b6a5a12fd7a,SDK for Go
vocabulary_no_audio,439657c3-e6bc-4f3c-a697-8b9ca34d92fb,SDK for Java
vocabulary_no_audio,354ea097-e014-4dff-ba90-0e0c4dad0943,sending limits
vocabulary_no_audio,8aac144b-516c-4cbb-8322-08bb6377d337,SDK for JavaScript in Node.js
vocabulary_no_audio,7b44d1d4-863d-4a03-92e3-580301f2b862,Internet Systems Consortium
vocabulary_no_audio,40500e5c-999a-46e6-b86c-33595c19fd74,spamtrap
vocabulary_no_audio,0049261d-71c9-4743-8ef1-fdf2eba04630,SDK for JavaScript in the Browser
vocabulary_no_audio,2eb53406-443e-4d9b-8a34-84193594df07,SDK for PHP
vocabulary_no_audio,3d3fa437-d520-4bdc-922c-900e0c3855a7,SDK for Python (Boto3)
vocabulary_no_audio,2193db8c-0e70-4564-99b4-3bc6e0aad372,SDK for Ruby
vocabulary_no_audio,b3d95a6a-26a5-430b-b87c-cffef9df6204,SDK for Rust
vocabulary_no_audio,11fe1c82-9575-4b4d-8261-093447f3d4cd,SDK for Swift
vocabulary_no_audio,f1526681-c20e-48b0-af68-647a482f1dd4,search API
vocabulary_no_audio,1fbfd490-344f-4e57-a991-1f9e543cbae8,search domain
vocabulary_no_audio,8ca1488d-e5ac-4da6-98b2-4ae66d341ad2,search domain configuration
vocabulary_no_audio,57741a85-72cc-4e7e-9c97-0ea57a753f16,search enabled
vocabulary_no_audio,fadde9c8-6c5e-433f-a9b7-62f35e3a296e,Open Systems Adapter
vocabulary_no_audio,03ff7280-1f7d-4dcc-b2cc-41740e0c1684,search endpoint
vocabulary_no_audio,5fcfa15a-8a36-4f56-ba5a-c70800ba157a,search index
vocabulary_no_audio,83e5b8cf-ec32-4dfa-96d3-b753fab6b7f7,search instance
vocabulary_no_audio,f7fa3d9c-011d-4e47-9ebe-9d9976fffff6,search request
vocabulary_no_audio,233d4f9e-66e6-4c7c-9c14-8e6195516359,search result
vocabulary_no_audio,24c0c9d8-7b2b-4fdc-8fc0-2b66e2f6b9df,secret access key
vocabulary_no_audio,9d92b9ce-eb24-4682-b8af-8f0a65ec426d,Secrets Manager
vocabulary_no_audio,91c5a451-3790-40ec-9183-71c0b27408ab,security group
vocabulary_no_audio,3b03aa12-dd39-4d50-b214-0f3eefb5344e,Security Hub CSPM
vocabulary_no_audio,31c273f2-9f88-4fd0-99a5-88346075e2a3,sender
vocabulary_no_audio,f855d883-a058-4c2b-b1c7-2386308b1742,Sender ID
vocabulary_no_audio,a74ce213-5195-4214-b2ef-ba3126d0e9d7,AWS Serverless Application Repository
vocabulary_no_audio,bec5047c-ee4b-41c7-909f-9fe2487ad629,Service Catalog
vocabulary_no_audio,92269a7e-0097-49b1-a07b-a5320e050c48,service control policy
vocabulary_no_audio,d13a749d-5f2e-4c16-b5ec-31fe29479a3d,service health dashboard
vocabulary_no_audio,7ea0c8a0-9905-441d-9d18-83fefb8f74c1,AWS Service Management Connector
vocabulary_no_audio,2c2fa9fa-482d-4b0d-9770-e852119a4d3c,Service Quotas
vocabulary_no_audio,11e7263f-4cf8-4155-aece-0e101dd2ba02,service role
vocabulary_no_audio,8bc906d0-cb13-40a9-9bb4-597b26904a26,Amazon SES
vocabulary_no_audio,c9436da4-f9dd-4bfd-9cc2-70e578236c18,session
vocabulary_no_audio,b63afc63-663a-4d5b-98d7-31e037655b27,SHA
vocabulary_no_audio,ca114aab-9dfd-412b-80ef-638673368b91,Open Systems Interconnection
vocabulary_no_audio,843306bb-1899-4917-a7e1-4fdc0ac9f4e2,Single-AZ DB instance
vocabulary_no_audio,425504e6-64f2-4616-bb6b-394ea353f90b,keytool
vocabulary_no_audio,80d1fada-dc47-4a4c-861d-5f6e7d1a4237,Site-to-Site VPN
vocabulary_no_audio,25aa378a-b70c-4f9d-bdea-02b24948ecda,shard
vocabulary_no_audio,0684a8df-f356-463b-8129-0fbe0bbf6103,shared AMI
vocabulary_no_audio,1fc35d79-84d9-43f6-810d-38a4e6784686,Shield
vocabulary_no_audio,6700529f-fe14-43ee-ae03-0cba5f508267,shutdown action
vocabulary_no_audio,7b2a4bee-2bd0-4771-a3c9-da69ab39fc38,signature
vocabulary_no_audio,2930ac4b-c3fa-4cd2-81f5-349babf9adcc,SIGNATURE file
vocabulary_no_audio,353426e4-78f3-4e89-a7d1-a3500fe5afe8,Signature Version 4
vocabulary_no_audio,a01298a3-d5a4-4722-9605-cf96f6c26218,Signer
vocabulary_no_audio,e88c42c6-2e6f-4098-8d10-a0ee622eb403,Silk
vocabulary_no_audio,8710c4a0-79bd-40f9-8ebf-e7d8c08d27b0,SimSpace Weaver
vocabulary_no_audio,2532bf57-e693-4951-bf29-e76014b52970,single sign-on
vocabulary_no_audio,56c4e9d3-8746-40b7-922e-fbeda41d74ca,AWS SMS
vocabulary_no_audio,53a03555-d48d-4766-bbb0-faf22533e00b,SMTP
vocabulary_no_audio,147e673d-3b86-4b32-ae0c-1ef5ddc12705,snapshot
vocabulary_no_audio,7358887f-363a-4952-b9a0-46a028177871,Snowball
vocabulary_no_audio,3b23bdf6-d1f3-4b9c-8c8b-83b883ab4e11,Amazon SNS
vocabulary_no_audio,133c8407-450d-441f-864a-cb81cbf69b73,Transport Layer Security (TLS)
vocabulary_no_audio,36b00870-60a8-4564-b6bd-d705ff9618af,SOAP
vocabulary_no_audio,1b53b8c0-639d-4ad5-bb9b-49f5063e4fce,soft bounce
vocabulary_no_audio,1a950c3e-dbfa-46d6-86dc-65bbe4e2ead7,software VPN
vocabulary_no_audio,96de081e-cc45-4043-897d-8343d4a3bb81,solution
vocabulary_no_audio,30304586-a2e8-4f41-8f0c-3f4a09d0dbfd,solution version
vocabulary_no_audio,02e9d266-fb28-471f-b005-81ec813ded00,sort key
vocabulary_no_audio,5693aca1-52c2-4fd5-b394-ce58865d9509,source/destination checking
vocabulary_no_audio,d7e71c16-c237-4ed3-965a-a30414f93019,SPICE
vocabulary_no_audio,9d6a4a85-1f4c-4cc6-8868-a3a0b064d48e,Spot Instance
vocabulary_no_audio,574f2e6c-145d-4699-9315-f5318bd49fec,Spot price
vocabulary_no_audio,11121e40-63c3-441a-9a57-4c30b144bf5a,step type
vocabulary_no_audio,76685150-a941-4955-ae91-a16460b4fa4d,SQL injection match condition
vocabulary_no_audio,9f89b605-214a-488d-b359-d7a22c3fcd40,Amazon SQS
vocabulary_no_audio,a14695a0-40f7-4b33-a0aa-48516737a662,Amazon SWF
vocabulary_no_audio,1aefc48a-7dd7-4727-b523-c7df747f9218,streaming
vocabulary_no_audio,ca8727a5-ac91-478f-9be9-7958e0c702d4,stack
vocabulary_no_audio,41b0360c-001a-4974-aa8b-06c71a1f6c26,station
vocabulary_no_audio,2dd18da4-9b79-4752-9344-d2718b746d57,statistic
vocabulary_no_audio,8c051e5f-7331-4773-9210-07504e89cc6e,stem
vocabulary_no_audio,3a606cc8-971d-4fc9-b740-cbefdc9392f7,stemming
vocabulary_no_audio,a8d65321-2fab-47ce-bfd3-714e0dd569f8,step
vocabulary_no_audio,68df4f7d-abcb-4487-b838-d1963c33e1ee,Step Functions
vocabulary_no_audio,de1d1d47-8b7b-4439-968a-47674472cadd,sticky session
vocabulary_no_audio,e1b94996-0c8f-4a0e-9f05-58e893f40fe7,stopping
vocabulary_no_audio,5095a2c1-d95c-44d0-8e9f-6da2f300f128,stopword
vocabulary_no_audio,395d72ae-910c-4599-97eb-16a59bac785b,Storage Gateway
vocabulary_no_audio,4d3e670b-d136-44c2-b6c6-c46709c2f09a,filesystem
vocabulary_no_audio,5efc8d0e-202c-4b86-9ca9-4222b721238e,string match condition
vocabulary_no_audio,acb0f643-cc0f-4d0a-8bcc-086b2979db6d,string-to-sign
vocabulary_no_audio,8979a5e6-de32-4d07-889c-4f3f99ba85d9,strongly consistent read
vocabulary_no_audio,a3a04c27-31f9-437e-b8c0-24dc7570bed3,structured query
vocabulary_no_audio,0a3754ae-d82c-4ad9-9c66-f573ce288047,AWS STS
vocabulary_no_audio,d1515d12-b9fd-4bf8-8178-3202eba22709,subnet
vocabulary_no_audio,c1fa3be5-2494-4769-85c0-136d92b7b9b9,suggestions
vocabulary_no_audio,44889c7f-bd26-40bf-a98c-1e5356bed70f,Sumerian
vocabulary_no_audio,94ceb624-9dce-435e-9db5-826e92f29d09,supported AMI
vocabulary_no_audio,066b9927-1238-4bf6-929b-cd521d6ac3e0,Kernel-based Virtual Machine
vocabulary_no_audio,d9989978-b794-48e6-8ca6-ec1f95265fc5,synonym
vocabulary_no_audio,509370c0-5940-4c5c-a553-ecd64a4323c4,Systems Manager
vocabulary_no_audio,2003ab50-35cc-49ba-9df5-98105cb9be36,table
vocabulary_no_audio,9b58597c-c129-49f7-a1b8-96f5b14abc42,tagging
vocabulary_no_audio,3b0f8290-e5db-43da-8bba-d5865f8ad7b5,temporary security credentials
vocabulary_no_audio,753bdabd-03d2-42dd-881f-317fe60bdd45,required pull request review
vocabulary_no_audio,2da6f0a2-bc3a-46c0-a6a0-be2ab2020d0b,target attribute
vocabulary_no_audio,396b688f-a0fe-4de7-9102-2fec7ff0bf94,topic
vocabulary_no_audio,088bf313-fffb-4e15-b303-1c441378ed8d,target revision
vocabulary_no_audio,c65a3afb-76c4-436c-a086-ccba28a1eeaa,task
vocabulary_no_audio,33fbc8a8-6c73-4909-bd02-1761cb763cdd,task definition
vocabulary_no_audio,dc2cef3b-ae3d-42ec-bf94-fb9eb84926ec,Amazon Transcribe
vocabulary_no_audio,d2fc3f3d-67aa-4e1c-8463-48bba6f0c5ba,task node
vocabulary_no_audio,9c9e3b6f-1c36-4796-896c-217b6cf9e775,tebibyte (TiB)
vocabulary_no_audio,6ea0f407-4914-41f2-a243-50a15c267ee4,template format version
vocabulary_no_audio,c1ab4144-a04f-40ff-9e70-0972b1c0f9da,template validation
vocabulary_no_audio,6bad9aba-fd5f-4259-8227-d9ce276e9b16,Eviction
vocabulary_no_audio,2b83c6c9-d74c-4064-9bff-241178bad743,Amazon Textract
vocabulary_no_audio,8dddf533-34bc-4a93-818e-b4e3785aa77b,throttling
vocabulary_no_audio,b66355d5-11ab-45b9-97f5-47141d5f82f9,time-series data
vocabulary_no_audio,a7e49f86-576e-41fa-a924-fa2bd27d911f,timestamp
vocabulary_no_audio,b15c686c-edc3-4d29-a41f-589dc6f91f73,Local Area Network
vocabulary_no_audio,d74d3bee-bb10-4de9-acba-651362341844,Timestream
vocabulary_no_audio,be44bdb2-4686-4c4f-b37f-3b467d50e02c,tokenization
vocabulary_no_audio,5e745ff7-bf6d-478a-ab0e-40c1d22ae948,AWS Toolkit for Eclipse
vocabulary_no_audio,44a2c6ec-282a-4aa3-99c0-8292a41036af,hostgroup
vocabulary_no_audio,5d386841-7f56-40c4-b409-480cbec1209b,AWS Toolkit for JetBrains
vocabulary_no_audio,2f3badb7-ca85-43fa-ac02-8e6e2ace07cd,AWS Toolkit for Microsoft Azure DevOps
vocabulary_no_audio,e294601d-0070-470b-9e9a-15ff0de54967,AWS Toolkit for Visual Studio
vocabulary_no_audio,a193b220-18f9-4787-b685-895978da13b0,AWS Toolkit for Visual Studio Code
vocabulary_no_audio,74946cdd-aa93-486e-8788-8bd55fad58d3,AWS Tools for PowerShell
vocabulary_no_audio,ccbdfd6f-28ee-44f7-a2d1-a90be02f6b0e,Traffic Mirroring
vocabulary_no_audio,5e7bc35f-896c-4686-8efa-76d02c3484cc,training datasource
vocabulary_no_audio,c679ea2c-dd27-4d7c-9aa2-925dc874fbc3,Amazon Transcribe Medical
vocabulary_no_audio,928e19d1-c364-4171-a384-8d3bf7d0dd4d,Transfer Family
vocabulary_no_audio,58d162c7-6d5b-4a22-9eee-241a7b674c93,transition
vocabulary_no_audio,252283ef-69d3-4fa9-bafa-960317611912,Internet Messages Access Protocol
vocabulary_no_audio,8d5feb74-47c8-4fa2-a5fd-358ca01fce89,Amazon Translate
vocabulary_no_audio,a9928e8a-1793-41b7-a022-107d31de4fdd,trust policy
vocabulary_no_audio,71dc3dc1-2f17-4041-80ca-4163b9209161,Trusted Advisor
vocabulary_no_audio,f5c13fe6-e9e5-41f7-9e45-363d943f8ee3,trusted key groups
vocabulary_no_audio,897478fc-bf2c-4058-b236-391c24e3db9c,tuning
vocabulary_no_audio,8bf95abb-4c8f-48ee-bc76-0e5e7082bfd0,tunnel
vocabulary_no_audio,63ddb3ba-ed94-4a90-a18d-74fd18ba4d72,unbounded
vocabulary_no_audio,b11f9710-73fb-48a9-a3be-3f053d861349,unit
vocabulary_no_audio,c11a7a2b-fc54-49f2-999e-5788f2c096a6,usage report
vocabulary_no_audio,a44051a2-38bd-4d12-a8a1-06464efe0267,user
vocabulary_no_audio,2279173b-8297-4091-b5ec-436b9ff41409,USER_PERSONALIZATION recipes
vocabulary_no_audio,3361a8b7-f6e0-4ac5-bc3d-fb595bc3c52e,Fully Qualified Domain Name
vocabulary_no_audio,709e41ab-f387-4bb7-9a77-c17e91cf8c72,Job
vocabulary_no_audio,bbf6a744-490b-4b2d-835e-d7f97b4eac73,user-personalization recipe
vocabulary_no_audio,2d4347ce-6ae2-4277-87a7-5c9db3eed244,Users dataset
vocabulary_no_audio,5551c35f-606a-46b2-b201-b5fc454b863f,value
vocabulary_no_audio,8db9ee32-db30-42f8-b6ab-b9bbd43f9dac,verification
vocabulary_no_audio,a1e57957-f62e-4fae-be98-2b5d096d584d,Site-to-Site VPN CloudHub
vocabulary_no_audio,1786227b-b840-45a3-8894-e8a12ac5e1b4,VERP
vocabulary_no_audio,a396fdd8-d272-4e58-812d-2527b5e07fa4,versioning
vocabulary_no_audio,693726ab-26d6-47e9-b617-45ddc7cf25bb,virtual private gateway (VGW)
vocabulary_no_audio,5830f06c-7ad2-4966-8caa-259c94bf074c,virtualization
vocabulary_no_audio,b3b1fa7d-c94c-4aa8-a36a-a02c3ff2a06c,visibility timeout
vocabulary_no_audio,fe95ff20-8f4c-4d14-93bd-056e77bedc87,VM Import/Export
vocabulary_no_audio,aa92c635-b5e3-4d22-9d32-da60f0e9f813,volume
vocabulary_no_audio,704dc920-1dd2-4347-857c-55c64961ca02,Amazon VPC
vocabulary_no_audio,b91e58ad-91d4-4b90-bf87-c82b507e109c,VPC endpoint
vocabulary_no_audio,de735f9d-49da-4585-9e2b-8362af5e93f8,VPN connection
vocabulary_no_audio,5c5ca11e-4b0a-421c-a8a1-f504cd671010,AWS WAF
vocabulary_no_audio,4f66e85a-15ff-422c-ac55-651e2d690639,X.509 certificate
vocabulary_no_audio,d3291766-a52b-4392-8ffb-142b476eaa06,Amazon WAM
vocabulary_no_audio,bbd42914-61bd-47a3-9782-5e5abe7b7027,cloud computing
vocabulary_no_audio,8ebcaf54-8454-4cde-aadb-6fb22f468855,yobibyte (YiB)
vocabulary_no_audio,44909ee4-46d5-48a3-a8c5-93b5d8762f25,warm standby
vocabulary_no_audio,641424cc-b540-4539-a729-e4af9796c9b2,AWS Wavelength
vocabulary_no_audio,3e379a75-3db2-4897-9d85-050b1ae38629,web access control list (web ACL)
vocabulary_no_audio,57ebec2c-b829-443c-8d27-c766d36174ab,WorkDocs
vocabulary_no_audio,6d820292-837e-44c9-8db4-d85c0e964d92,Amazon WorkLink
vocabulary_no_audio,06e76d48-a247-4a25-a4a6-d2994b152edb,WorkMail
vocabulary_no_audio,20cc6a1d-7e23-41e4-9ce1-4923c6cf677d,backend
vocabulary_no_audio,38ca4bf9-2891-446e-8b9d-d279b5f7e8ea,Backports
vocabulary_no_audio,b5895b94-6b5a-48b5-9334-c45c36f75c73,WorkSpaces
vocabulary_no_audio,893869b5-6873-4839-b27e-52c806c4b053,WSDL
vocabulary_no_audio,ef7b5f23-2560-46dc-9119-ac2cebc9e9fa,Lightweight Directory Access Protocol
vocabulary_no_audio,605ee9cf-bee2-4fa0-95b9-2e69c51f9153,X-Ray
vocabulary_no_audio,2c9af106-29f6-44ee-a659-19c89a29dce1,initialization
vocabulary_no_audio,a6808c77-3ed8-4223-8105-2dfb4e66e81e,zebibyte (ZiB)
vocabulary_no_audio,2610a770-f862-40eb-8ca7-d0cacffaa225,zone awareness
vocabulary_no_audio,11acada7-fbb2-4938-b254-5b11d210be10,Application Binary Interface
vocabulary_no_audio,9dcea46c-cb23-4512-9186-60bd2698ee61,Access Control List
vocabulary_no_audio,831c8535-f706-43f3-b08c-bc5e7eefe3fb,Active Directory
vocabulary_no_audio,0224f698-985e-4e9f-ae92-ef38705f0653,Backtrace
vocabulary_no_audio,f5607df4-7998-4563-9072-af13a4f24d4f,Postcopy
vocabulary_no_audio,9d37ca58-1eaf-4555-a897-ab7a8feec7e8,ADSys
vocabulary_no_audio,f03b4b4d-ddc3-41f2-9e4b-57576311fae2,Advanced Encryption Standard
vocabulary_no_audio,6ed11666-1488-48fd-8478-d7c85a854fe7,LDAP Data Interchange Format
vocabulary_no_audio,21221d4f-8274-42fe-ac81-d3f7e0ca24a9,Alertmanager
vocabulary_no_audio,3eb02a8f-af84-4e59-99c4-1a0acfd4f287,Network Functions Virtualization
vocabulary_no_audio,b659a744-da71-4f41-b26a-7e1edf6066aa,Asymmetric Logical Unit Access
vocabulary_no_audio,2c239aa1-496f-4318-a7ae-26ad70c02cbb,Advanced Micro Devices
vocabulary_no_audio,20e64289-633d-419a-8de6-49c2a6a6064f,AMD Secure Memory Encryption
vocabulary_no_audio,ca8541be-3871-4d3a-869b-7ad3dca337d1,AMD Secure Encrypted Virtualization
vocabulary_no_audio,a922507d-1419-472a-97cc-dda2d1f8ce8f,chrony
vocabulary_no_audio,191c42f6-0f7d-4363-9aab-05d3282896fc,chroot
vocabulary_no_audio,33411387-3597-477f-956d-50454d6ac1b3,Classless Inter-Domain Routing
vocabulary_no_audio,22e5bb77-0f20-43a7-a6b0-e10f7f663879,AMD Secure Encrypted Virtualization - Encrypted State
vocabulary_no_audio,ba8ff3a4-7e64-4371-92a9-4d32b0d60478,Discretionary access control
vocabulary_no_audio,f797622d-9c0d-4f74-a66b-4b443a5e3cd0,AMD Secure Encrypted Virtualization - Secure Nested Paging
vocabulary_no_audio,f667e2b8-f5d7-468f-9295-ccf94c69a427,Ansible
vocabulary_no_audio,eb8ddc59-8e68-4df6-8bc5-d9da8dabe847,Apache2
vocabulary_no_audio,9b658bd9-cbbd-4044-872a-09648548e3fa,Application Programming Interface
vocabulary_no_audio,f942cc8b-bcab-4283-8f1e-91bb83ad4211,AppArmor
vocabulary_no_audio,2fd668b9-a2c7-4caa-8648-73ce766473cb,Common Internet File System
vocabulary_no_audio,34e7d9de-4b7e-4bf5-84f0-5e2bc80f9d2e,Center for Internet Security
vocabulary_no_audio,9923ad49-d1a5-4825-a445-56f2eb5e3c21,Clustered Logical Volume Manager
vocabulary_no_audio,9ee1e2c3-9405-440e-b7f9-99412c0d866f,daemonize
vocabulary_no_audio,ed4cf395-b683-41c9-82f1-10367e678842,Defense Advanced Research Projects Agency
vocabulary_no_audio,94b0be28-d112-4999-bc7b-70401991a60a,Backup Domain Controller
vocabulary_no_audio,c77051a9-0ce9-4e0f-b4e7-d3c8dcc6b370,Apport
vocabulary_no_audio,fd86a763-36d5-46f9-bf02-8f3fd31cafe8,Advanced Package Tool
vocabulary_no_audio,c42a7e11-6452-40b4-bf60-cdf00d5ba76f,ARM hard-float
vocabulary_no_audio,04ca9885-f66c-46c2-8be3-d3e949e9db92,Address Resolution Protocol
vocabulary_no_audio,f7d03c90-80d9-467e-960d-737c38d15468,American Standard Code for Information Interchange
vocabulary_no_audio,eab11ae2-9146-4665-b68b-ab99bb223158,bootloader
vocabulary_no_audio,b0dc243f-e8dc-4af5-b963-ad86b9b67655,Bootstrap Protocol
vocabulary_no_audio,e9f17950-01e4-4bb9-b3f1-19aa46f88cca,bootstrap
vocabulary_no_audio,1b96f609-c56a-4ab6-b436-e928441fbad4,asynchronous
vocabulary_no_audio,6a207c94-21e8-45f6-a54a-36f22f83f3d9,attestation
vocabulary_no_audio,cc52c009-ff24-44ad-9fb3-ab170c223b77,Configuration Management System
vocabulary_no_audio,82f204bc-050e-40c1-9602-4713fd340525,Common Name
vocabulary_no_audio,50f305c0-297c-4331-92d7-f885ae576224,Authenticator
vocabulary_no_audio,3e30f924-7829-4964-89b1-645a7f59319c,autocommit
vocabulary_no_audio,8fff3710-ebde-4b37-b8ba-66feca828bfb,B-tree File System
vocabulary_no_audio,9bd4d917-b47d-41be-b324-53e891602c6f,Certificate Authority
vocabulary_no_audio,ae3a2a8c-e043-4a6d-a19b-9133043779cc,autodetect
vocabulary_no_audio,43a08093-06e4-4e0e-82a3-762ff744d819,autoinstall
vocabulary_no_audio,e56ee71e-d793-421b-8a3a-f78a7acd40b7,autorid
vocabulary_no_audio,52aca4b5-16e3-444a-ab93-7291a9f66c8a,Amazon Web Services
vocabulary_no_audio,82fbea0a-1059-41b1-9e9a-1540d2fde506,bindDN
vocabulary_no_audio,3fa7c99a-99f9-48b7-976f-7f2acad5f803,Basic Input/Output System
vocabulary_no_audio,b40b113e-1296-4561-a3fb-1c27200e7029,Baseboard Management Controller
vocabulary_no_audio,04dcde62-6b82-4c64-96e1-b47c6e5cf883,Common Access Card
vocabulary_no_audio,4786bdc8-4699-4af5-b83d-951ef50532f5,Direct Attached Storage
vocabulary_no_audio,38dc03ec-70f0-4125-a925-14b388554092,Direct Access Storage Device
vocabulary_no_audio,2ed7b6ef-3119-4eaa-8d2e-6a6b5df91bf6,Datagram
vocabulary_no_audio,ceeb780b-b6ed-429a-9027-a25ed502bcf7,Database link
vocabulary_no_audio,9a4a1dc5-60b9-4b04-96ec-8194839e855f,Domain Component
vocabulary_no_audio,e85a149c-88c2-4a8b-bfec-5416c079a2b4,Dynamic Domain Name System
vocabulary_no_audio,3ba12f11-0283-425c-b637-27f808c00999,deb822
vocabulary_no_audio,66cca8ee-e84d-4543-85a8-538eeae4cf5a,debconf
vocabulary_no_audio,9edad0f1-50f5-42b4-b778-b2869e483dae,deduplication
vocabulary_no_audio,54f724d9-daec-44ee-9df7-23cdf0e1a32b,denylist
vocabulary_no_audio,ea1e54d5-48a0-4ad6-9d1b-c2dd2acc6f26,Distinguished Encoding Rules
vocabulary_no_audio,139ee2bc-9825-4f0c-af00-247f2865384a,Distributed Garbage Collection
vocabulary_no_audio,dfe7da3d-acb4-4361-96b6-5de9fd520744,Filesystem Hierarchy Standard
vocabulary_no_audio,ae3e3830-f2dc-4df3-b49f-e5beae87e2e6,Dynamic Host Configuration Protocol
vocabulary_no_audio,28e8d0e3-5929-41a9-863a-102213e565f5,lightervisor
vocabulary_no_audio,c10c1145-4551-4585-98c8-07042d802861,Directory Information Tree
vocabulary_no_audio,c37dd650-b37e-4eb0-b69e-6d3d2ee3de45,Dynamic Kernel Module Support
vocabulary_no_audio,44bcdee4-2140-4b4b-bf19-4dba71318323,nginx
vocabulary_no_audio,aa98b2a4-a54a-4dfa-a187-da4eade5dd76,Direct Memory Access
vocabulary_no_audio,3eab6619-6834-403f-9aed-8db7395a8e07,Direct Memory Access Remapping
vocabulary_no_audio,613d7439-f958-4155-ab17-df9272ebe111,dmesg
vocabulary_no_audio,32a07f89-9c36-46da-b285-905718cb874a,Distinguished Name
vocabulary_no_audio,6d19d415-1ab7-4721-8a37-9dea5c7a0cbc,Domain Name System
vocabulary_no_audio,7fd9c894-1939-4e8f-bc09-cb584096e50c,dnsmasq
vocabulary_no_audio,aac51179-4daa-4dfb-b58c-6b92f0ab12b1,Domain Name System Security Extensions
vocabulary_no_audio,85452b71-5d55-4231-aabd-f2e76cc26558,Portable Operating System Interface (for UNIX)
vocabulary_no_audio,814686b0-f225-498f-b309-8ba0e6244c0a,Docker
vocabulary_no_audio,46a5fd11-8337-4029-80fd-e5870ce61b68,DocumentRoot
vocabulary_no_audio,2e1c44f9-88ac-4aa9-9e2e-fb7b570bae8b,LinuxONE
vocabulary_no_audio,8ad13627-c109-485b-ab85-abd189826d93,DNS over TLS
vocabulary_no_audio,ab7473ca-781b-4433-a6d7-c82bbd9adf79,Enterprise Ready Drivers
vocabulary_no_audio,062ac06d-b01f-4902-93a1-a3461c52760d,DNS over HTTPS
vocabulary_no_audio,fc430c23-ebb7-4ae1-a094-2dca456ae44b,dpkg
vocabulary_no_audio,e5ec59d4-13c6-4fb0-bb0f-a8ee7fd0a5b9,Distributed Replicated Block Device
vocabulary_no_audio,2e45287e-68f1-4d10-923d-415ced0b5e78,Differentiated Services Code Point
vocabulary_no_audio,6f648cfd-c029-4391-bbeb-f190b7086f2f,Datagram Transport Layer Security
vocabulary_no_audio,184f7b02-f233-4b7a-a73a-e800d0de1b51,Environment Abstraction Layer
vocabulary_no_audio,91b3c545-5f21-451e-addf-8296bc2552bc,Extended Count Key Data
vocabulary_no_audio,64b2290f-dacb-4daf-99dd-7ce52e3cb5ea,GNU’s Not Unix Transport Layer Security
vocabulary_no_audio,f414547f-59ef-4ebd-aabf-7594147fbf9d,Extensible Firmware Interface
vocabulary_no_audio,98eeaae6-e350-4312-839a-bebc59222e31,ELinks
vocabulary_no_audio,53edf53d-92d0-40c6-a531-b97079759e1e,Engenio
vocabulary_no_audio,2b8f04a4-c13e-4f29-90c9-2576df8680ca,Expanded Security Maintenance
vocabulary_no_audio,48bfbe1b-b1ac-4336-a353-a61a77016df8,ESXi
vocabulary_no_audio,d71471eb-c3f2-47f6-8dc2-48c12fadfb7e,failover
vocabulary_no_audio,ba2480f7-c06c-485b-ba48-7b4ec8a0911a,fallbacks
vocabulary_no_audio,400f1e9d-2089-40c0-8f8a-75129ebaffcd,Fast Common Gateway Interface
vocabulary_no_audio,4cf8ccd2-b6f6-4bdf-a1f1-f7470e07403f,Fiber Channel
vocabulary_no_audio,bb8b70cd-8e8a-48e6-9988-b5c917d8c38b,Full-Disk Encryption
vocabulary_no_audio,135ded72-3919-4c89-ad61-7ef6632caf83,API Group
vocabulary_no_audio,2ee33fff-8d11-49c5-a9bf-4dfcd4476ccb,Fileset
vocabulary_no_audio,100c298d-38f8-48f5-b9d8-5bae7f3dd1cb,File Transfer Protocol
vocabulary_no_audio,c748b9c7-5afc-45d1-843e-2dca8e1395df,Load-balancing
vocabulary_no_audio,b1c57fb8-1d0c-4d1f-8b80-d50c6d654b41,Federal Information Processing Standard
vocabulary_no_audio,950c499b-033a-4330-a1fa-328a0039c130,Fluentd
vocabulary_no_audio,4680107b-b477-47ff-a25c-6e9d09326dc4,Network Interface Card
vocabulary_no_audio,8ab4583c-e19e-46b7-9eca-225a5b2da40d,"Free Identity, Policy, and Audit"
vocabulary_no_audio,8f94f5cc-d256-480e-bd7d-7ceb0097b2a8,Freenode
vocabulary_no_audio,22a46e4f-a4bb-4c96-8988-5b727e59f403,frontend
vocabulary_no_audio,438a9c9a-b778-4f50-ae5f-19766128f66e,File System Check
vocabulary_no_audio,14376dca-1b0e-4890-a792-e6243c6fe227,Graphics Library
vocabulary_no_audio,5e8b04b0-9961-4879-bafb-50d0224d82b5,JSON Web Token (JWT)
vocabulary_no_audio,4da1b3ce-bc5a-4daf-a64f-6b4420557cd1,FULLTEXT
vocabulary_no_audio,3cebed39-5d56-4043-81a5-381756a89aa5,Highly-available Storage Virtualization
vocabulary_no_audio,4b16955b-4875-4812-9668-1515d6c2162a,gcplogs
vocabulary_no_audio,7009a237-d9f5-417e-8c91-ae61120888a5,gcrypt
vocabulary_no_audio,d1496962-df20-4b6c-bd0e-fe6b105f1984,Graylog Extended Log Format
vocabulary_no_audio,fb6f7769-31f1-4318-9707-ea424e92a222,Group Policy Object
vocabulary_no_audio,9f9348de-04d0-4be3-9467-74930c6d1a32,GFS2
vocabulary_no_audio,50c6f33c-8178-43be-8f83-db56394878ba,Group ID
vocabulary_no_audio,6ed273be-ae6a-4f95-8643-5e1940c97992,gitolite
vocabulary_no_audio,3c12866a-189e-4743-9878-a9f2879d78fb,Google Kubernetes Engine
vocabulary_no_audio,3c75c267-9a93-4b14-b584-716d50baf476,High-availability Storage Group
vocabulary_no_audio,149c0618-5c4e-4f08-b776-d08a97544dc4,GNU’s Not Unix
vocabulary_no_audio,de943add-1b1b-42f4-8934-862ecc0baa99,pockets
vocabulary_no_audio,4f903b66-49f5-466d-980a-ed60256e5f71,GNU Privacy Guard
vocabulary_no_audio,106cc3c5-1a73-422d-befb-7ba6d76f9e3a,Global Positioning System
vocabulary_no_audio,2f8b6f92-37ec-45ab-a44c-8f7b4c7ac1bb,GPS daemon
vocabulary_no_audio,1fd6d6e1-db77-41ad-a193-f870847819eb,Graphics Processing Unit
vocabulary_no_audio,8ef08cfe-4605-4056-93f9-cf7a8d955f32,Graylog
vocabulary_no_audio,f3c86890-1fe1-446c-a5bc-5d5f8d60f443,GRand Unified Bootloader
vocabulary_no_audio,2fcbfb69-ccc5-4c0c-920a-a78c749f4a87,Generic Security Services Application Program Interface
vocabulary_no_audio,386a3764-e38b-4688-b83b-e5cc8755aff4,GIMP Toolkit
vocabulary_no_audio,0fadc97b-153f-44e8-8581-58cb0a7cc4dd,Graphical User Interface
vocabulary_no_audio,bed26c7d-aea6-4297-b1ad-e01216dc8180,Hyper Text Caching Protocol
vocabulary_no_audio,c13ff096-ecdc-4562-a120-f0de72e0c9b5,Internet Protocol
vocabulary_no_audio,c6595bcf-53e0-419e-8fd4-2d551b8e6f38,GNU Zip
vocabulary_no_audio,7538ce53-c8de-4017-aa41-1e63b9682bc7,High Availability
vocabulary_no_audio,2270d679-54e9-4b99-831e-6296944128b6,Mail Delivery Agent
vocabulary_no_audio,0f398f09-94ce-4141-a161-6be931d2a98b,Hash-based Message Authentication Code
vocabulary_no_audio,b7d5c74c-95b1-44e0-86ed-86514adbae3b,Hardware Management Console
vocabulary_no_audio,bf0ebd86-039b-490f-8c71-b6b825330718,hostname
vocabulary_no_audio,1de27023-79d5-479e-9a94-4ca5f8fe0bff,HMAC-based One-Time Password
vocabulary_no_audio,cbd5e84e-e0e5-4cd4-960e-3e03e58deaa9,hotplug
vocabulary_no_audio,f7c85709-7bdb-4ba1-a1f7-8d801f97c8e0,Host Physical Bits
vocabulary_no_audio,ec805fc9-6a90-4e71-b6a0-efae1a82353d,High Performance Computing
vocabulary_no_audio,2902c8b2-e4f5-48cc-a47f-e1cf5e282240,HyperText Markup Language
vocabulary_no_audio,a1604237-3479-4fa7-a399-b98338b6b7c0,HyperText Transfer Protocol
vocabulary_no_audio,2b831099-dc7c-442b-a877-507d76302743,HyperText Transfer Protocol Daemon
vocabulary_no_audio,f87fbd9c-bbf8-416e-860b-beb9eff55e84,HyperText Transfer Protocol Secure
vocabulary_no_audio,dcac8838-f1d0-4cc1-8b6b-5784f31e607d,Minimal Device Manager
vocabulary_no_audio,af6b14c6-c13e-42d8-b0ac-f256215c6591,hugepage
vocabulary_no_audio,558bd9b3-89ef-466e-bd5e-f7f7edc63bd1,Hardware Enablement
vocabulary_no_audio,96edc929-fdd6-4e50-842c-8aea04e2f9cb,Internet Control Message Protocol
vocabulary_no_audio,0462db26-ffbc-44fe-b269-932f640fe3b3,Internet Cache Protocol
vocabulary_no_audio,7173e942-09ba-4e5d-b446-be1aede4051c,Identification Protocol
vocabulary_no_audio,6bc0c2d8-3f6d-4df0-bd37-385e0a6fbf76,Intel Trust Domain Extensions
vocabulary_no_audio,86020e6a-8662-4370-bb1a-0e991b7b8b1e,Input/Output
vocabulary_no_audio,aded8972-d35e-4b91-9bfe-2cd8852242b0,Input-Output Memory Management Unit
vocabulary_no_audio,f98598e6-1bab-4d70-90fe-9a895da787bd,Internet of Things
vocabulary_no_audio,950ed7e9-8532-4466-ab4e-ad37e543bb35,Multipath Input/Output
vocabulary_no_audio,6afc5106-a8dd-4763-8752-20615b4e0c49,Inter-Process Communication
vocabulary_no_audio,7159f669-b849-422b-b83e-07491ee26883,Initial Program Load
vocabulary_no_audio,3a6529ab-50a8-449f-a4c7-abdbdcf0fbb0,Intelligent Platform Management Interface
vocabulary_no_audio,1792edf9-9414-421b-a53c-affe7e1f4fcc,Internet Printing Protocol
vocabulary_no_audio,887f68cf-2af2-4700-820e-9764ccb30730,Internet Protocol Security
vocabulary_no_audio,b6ccf53d-2ec8-4350-bdcb-ef1d32824711,IP Virtual Server
vocabulary_no_audio,39260fc2-4086-4bfd-97a4-5a0e7461b13e,commit message
vocabulary_no_audio,71f2d5e4-97fa-4908-b356-6a7ae798cd50,Internet Small Computer System Interface
vocabulary_no_audio,4ffe1c3f-513d-4231-bf9c-59061f3076a6,International Organization for Standardization
vocabulary_no_audio,f53da9e1-31c2-448b-b453-d7f0da67e404,Internet Service Provider
vocabulary_no_audio,01b0a339-b123-4d3b-bd3d-02a348bd727e,jitter
vocabulary_no_audio,87ddf00f-3a8b-4028-9c06-cf4673143d90,Network Information Service
vocabulary_no_audio,1b156985-908a-4500-95d9-ca7c0ec691f2,journald
vocabulary_no_audio,5dc272b9-b274-436b-be6d-30a805bfe87a,JavaScript Object Notation
vocabulary_no_audio,b1a6b9b9-6f2a-40be-a229-8d5edab071ec,Key Distribution Center
vocabulary_no_audio,2cd24a2e-8eb3-40bf-a885-605cfa970bd8,keepalive
vocabulary_no_audio,ee295234-09be-4c92-8bde-82fdc088c253,Kerberos
vocabulary_no_audio,f8471d75-1c59-4a68-92ff-4bff0a1fba1f,keypair
vocabulary_no_audio,00f9bc88-4f70-45f5-9f11-dd0dff75bf97,keyring
vocabulary_no_audio,d50a3541-3d3d-4c2c-8565-4514b91d1c2d,keysalt
vocabulary_no_audio,79de203e-7cbc-461a-94ef-308e6ac91345,keyservers
vocabulary_no_audio,b318550d-3c45-42ee-9891-85138cc0bfec,keytab
vocabulary_no_audio,500b3fe7-82f8-4cac-a2f3-71ebf024b6bb,localhost
vocabulary_no_audio,d52a1055-df08-4ac7-837f-761d5d799476,Logstash
vocabulary_no_audio,6a1733c2-0a08-43a8-bf3c-8de0d95e95b1,Logwatch
vocabulary_no_audio,4448da98-91c7-414a-9e00-c687fc4f5b2a,Logical Partition
vocabulary_no_audio,121698b3-0f5e-42be-9c75-367a773f310e,Logic Systems Incorporated
vocabulary_no_audio,d490f326-788b-45bf-8110-4460d864fc0c,Mail Transfer Agent
vocabulary_no_audio,7808142b-693d-4f48-ab3d-7f58651ef2c8,Non-Maskable Interrupt
vocabulary_no_audio,7e824b2c-ef53-49ac-b1ce-9afbe9b52370,Long-Term Support
vocabulary_no_audio,8bfce8da-092b-4271-b519-7444149bb0c0,Logical Unit
vocabulary_no_audio,68ab9dea-0764-4cb2-b31b-b123934f78c6,Lua Scripting Language
vocabulary_no_audio,04d2ebc4-de08-4c32-a5c3-f246017b47f9,Dag
vocabulary_no_audio,70c826a4-5115-49cb-a136-de71708893f2,Linux Unified Key Setup
vocabulary_no_audio,99a63791-dc7b-4232-a21b-c9ad53f901f1,Logical Unit Number
vocabulary_no_audio,072b92a5-ac78-4c68-a4bb-5906095ba382,Logical Volume
vocabulary_no_audio,6f7a232c-cb2f-4bc8-99c1-4000e75f475f,Logical Volume Manager
vocabulary_no_audio,972cdee2-1379-4b85-89b2-6f36d6fdc456,Linux Containers
vocabulary_no_audio,60834498-6569-4f4c-8622-11b05ce431a7,Linux Container Daemon
vocabulary_no_audio,079d3c5e-25c6-4aa7-ab79-a29b47056c80,Metal as a Service
vocabulary_no_audio,17f52e78-739d-4ea7-8126-17a2c4879ac9,Message Authentication Code
vocabulary_no_audio,0336258e-0105-424a-9ae5-beae01537d81,manual page
vocabulary_no_audio,cc5ee1ea-a19e-483b-84bb-1d3ae2bf102d,Machine Check Exception
vocabulary_no_audio,df83d314-2601-40d4-adaa-901878f6d556,Message Digest Algorithm 5
vocabulary_no_audio,d30d8567-af21-4544-87c6-3bbb23065cec,Network Attached Storage
vocabulary_no_audio,98536cd0-015c-41ab-b0c9-2faa6bd6c52e,Network Address Translation
vocabulary_no_audio,8de51de5-4cd2-4e36-9387-70f2db3a5b90,Netboot
vocabulary_no_audio,04b52232-7e10-480d-800f-d8587f82a69d,Netfilter
vocabulary_no_audio,7ff03fe0-060a-4b57-91a4-fcc1d136fb48,Netplan
vocabulary_no_audio,f1f9e85c-b07f-4e3c-81f3-32d4f61905ed,Network File System
vocabulary_no_audio,c43a830e-a7ac-45c7-9542-157737f4fa37,Non-Volatile Memory Express
vocabulary_no_audio,1de71af3-d4e1-4207-8742-7043cadb7ce9,Non-Volative Random Access Memory
vocabulary_no_audio,cf47a929-cfa1-446a-9d3f-113676cb3d8d,NVIDIA NVLink Switch
vocabulary_no_audio,36eb98e7-6df3-428a-b069-6f74fc0c1c23,Open Shortest Path First
vocabulary_no_audio,7410d82d-a370-4e5c-941a-64b636aa32f8,Operational Test and Evaluation
vocabulary_no_audio,e5a2dd20-a18b-40b6-8ac7-bf8c1471b0c1,One-Time Password
vocabulary_no_audio,d28e0cc7-2274-4e25-883a-5cd34d51ec3b,Organizational Unit
vocabulary_no_audio,da02b54c-6242-4cf4-bd8b-25e5bde07a55,OverlayFS
vocabulary_no_audio,63ebb9b3-97c6-40ba-bc48-ba0385eb1b5b,Open vSwitch
vocabulary_no_audio,b5539db7-253f-4042-9c75-c709208793db,Pluggable Authentication Module
vocabulary_no_audio,b43a7d74-d496-4556-8c0a-97105b8a7a21,passthrough
vocabulary_no_audio,275742d3-e334-43aa-aa36-470bbfe59c89,PB
vocabulary_no_audio,5e7d7fcd-4a7f-4670-a7f8-dcb2219dce83,Peripheral Component Interconnect
vocabulary_no_audio,89c871e7-0f8b-4340-95cd-eca5a86917b5,Peripheral Component Interconnect Express
vocabulary_no_audio,f820c373-089c-4302-8338-9a80929fd5cd,Pacemaker/Corosync Stack
vocabulary_no_audio,007d7158-d34f-4905-9515-36a9290f20e5,Primary Domain Controller
vocabulary_no_audio,c9479b8b-a8a7-411e-81f0-19ded95d4dc3,Privacy Enhanced Mail
vocabulary_no_audio,601e91d7-ab47-4e4e-a3ec-459780551994,Petitboot
vocabulary_no_audio,7b65d39b-a559-4524-9b3e-2a0ae578059a,PgSQL
vocabulary_no_audio,45f4ea84-72b4-4e1d-8651-8214a5de1d21,PHP: HyperText Preprocessor
vocabulary_no_audio,15b2c725-17f5-46d3-871d-d3a9ff00bad7,Process Identifier
vocabulary_no_audio,902042cc-1de1-46bc-96f5-c8adb90e8a2b,pingable
vocabulary_no_audio,c9b6113b-2e4f-4599-b1b1-3975351dd18b,Personal Identity Verification
vocabulary_no_audio,4a14c9ec-9a61-4d8d-8dbf-8485f476ae11,Public-Key Cryptography Standards
vocabulary_no_audio,cb95f131-7276-43f1-9fa8-7fcfea874598,Point-to-Point Protocol over Ethernet
vocabulary_no_audio,31621a52-9b81-4721-819a-c6d1325f6681,Pulse Per Second
vocabulary_no_audio,a7a1d8e1-268e-40b6-85f5-ef7887db2d12,Preboot
vocabulary_no_audio,1a35fdf0-6cff-4b68-bf03-90d2e0fada4c,preseed
vocabulary_no_audio,3e95bdb1-745d-4f8a-a8b6-63f45765a266,Prometheus
vocabulary_no_audio,53dcc0ca-410a-42ee-b25b-227f6cfe73af,proxy
vocabulary_no_audio,993742a3-8c6b-452a-9730-5da9ed96c72f,Precision Time Protocol
vocabulary_no_audio,d333d638-bd99-4f8e-bc61-bdf33630f425,Pointer Record
vocabulary_no_audio,b2a5f914-e92e-4352-aed8-5d6aa288e974,Preboot Execution Environment
vocabulary_no_audio,f98e542d-6980-4116-9626-3c1ff488c30b,PXE Linux Loader
vocabulary_no_audio,ddde6d1d-e38f-4175-b458-2f8c89ba86c7,Quality Assurance
vocabulary_no_audio,18748e24-fcb2-4579-9788-5d034b88e866,Quorum Device
vocabulary_no_audio,2aaba8bf-1c96-40d5-9b1f-05eeb269ea2c,Quick Emulator
vocabulary_no_audio,4bad975f-f082-40fc-a1bb-d4028a1089f1,QDIO Ethernet
vocabulary_no_audio,fa82522d-ff78-46cb-81e4-d738a6eec2dd,quickstart
vocabulary_no_audio,19bfb416-8d77-41ef-bd79-7dfaead4bd63,Random Access Memory
vocabulary_no_audio,d875af6c-0e0c-4784-8b52-f1eecfc105d1,RangeSize
vocabulary_no_audio,9ad00e6b-f597-42fa-a97b-891929fce49d,Redundant Disk Array Controller
vocabulary_no_audio,e5d083a1-22a7-4b40-ba85-02d34ac19ef4,Relational Database Management System
vocabulary_no_audio,840bffce-fc67-4198-bc36-c170d06444e9,Relative Distinguished Name
vocabulary_no_audio,79fccd59-cc16-4189-8290-d8ff6f3c6efa,renderer
vocabulary_no_audio,82009caf-a3ac-4748-9ce7-9c6f3e8ef0ef,Restructured Extended Executor
vocabulary_no_audio,ff93adc3-5fb7-4ad0-99c8-fefb8cc30b1e,Request For Comments
vocabulary_no_audio,2b314567-9b3c-472a-98ed-b302420846ce,Relative Identifier
vocabulary_no_audio,deb5c3a3-bf81-459a-98aa-91ea5e007efc,SSH File Transfer Protocol
vocabulary_no_audio,3972e6ca-a596-4979-b89a-53d3abe7713e,Silicon Graphics Inc.
vocabulary_no_audio,a5b3596d-a035-40d1-a037-ec764ab223ba,Router Information Protocol
vocabulary_no_audio,fa8d52cc-4297-45bd-8743-dda4cc5096a6,Reduced Instruction Set Computing - Version Five
vocabulary_no_audio,796133a4-0eab-4f1a-8cd1-f5c0ca5420cd,Rocks
vocabulary_no_audio,9ae8b97f-631e-41d1-90a7-be0c09ec6ef3,Read-Only Memory
vocabulary_no_audio,281f7bcd-8979-471b-8cc6-70715ee5605a,Root Distinguished Name
vocabulary_no_audio,f73a6e60-a1c2-4026-ba2c-f8228bbdf086,Root File System
vocabulary_no_audio,af3d15ff-db28-4116-bc12-d3379b330090,routable
vocabulary_no_audio,3b36ded5-62fc-47b1-a4b5-d59fe289c630,Rivest–Shamir–Adleman
vocabulary_no_audio,5206cf4a-80c6-46f1-9374-1279853e903e,Remote Sync
vocabulary_no_audio,af486456-8080-434f-92f6-2e71dedf88a7,Real-Time Clock
vocabulary_no_audio,49549ba6-464d-4ee1-904a-fad0f8f4df33,runtime
vocabulary_no_audio,070f82b1-2fac-421e-aadb-9bc69508b62d,Samba
vocabulary_no_audio,75c087b5-327b-43b6-aab4-c3d291b9c7cc,superblock
vocabulary_no_audio,eafaa2bf-dc86-417d-8a49-93ca1c87fe85,symlink
vocabulary_no_audio,62ac1579-ab68-44f1-85d9-10f908698082,schema
vocabulary_no_audio,eccbc862-aabb-4eaa-95db-ddb2a38c8a9c,Storage Area Network
vocabulary_no_audio,aba57234-5051-434e-8f10-5dddaf9ca48a,SCSI Primary Commands
vocabulary_no_audio,72d5f552-47ef-4ecd-ba7f-f5c5612b7e4b,Splunk
vocabulary_no_audio,54f5b180-bf54-44b2-9013-2c643f4e1128,Small Computer System Interface
vocabulary_no_audio,b992ff46-b9b5-4cd2-932b-4f27973d4e45,sandboxed
vocabulary_no_audio,8b7eaaf0-a8d1-4ab4-acd4-b9701bfe1faf,Storage Area Network Locking Daemon
vocabulary_no_audio,707b471d-7bff-4839-a86c-fcc5d2c3329b,Simple Authentication and Security Layer
vocabulary_no_audio,704f7a50-c680-4a0f-adec-8437d783b341,Storage-Based Death
vocabulary_no_audio,fdb3605b-db15-45b7-8b9e-eda5ed5e6100,System Binaries
vocabulary_no_audio,16f51655-0f62-408c-94ba-3db9ccdbc812,subvolume
vocabulary_no_audio,691acf62-a471-475c-9b2b-1e9395ccf506,Secure Copy Protocol
vocabulary_no_audio,b95d7fab-e98b-470f-96f8-217da62c95fc,Scrollback
vocabulary_no_audio,2da2a99f-fbb9-451c-99da-da1d87b80329,Stable Release Update
vocabulary_no_audio,640b25cf-ac5a-4322-9b27-b9e2cfb0fe29,Solid State Drive
vocabulary_no_audio,b6221685-fcbd-4ac4-a59a-7298849c3ba0,Secure Shell
vocabulary_no_audio,da49953f-ff2b-42bc-954c-37c41f1e8cb3,Secure Shell Key
vocabulary_no_audio,bca6d87e-7833-4f6f-b329-19e6982a7da1,Server-Side Includes
vocabulary_no_audio,f8b9fccb-9dbf-466c-ad65-50e955fd94df,Secure Sockets Layer
vocabulary_no_audio,65b5fc38-2cdc-47b0-971c-2d2d7c8701bb,Single Sign-On
vocabulary_no_audio,58dd5171-6506-4f9a-ac5e-932e8bcf6584,System Security Services Daemon
vocabulary_no_audio,dbb52ad4-0654-4166-baf4-3758f6a54f25,stateful
vocabulary_no_audio,09bfd53c-7312-4275-bd23-199d4d1d7a8b,Standard Input
vocabulary_no_audio,b7a6ac34-0bd2-420f-8009-f020de9ca2c7,Standard Output
vocabulary_no_audio,24563c84-b618-45f9-9630-301528d753ea,Standard Error
vocabulary_no_audio,a5fac685-675e-41ef-b1d6-1d2f80083cdb,StorageTek
vocabulary_no_audio,87645984-710a-45a0-92f5-3c1dbc0d9504,storage
vocabulary_no_audio,f81d70dc-5ccf-4039-985f-705052e725a1,subcommand
vocabulary_no_audio,90d32811-f654-4954-a178-dd3fd1b6fa67,Subiquity
vocabulary_no_audio,3bdefc05-1d4b-4bc3-ac0a-dc5ef2612c53,substring
vocabulary_no_audio,f247f724-2aa4-4fe4-850a-54eb7500daa0,uptime
vocabulary_no_audio,6ccfd42f-f3e6-443f-9a6e-a6d1fa04b334,Transport Layer Security
vocabulary_no_audio,eaf7465d-2630-4a17-9442-cf02b02e9669,Task selector
vocabulary_no_audio,db2f535a-8847-45d9-b56e-ed884cedb6b1,TB
vocabulary_no_audio,3d90504f-60f6-42b7-a0c7-a7df9637c110,Transmission Control Protocol
vocabulary_no_audio,443a02ae-a79f-4e74-a320-31749488d68b,Trust domain extensions
vocabulary_no_audio,253871a7-38ce-4dfe-a99d-2f739a69f05f,Trusted Execution Environment
vocabulary_no_audio,673e5891-5ae0-42f3-9e67-da3feadd2200,Trivial File Transfer Protocol
vocabulary_no_audio,f2b4ada2-b340-4219-9ec5-bd4d29491ebb,Ticket Granting Service
vocabulary_no_audio,97c4d748-00e5-41be-8376-bf7198703a8e,Ticket Granting Ticket
vocabulary_no_audio,055bdc72-133c-457f-af6e-5ed202e772c8,Translation Lookaside Buffer
vocabulary_no_audio,1c8d7168-1e66-4b4b-8da1-2b68c003ed3c,Volume Group
vocabulary_no_audio,5e305e3b-0f79-4c2f-a7a6-f2895b51cc1a,Temporary Filesystem
vocabulary_no_audio,1e241bd5-4c93-4e30-b73f-50ae9cefe045,Terminal Multiplexer
vocabulary_no_audio,b9000bb0-69cb-44d6-a3ec-7bd1556fda6b,topologies
vocabulary_no_audio,01973542-1545-4299-a9d1-b174e30f7389,Time-based One-Time Password
vocabulary_no_audio,b3a261b7-cf0b-4fc9-8c1a-f47b537c0e5c,Trusted Platform Module
vocabulary_no_audio,17f430fc-2848-40c4-8e09-cb9270526729,Traceback
vocabulary_no_audio,4ec657af-769e-4264-87f0-2ebecec305ed,Traceroute
vocabulary_no_audio,f1fc408d-ed74-4c05-8d94-fc0a64a78f56,unicast
vocabulary_no_audio,a94510af-9691-4adb-9855-ba5c7523028f,Teletype Terminals
vocabulary_no_audio,3fd8a552-7ced-4386-bbec-2d7745974f81,code of conduct
vocabulary_no_audio,964ffaeb-ae06-4584-865c-b12df05c3ce3,Uniform Resource Identifier
vocabulary_no_audio,7b75bca9-318d-462e-afa4-1a91b7a3a3f4,Trusted Execution Technology
vocabulary_no_audio,72f4402c-ece8-4bb7-b43b-5f5c62006f8b,Unified Data Architecture
vocabulary_no_audio,2ceefb80-da3d-458f-b9bc-cd77984f684a,User Datagram Protocol
vocabulary_no_audio,c30733ff-f439-48c4-9bd2-f8e7fd70b036,Unified Extensible Firmware Interface
vocabulary_no_audio,13f492f4-56c0-49d7-b56d-11e959196789,Uncomplicated Firewall
vocabulary_no_audio,e6ceae1c-21b4-4eb0-81d7-241ad7d11ed9,User Identifier
vocabulary_no_audio,7718b569-0003-4242-a056-67cad8c6c6ba,User Interface
vocabulary_no_audio,70aa0b05-189a-4160-8151-1a2b389ad9ec,unmount
vocabulary_no_audio,77965730-4940-4e24-8bb3-1225808b81b2,untrusted
vocabulary_no_audio,de77857c-c5bd-4b83-973f-df1ba0f81616,Uniform Resource Locator
vocabulary_no_audio,97695394-23df-430c-aee2-7df1ea835e3c,userspace
vocabulary_no_audio,70e0c04c-d33d-46f1-89e4-e821aa8d0ea0,Update Sequence Number
vocabulary_no_audio,3f08c3e2-1ec5-4cb1-9def-f8d50fb9ce6d,usr
vocabulary_no_audio,da9f529d-d7e5-4e54-8ef7-10c8065ca5e3,Universally Unique Identifiers
vocabulary_no_audio,49cdba79-39ab-4ccc-bf26-e588114e321d,Virtual Central Processing Unit
vocabulary_no_audio,2fb66a32-3061-4854-8e48-59f8c1f5eaa0,Version Control System
vocabulary_no_audio,1d0e9f57-96c2-4eae-9f48-6c4605346ba9,fenced code block
vocabulary_no_audio,8a4649fb-1bbf-42bf-b40e-48a6af4698f2,Virtual Ethernet
vocabulary_no_audio,419bf71b-3f00-45a8-bd57-80b5fd8377f3,Virtual Function I/O
vocabulary_no_audio,8dcbec89-ca34-4575-9f9f-bdf991749971,Virtual File System
vocabulary_no_audio,50c8fe3e-b9e3-40d8-82bf-cbb01d0aefc1,Virtual Functions
vocabulary_no_audio,7282bd29-b2ac-405c-9d1d-c801d669f742,following (users)
vocabulary_no_audio,dc7eca45-aa11-4a65-87dc-ffad17fb9da0,Virtual Graphics Processing Unit
vocabulary_no_audio,875006ec-24f0-48db-916c-37e04b157377,Virtual Shell
vocabulary_no_audio,528b571c-9e0c-4616-988e-92e162a9bedf,Virtualization I/O
vocabulary_no_audio,6442c8ec-efbe-4fdd-b4f4-2a29dac8b1ad,virtual
vocabulary_no_audio,32e71e39-0679-440b-844e-90e3fe2c0e91,virtualization
vocabulary_no_audio,a4c0ffe8-3e86-4fb0-a2cb-b71385497d4d,file system
vocabulary_no_audio,c00ac8ff-a70d-4e67-8587-e02bdc10c81f,Virtual Local Area Network
vocabulary_no_audio,3918b41f-cf30-4f0e-bc47-0e07745475e1,Virtual Network Computing
vocabulary_no_audio,73433f0f-9849-4681-a1ad-049ef7e63278,Web server
vocabulary_no_audio,20076c04-a44c-4426-ac53-2f9024c1db36,root directory
vocabulary_no_audio,304eae9e-3114-480e-9286-4eed1f40ef70,Virtual Private Network
vocabulary_no_audio,d4834371-a656-46ef-bd41-ca0afa94a6de,Wireless Local Area Network
vocabulary_no_audio,cd4a76c2-e9e6-4190-9212-b215a2730450,Zip File
vocabulary_no_audio,b250f029-b78b-427f-b6db-437d5df92304,billing email
vocabulary_no_audio,5cbd3491-5219-4ff6-85ae-b930d63679a3,Virtual Router Redundancy Protocol
vocabulary_no_audio,9d9c5839-1d52-4013-9d48-2e17359cba9f,Very Secure FTP Daemon
vocabulary_no_audio,0f90b4d3-ab61-4d23-99a2-4b15a83be391,Open Source
vocabulary_no_audio,2a17fd7a-880d-4edb-9707-4d98f56cc66e,Git archive
vocabulary_no_audio,7ddd95c0-8fd4-4a6d-988b-f81988d427e7,Write-Ahead Log
vocabulary_no_audio,cda200a9-9bb2-42ad-97b2-7b7cd7816de7,Wide Area Network
vocabulary_no_audio,12a3280c-6292-4738-b01d-2a4234c5aef4,Web Cache Communication Protocol
vocabulary_no_audio,6e24fe32-0888-4e93-a752-a61e1846b7c6,Windows Bind
vocabulary_no_audio,ddbf387e-dee4-4874-9669-378741ef9056,WireGuard
vocabulary_no_audio,38bb8d62-1975-4eea-9c3b-88a20c172751,basic authentication
vocabulary_no_audio,95bd074c-d936-4ab4-9c8e-fca450713b5e,Web Server Gateway Interface
vocabulary_no_audio,b6096727-9e6f-483c-b503-74ebdd5742d0,World Wide Identifier
vocabulary_no_audio,bd815f3d-057a-414f-b90c-eaefb6e7112b,billing manager
vocabulary_no_audio,233acba2-bb73-4f70-90a8-ff3ee6e376e0,X.509
vocabulary_no_audio,39ac5467-ca07-48c5-b590-78c89657cc12,Extensible HyperText Markup Language
vocabulary_no_audio,25a55c7b-7445-4f17-b45c-b2fb3a1e03ed,Extensible Markup Language
vocabulary_no_audio,bc853ff7-75fe-4922-bd8c-c03ac5531cf6,YAML Ain’t Markup Language
vocabulary_no_audio,ca3b0159-aa7f-4655-a92f-a15ac898ee98,Computer Program
vocabulary_no_audio,ebbf77c6-7ac0-4a2a-80df-268e16663859,Best Practice
vocabulary_no_audio,e4796424-2bbd-4545-a5a2-7be912accad6,Yubikey
vocabulary_no_audio,30100033-0406-43bc-b0a0-430f9918f33e,zSeries Fibre Channel Protocol
vocabulary_no_audio,1feb733a-40f8-46d3-a400-c1150bffe3f2,Zettabyte File System
vocabulary_no_audio,615258c2-bfa8-4d8f-9f6a-0873e7757865,billing cycle
vocabulary_no_audio,53e7bd3d-bcb2-4b6e-9a4a-0929f94bd1ba,z/VM
vocabulary_no_audio,627ded1a-93d2-4fa5-952c-57e5ec613d26,Introduction
vocabulary_no_audio,e56eb0bf-cb29-4b2e-af41-1d1e02ca638d,Router
vocabulary_no_audio,091945ec-9953-491f-80c5-bf616d0b8000,Switch
vocabulary_no_audio,bce1e030-766d-4fe9-addd-a5903b32bcb7,Wireless Access Point
vocabulary_no_audio,6866b935-4ed0-4c71-bf6e-7b07945482cd,Application
vocabulary_no_audio,d6fbf0fe-e007-455a-a3cb-48e2ff2a09b7,a qubit
vocabulary_no_audio,475912c0-5196-43be-9587-4b67a68a396a,Multiplatform Phone
vocabulary_no_audio,66f3efe2-7f21-4ded-89f3-6a348d620ce7,Administration Guide and Quick Start Guide
vocabulary_no_audio,a318c7b5-c0ba-409b-a768-9f532cd0c983,Default Settings
vocabulary_no_audio,41cdbee3-d87f-45c3-9cad-117a28b96035,dangling object
vocabulary_no_audio,4d1d9235-7558-4c8c-aa41-a9edc521483a,Default Username and Password
vocabulary_no_audio,edb12909-8ddd-4a3e-ba9d-0cfabdb24e21,Default IP Addresses
vocabulary_no_audio,d7fa7243-a874-4cc3-9f37-901269033466,Reset to Factory Default
vocabulary_no_audio,cf5a36df-12ac-4307-bcc4-77e1e89552f7,Web User Interface (UI)
vocabulary_no_audio,852b8f72-e0bc-4285-8571-0b16be86802d,Setup Wizard
vocabulary_no_audio,51bbd30a-7722-4f30-992b-3b622bc09602,Cisco Proprietary
vocabulary_no_audio,9a7bca70-5680-4d26-93a6-ebb40ff204a0,Command Line Interface (CLI)
vocabulary_no_audio,59fd2f8c-5ca1-4ea9-84fb-1f4ca0c7cad2,Models in a Series
vocabulary_no_audio,e37ef7d6-82df-42f1-9dd9-4ffe08c46a09,Firmware
vocabulary_no_audio,5e2e03ae-ca4b-41d4-9668-20a8b1244591,Upgrade Firmware
vocabulary_no_audio,cbab7e49-dec4-41f4-af82-f940899070ce,Interface
vocabulary_no_audio,d4218df4-b57e-467f-ae1b-c685f25e664a,Node
vocabulary_no_audio,1baa7095-dfd3-4b03-a45c-259bb2332336,Host
vocabulary_no_audio,75262b36-dc0e-425d-a6b0-a4f6d82d607d,Topology
vocabulary_no_audio,11399f84-4d46-4599-9d4f-eeb4892d21d8,Configure
vocabulary_no_audio,91126eea-9c1f-4457-a19a-5e0fd3fb50dd,subnetwork
vocabulary_no_audio,46610a64-aafc-4170-9ec5-bb98e64e704d,Virtual Machine
vocabulary_no_audio,d2b24f9b-1d60-475c-9c8c-99baf1fcdcaf,Cisco Business Dashboard (CBD)
vocabulary_no_audio,45627cc8-65df-4df4-841a-cd962e65f979,FindIT Network Discovery Utility
vocabulary_no_audio,c66c3ddb-20a7-4550-af87-15e4edc3e5f9,Web Browser
vocabulary_no_audio,4fdac53a-3f27-4798-847d-62540521684d,Uniform Resource Locator (URL)
vocabulary_no_audio,9ed336f2-2416-4ad5-9ca0-aac34ce1183c,AnyConnect (RV34x series routers/ VPNs)
vocabulary_no_audio,32f3b4f3-9228-44e0-ba19-6ee692274821,Packet
vocabulary_no_audio,7aeb9d9b-5250-49fa-ba9b-b3f713deeab6,Latency
vocabulary_no_audio,1fe3de55-0307-48bc-b876-4028ad2d5823,Redundancy
vocabulary_no_audio,bf6a8b62-a29d-4f1d-b68e-e3cdbb76fe43,parent team
vocabulary_no_audio,aa260ec9-2904-4a73-93a3-072dc81434bc,SSID
vocabulary_no_audio,ebc3cbf6-37b4-47fb-82a7-27e0f546151e,Protocols
vocabulary_no_audio,1802cfdf-d1f8-4474-8ea9-1e5e21e121cd,Server
vocabulary_no_audio,a83294ef-9264-44e7-b97c-e5944cf4a2d6,Quality of Service (QoS)
vocabulary_no_audio,247d3e46-2c58-4433-8288-5a91e9c29ebe,Internet Service Provider (ISP)
vocabulary_no_audio,12d88fb7-2ecc-4de6-a673-b501aa373573,force push
vocabulary_no_audio,a3a0f599-3d35-4281-87f4-329e1e4db93a,Default Gateway
vocabulary_no_audio,5b7be8fb-20a9-425c-91e7-fff2d51c2a50,Firewall
vocabulary_no_audio,c10d5b33-8413-4d7f-8c2a-a7cb02f8d116,Access Control Lists (ACLs)
vocabulary_no_audio,d0aa927e-488f-47ff-86c5-cd0e32d964c0,Bandwidth
vocabulary_no_audio,b667b1a1-4e9e-4c76-9714-fc91b8ad879e,Ethernet Cable
vocabulary_no_audio,d8e2e512-9def-41c0-9156-02aac8caadd8,Local Area Network (LAN)
vocabulary_no_audio,d836107c-d62f-47c7-8647-2d8519430633,Wide Area Network (WAN)
vocabulary_no_audio,21e4eecb-0f8c-4d9a-9738-8802fd2e44cc,Network Address Translation (NAT)
vocabulary_no_audio,6808b869-7c1a-4fd4-8399-de4f2d301ccc,Static NAT
vocabulary_no_audio,24d0b94b-c782-4dec-bd8e-d86c04d4e21d,CGNAT
vocabulary_no_audio,5ce27f85-b7da-4469-9819-01fef230f5ca,VLAN
vocabulary_no_audio,fd6eb16d-2509-4e2a-8ef1-5c3b5296886d,Virtual Private Networks (VPNs)
vocabulary_no_audio,15059b63-2cda-4657-8a9f-4332bea14ef7,Conclusion
vocabulary_no_audio,d0fd79dc-84f8-43d9-ba9f-8dd979cf4112,alternate object database
vocabulary_no_audio,99b9acc4-1ac5-46a3-a40b-04270eb313c8,bare repository
vocabulary_no_audio,952ba632-41ba-4554-939d-e20c94193faf,blob object
vocabulary_no_audio,da985192-c2a0-4f20-b16c-bdca1afec8c8,commit object
vocabulary_no_audio,a7047b5e-9651-448f-960e-f963066ae24c,branch
vocabulary_no_audio,5dc0f50d-715d-4dc0-ba7a-f9c73c57b0b6,Cache
vocabulary_no_audio,32bcbba8-4492-409b-bad1-d2fd3b19564e,chain
vocabulary_no_audio,67780e69-4f3c-4e73-8be8-da14a3a300b7,changeset
vocabulary_no_audio,cc2be25e-425d-4b0d-87fd-f9c43c1510d0,checkout
vocabulary_no_audio,3c3033f4-2944-4239-a347-e57648b9ec2a,cherry-picking
vocabulary_no_audio,ea531430-5e38-4f3c-93ec-f38086d22a4c,clean
vocabulary_no_audio,88e0ea92-1539-4089-95ee-2f0e197d6343,"commit graph concept, representations and usage"
vocabulary_no_audio,bc2e0aea-9083-4e7e-ad61-190dd1e129b3,commit-graph file
vocabulary_no_audio,76671f10-2949-4c30-8d6d-7875501244a6,Mirror Pod
vocabulary_no_audio,5004b9b3-8f81-48b1-bf0f-a50ac029e8e6,commit-ish (also committish)
vocabulary_no_audio,abc3667a-cd25-47d4-b075-6bf631fd4aed,core Git
vocabulary_no_audio,33b9ab00-0924-40b3-82e7-f93b8a183e77,pack index
vocabulary_no_audio,df7f4e33-604b-4515-be6f-007cd1e2f0c2,DAG
vocabulary_no_audio,e3ba30ad-2bb7-4861-a885-112cf9150b08,gitfile
vocabulary_no_audio,92405205-e5ae-46bb-a03c-256e3ab0f4d5,dereference
vocabulary_no_audio,e2714954-824d-43c9-9f2f-f6062e2d8206,detached HEAD
vocabulary_no_audio,5227e4b4-e065-4fef-8eaf-9473ebdfb9d8,directory
vocabulary_no_audio,aab94970-068c-478d-a921-cacbb2e4ed40,dirty
vocabulary_no_audio,e296c349-d642-4ca6-a4a9-20dbb3c3b882,evil merge
vocabulary_no_audio,77f23a05-fe56-499c-bd80-b5daf97f5d34,index
vocabulary_no_audio,6e60e4e8-e72d-4cf7-89a2-98ace10bf2de,fast-forward
vocabulary_no_audio,5fa20d81-3237-4044-8fec-34e4b1fbe9dc,fetch
vocabulary_no_audio,0399ebc8-7b84-4ec4-9cee-30080be754cd,timeline
vocabulary_no_audio,2756d0e6-6ac6-4165-a6a8-bdd36b6ec2c1,authentication code
vocabulary_no_audio,55026a41-f9e8-457f-a230-a89ab4784981,grafts
vocabulary_no_audio,7e66684d-2174-4a7c-8d61-072031d9b5ad,hash
vocabulary_no_audio,7c357d24-efa4-41ac-884b-1d52457f925f,Head
vocabulary_no_audio,c38c249a-9ba6-44a4-ade4-13b4e3482203,head ref
vocabulary_no_audio,3202d263-3202-47c3-a64b-265f35942fae,hook
vocabulary_no_audio,3a92c6f4-141b-44f6-b37a-2f525668d25b,index entry
vocabulary_no_audio,46ef3a02-5f54-46da-9f9b-d14f49de1e01,master
vocabulary_no_audio,6a05276c-d687-4cde-92e4-670b66e6f2a4,parent
vocabulary_no_audio,744f5305-fc89-49cb-9acf-7fcb616b853a,peel
vocabulary_no_audio,c48a3c4d-3169-4df3-aa47-57f900dff02f,shallow clone
vocabulary_no_audio,abc303f9-430d-4680-8223-06c4471a0d9e,child team
vocabulary_no_audio,eb1cd05e-3e84-4ec5-9a13-1119c1d7b4ee,base branch
vocabulary_no_audio,26e993c5-8917-4e45-9850-2cb87424d277,merge
vocabulary_no_audio,dd1990f8-4f99-42e1-b8b1-c8087ebb5285,Object
vocabulary_no_audio,8109b2a4-f6e8-4df1-9244-db0ee67f23f8,object database
vocabulary_no_audio,bb5f7ba3-b2e9-47cb-83e6-d5b8405613de,"object identifier, object ID, oid"
vocabulary_no_audio,7c41a846-3b3a-492c-8bc6-0b9070629c59,object name
vocabulary_no_audio,efad5c7c-d5b9-4f34-b3ad-c1db08a67a50,object type
vocabulary_no_audio,22567880-2e51-4555-aaf6-d5638082451f,octopus
vocabulary_no_audio,5772175d-1597-4d51-be64-5d4b42af2404,root filesystem
vocabulary_no_audio,3d7da4f1-cccb-42ed-81f6-f6fbde38ecd6,orphan
vocabulary_no_audio,e875fa07-169c-411c-aad0-018910db4f21,Origin
vocabulary_no_audio,12de2b4c-5bf5-454f-8d91-b8a04e6116cb,squash
vocabulary_no_audio,54b02d5f-3c2b-444a-a19b-be57a4831eb2,overlay
vocabulary_no_audio,70ab6191-151c-4fdf-bcb3-adcdd453087b,pack
vocabulary_no_audio,6c39298e-9ca0-46b7-ad7c-7136465015d2,assignee
vocabulary_no_audio,12f8157d-657c-4d6c-9f88-3369e5357608,pathspec
vocabulary_no_audio,bec4a99e-fb72-4eca-bd73-56e4c1292e41,top
vocabulary_no_audio,087a1f63-8787-40e5-b70e-c3811b403718,Literal
vocabulary_no_audio,a54d8162-f2c8-4ede-b084-56fe1e546794,pseudoref
vocabulary_no_audio,7262a6b4-3893-4120-a25f-4f7bfc247a75,glob
vocabulary_no_audio,65a543ac-1d53-4c34-8b49-5fe9989a4bc1,attr
vocabulary_no_audio,a042aa43-1e8b-4a60-8739-eeacd0926c1e,exclude
vocabulary_no_audio,d4f7aec9-d78d-4cee-894f-35e23c33173f,pickaxe
vocabulary_no_audio,2778ec9a-a089-471f-877b-3c110813f1cd,plumbing
vocabulary_no_audio,b91c4a52-4a77-44b2-8c41-85c8f63ff9b7,porcelain
vocabulary_no_audio,aa174e0f-6bc2-42ca-a54a-0d9f431648be,per-worktree ref
vocabulary_no_audio,72c83e20-c892-4b74-8932-050c513ed920,pull
vocabulary_no_audio,aeb4643e-8b6e-4e79-8516-dc98f92bd0a9,symref
vocabulary_no_audio,165aedf8-8e8f-4457-bde8-fe0dfee44864,push
vocabulary_no_audio,bbb7eda6-3545-4519-b193-bb8bd7f551b8,cron
vocabulary_no_audio,f7fbc773-488c-4638-9bf0-025a13764eaf,reachable
vocabulary_no_audio,dd0fd09a-4132-44b8-94c1-d23bbd694283,reachability bitmaps
vocabulary_no_audio,a8703f4d-0f32-443a-b4ce-3bc214e22c9e,rebase
vocabulary_no_audio,6923eca9-e057-42e1-952c-6df13c1ba35c,ref
vocabulary_no_audio,2878454c-e5db-4409-8062-7768a9c1dd90,reflog
vocabulary_no_audio,ad5eef37-0e09-46b0-a91a-57d5547a0154,refspec
vocabulary_no_audio,8be0f103-89f3-418b-b3c7-727fcddc2d69,remote repository
vocabulary_no_audio,ec7dfbec-ced4-44e1-8255-b0ddf16ea2df,Tag
vocabulary_no_audio,187e9b5d-3392-46d5-9d2c-d52f701f40e2,remote-tracking branch
vocabulary_no_audio,22b6f63b-39af-4298-954f-968a29a87193,repository
vocabulary_no_audio,c4c7923d-e7e8-44e5-aeb0-86b01feb0142,resolve
vocabulary_no_audio,bf0a8833-27db-4925-b3e8-4ac7063575a2,rewind
vocabulary_no_audio,5b72844e-5252-4892-9cd1-383e3ef384b6,SCM
vocabulary_no_audio,7ec4d36a-3d5a-402a-8e5e-0051a3c581b1,SHA-1
vocabulary_no_audio,71eeae67-95cf-43f0-8ea9-cdb00960b270,shallow repository
vocabulary_no_audio,300b63e6-49e5-4681-97ee-53fb3d1c056f,stash entry
vocabulary_no_audio,f8a10c8c-52d0-489a-b737-269204a4cd5e,submodule
vocabulary_no_audio,652f46b0-0bb8-4364-a7c2-c4b00033eac4,superproject
vocabulary_no_audio,766116ba-e88d-4f60-8e47-8f27f10f89c7,cURL
vocabulary_no_audio,46a5029c-9bea-4b29-8df4-db6ee080a4bd,tag object
vocabulary_no_audio,19093862-1fa7-4964-9b2c-8465534c689e,Fork
vocabulary_no_audio,8107278e-44ea-46e3-8e0c-124f76d13f94,topic branch
vocabulary_no_audio,c9ca91b1-ed5d-4848-a814-ef21274a003d,trailer
vocabulary_no_audio,3c9d15f1-c6b9-4280-b9b6-a1cd07a4b946,tree
vocabulary_no_audio,b43db903-d17c-4de7-9967-3330bfcc6746,tree object
vocabulary_no_audio,ffb3f148-5681-4abc-90a2-954dd00260a0,GitHub Jobs
vocabulary_no_audio,1d810997-800f-4a9e-96e1-5e6320b285f5,tree-ish (also treeish)
vocabulary_no_audio,899eee4c-7293-49e4-ba78-c8be96ec791c,unborn
vocabulary_no_audio,dac4c150-e011-4b5b-81b0-310ecddfb0d2,unmerged index
vocabulary_no_audio,89686dbe-771e-4f36-8935-56d0c02ae7ba,unreachable object
vocabulary_no_audio,18c72455-9e41-403e-9da2-76d34a55986e,upstream branch
vocabulary_no_audio,5cb95d20-5b90-4d4a-bf38-fad86b5e6f17,working tree
vocabulary_no_audio,2b783de9-a619-4ace-8c22-3f3f2d87a948,worktree
vocabulary_no_audio,896d1bc3-29b4-40b5-a354-4b15d2a6f7ae,@mention
vocabulary_no_audio,b8430a2a-153a-4c49-a3c3-a4c155d9f956,access token
vocabulary_no_audio,6972a7f5-7b99-4c64-92aa-e9a54d94dcc6,API preview
vocabulary_no_audio,04c4b81f-4997-4648-b2ad-cd7024caf54c,appliance
vocabulary_no_audio,750709f6-173b-4483-bf81-9d8a60f78841,blame
vocabulary_no_audio,bf6654a9-478f-418d-a105-29fbe811942a,Block
vocabulary_no_audio,ff45c4ed-1ec8-47d5-8f7b-e6dffa7c246d,branch restriction
vocabulary_no_audio,6b9ac067-982a-4b0f-a0db-eecc9e88ea35,Business plan
vocabulary_no_audio,e6afecd3-a507-4fae-857a-d3d2e8839ac7,CA certificate
vocabulary_no_audio,e9d08e11-cbbb-447c-a49e-9a5a8df21c0c,card
vocabulary_no_audio,324e1b94-2254-4111-8bb4-37e8248a4b4b,check
vocabulary_no_audio,17d7fca6-776c-41d2-ac5a-e66b1f865dfc,clone
vocabulary_no_audio,a6ca04a6-12ae-4eec-83a9-5caa4f4507ea,clustering
vocabulary_no_audio,6518fbe7-0a6b-4af3-a765-0622c3b044cd,code frequency graph
vocabulary_no_audio,3903c50c-a9b8-4e0c-8de3-2ec989681687,code owner
vocabulary_no_audio,6d1e08cf-4a34-4efd-b044-9f9b5859b298,collaborator
vocabulary_no_audio,6ae14b88-6959-4bbe-a133-2a16574dd930,commit author
vocabulary_no_audio,f20d05e4-7bfc-4da5-937c-06c049b95af4,compare branch
vocabulary_no_audio,faa50a3f-d2ef-4c2d-924c-1e0cda6dc32c,Continuous integration
vocabulary_no_audio,88d4109d-d20a-42b2-b312-acf5eb763b5c,contribution graph
vocabulary_no_audio,f03f4553-90d8-4bab-a5b0-360d95689089,contribution guidelines
vocabulary_no_audio,097f9757-64fd-4056-beed-e2825459d631,contributions
vocabulary_no_audio,921268bd-a42d-4c55-942f-374f0f9963da,contributor
vocabulary_no_audio,9496ba1a-2e77-438e-95bd-7f84f782ff5e,contributors graph
vocabulary_no_audio,8a7aaa2c-e7bb-4b18-9357-5c4ea73fdac3,coupon
vocabulary_no_audio,8c13cd7e-c58c-4608-ba92-3a42e0fe843a,dashboard
vocabulary_no_audio,cefa2d08-74ab-423d-ba66-96d4eda7587d,default branch
vocabulary_no_audio,11fab840-a959-4b77-804a-0f019d999a82,dependency graph
vocabulary_no_audio,29ac7e16-d1e2-4979-af1c-a5344173158e,dependents graph
vocabulary_no_audio,4d411ef2-54f1-4f77-98db-e04926ed5d72,deploy key
vocabulary_no_audio,9910a3e9-1d36-4663-8225-4faf743b0856,diagnostics
vocabulary_no_audio,56c37065-0730-421c-812d-7503ec533a92,diff
vocabulary_no_audio,c1d5b454-2db0-4da8-93d2-7629dc6bf23b,email notifications
vocabulary_no_audio,8f51336d-c24e-436b-ab1b-b6a17ad1cdf8,GitHub Marketplace
vocabulary_no_audio,65339305-294c-4139-ac78-eea30b987724,enterprise account
vocabulary_no_audio,61adf542-fa1a-4d70-a66a-5827007d20d2,Explorer
vocabulary_no_audio,d2700f64-de1c-411a-a6d6-2bbc73d8b018,feature branch
vocabulary_no_audio,58838a5a-4df4-4897-b89d-2f38ce3c0294,Free plan
vocabulary_no_audio,2f68807d-829a-4e92-a96b-dbe789ed7b76,gist
vocabulary_no_audio,96ef3e75-0273-45d6-929b-1a1c17520d51,Instance
vocabulary_no_audio,3ebf26f0-8d31-48f8-910a-62aa26d52884,integration
vocabulary_no_audio,29bf6738-d971-4e4c-bbcb-c32614f30445,Git
vocabulary_no_audio,246ef874-6bc8-4bac-8a98-733cdece4cb2,GitHub App
vocabulary_no_audio,a93fa1ee-f450-4497-8d33-1fc4f8bc7a51,GitHub Flavored Markdown
vocabulary_no_audio,a6ca75b7-3981-4cd1-8c1f-2d4b9254dba3,GitHub Importer
vocabulary_no_audio,616a76ce-22c6-4c22-b6c2-eb96e0e67475,GitHub Pages
vocabulary_no_audio,c3684b88-836e-4568-98b1-0405d79dc1e9,GitHub Wiki
vocabulary_no_audio,8d34374d-60a8-4a4a-87f3-05d4116f55b7,GraphQL
vocabulary_no_audio,b8bf1de1-7fd7-4eec-a97e-db4093fcb9ff,head branch
vocabulary_no_audio,5438d36b-6403-4129-a2e7-4d78cc4e1050,Linguist
vocabulary_no_audio,ad13e75f-0015-4226-a483-266c790d3bd3,"Hello, World"
vocabulary_no_audio,9a6fcf88-2b08-4edd-960e-3d866e54bd8d,high-availability
vocabulary_no_audio,361d2ccd-42d1-42ec-a081-6bdacb088540,hostname
vocabulary_no_audio,f7332fb2-89cd-4b76-8c8e-b3945106e4d8,identicon
vocabulary_no_audio,b7edf6d0-48ab-42fd-b0d2-d12eb9adacfe,identity provider
vocabulary_no_audio,1390c20b-eea9-4745-b1a3-95a77f265c02,issue
vocabulary_no_audio,f60aaeee-6488-422d-adb1-e2c40125709d,Jekyll
vocabulary_no_audio,388f23da-6ed9-48ec-93cf-98a3b90ac32e,Jekyll Theme Chooser
vocabulary_no_audio,f1121f76-0f0f-4ba7-8ccd-de551f8ba57d,key fingerprint
vocabulary_no_audio,f38839a2-6094-4f75-9d32-be27e05ec184,keychain
vocabulary_no_audio,8e965ca0-43d4-4a7a-82c4-ab941bcbc5bd,Keyword
vocabulary_no_audio,5368aa2b-eac9-4875-b283-59ec6bc21e53,label
vocabulary_no_audio,192f08ed-5515-4c7d-868b-8d201a0aa64a,LFS
vocabulary_no_audio,f4e54ff9-3d32-4d41-8967-77142d3c4575,license
vocabulary_no_audio,1f9d384a-ba19-478c-a144-6200957af151,line comment
vocabulary_no_audio,3ac6ebfb-3cb5-4181-8657-2f92e789040e,locked personal account
vocabulary_no_audio,069922a6-1d64-4451-82fe-65008859da0a,main
vocabulary_no_audio,f6f75330-47ea-43eb-b612-9ccd53961ddd,management console
vocabulary_no_audio,ca3fba33-7ca0-4e52-859f-ced1f7d64ea3,OAuth token
vocabulary_no_audio,cd9f1440-2246-488b-a1f0-d3890cbc5566,Markdown
vocabulary_no_audio,39623dd1-77bd-4033-9144-dea474aac042,Markup
vocabulary_no_audio,39742e96-9e94-4173-9a48-eef8dedee74f,members graph
vocabulary_no_audio,0f2f1009-d2e3-4198-ba19-5ca253fb81cb,mention
vocabulary_no_audio,fbb4b3dc-8cab-47f7-9b74-02b1179a8295,merge conflict
vocabulary_no_audio,7174ada2-ca3d-42f1-96c5-b5a6a6cbd052,milestone
vocabulary_no_audio,e3140267-fd38-4999-8f3e-0c4bd634dd9a,mirror
vocabulary_no_audio,7922c795-5558-491f-a347-8df9450398a4,nested team
vocabulary_no_audio,793f8c28-aacd-4955-b4e1-09bac6a38789,network graph
vocabulary_no_audio,62947ae9-747d-4caa-8149-43f1c227bfc3,news feed
vocabulary_no_audio,85cc2792-d378-4c90-a9f1-b0715521406f,private repository
vocabulary_no_audio,c8b04554-e5ef-4747-8bdf-e30e007de02d,non-fast-forward
vocabulary_no_audio,dfd72f3c-597b-4cb7-a34c-2eeb63882930,notification
vocabulary_no_audio,26252b10-493c-4637-bc43-3b55f2c1856c,OAuth app
vocabulary_no_audio,67a2c88c-a8db-4456-b1db-9819df76fa2e,open source
vocabulary_no_audio,c5b47f49-e672-4a1b-a0e1-4622e375dc49,organization
vocabulary_no_audio,da0fa31f-a030-468f-af79-c8c3f155c23b,organization owner
vocabulary_no_audio,3843c6c7-aeea-4e14-b6d0-09631fb3e993,outside collaborator
vocabulary_no_audio,76129dcf-966c-4ffe-b688-3e2288c711f4,owner
vocabulary_no_audio,1b69ac42-71eb-4f62-877f-4604b5aae279,participating notifications
vocabulary_no_audio,c807370d-7b54-40d1-8a6b-3bad795f92f8,permalink
vocabulary_no_audio,6e1f1a4c-8bd1-449c-a90d-1325fa70dc59,personal account
vocabulary_no_audio,2c982211-9a43-4fa4-a7d3-0a99a691d50a,pinned repository
vocabulary_no_audio,cebda405-d8f9-42cd-8c64-4bac39a2163a,task
vocabulary_no_audio,0b6096b7-af7c-4670-bcdd-b16ff1b23607,pre-receive hooks
vocabulary_no_audio,b8802b6f-2fa0-40c3-99ff-9da73367b465,primary email address
vocabulary_no_audio,47da637e-47dd-49e6-b9b9-50bb685b501c,private contributions
vocabulary_no_audio,5fb854c4-0321-4ada-8230-2fd2940a1f8f,production branch
vocabulary_no_audio,76d7e759-b29e-4ad2-894b-ca62ec9ed62a,profile
vocabulary_no_audio,8480abf2-607a-405a-b512-9d6322838dec,profile picture
vocabulary_no_audio,b561f8df-54f8-4d79-b672-e2140c51b695,project board
vocabulary_no_audio,0412c161-9531-41bf-a057-016ab6f892f2,protected branch
vocabulary_no_audio,95b3443f-53ad-45b7-8eb0-e1d2fc2c3fdc,public contributions
vocabulary_no_audio,247eb51a-bf23-42f0-bc33-f21a3d780a07,public repository
vocabulary_no_audio,fe3f2e91-1437-4f2d-89a2-07ec4179548f,pull access
vocabulary_no_audio,7faed652-43e1-4f9a-810d-7eabfec34048,pull request
vocabulary_no_audio,4409e24b-3ea8-4c2a-8589-3f8ec00a671e,pull request review
vocabulary_no_audio,d5e432c4-8498-41ee-bd53-b6c4cd003aeb,pulse graph
vocabulary_no_audio,71579982-5a99-4461-9467-c0bbf6791979,punch graph
vocabulary_no_audio,b3195baf-d2c6-45e5-814c-769bdc1a6be9,team
vocabulary_no_audio,fa55068b-676d-4c5a-a67d-121568de07a5,push a branch
vocabulary_no_audio,d1eed251-05e9-4430-98d1-3b5e40a8df4c,push access
vocabulary_no_audio,42b88f97-5393-4f2a-aa44-3319cf4abba7,computer vision
vocabulary_no_audio,6fdb04e2-200e-4d63-8910-b41dadfb2d65,read access
vocabulary_no_audio,b1ae1162-8e5c-4c04-8a9f-c6366908d1f1,README
vocabulary_no_audio,39d6b36e-c14f-4c1f-8050-f63d3598359f,remote
vocabulary_no_audio,38d3ce50-ca0c-47e2-8e48-ca4904fe03f0,remote URL
vocabulary_no_audio,7ace2e7f-8398-4e5f-9a82-b9e1c44e61c1,replica
vocabulary_no_audio,0ceb2ae7-2f3c-4167-be7b-9735492caac8,repository cache
vocabulary_no_audio,3afcc7a0-3f7a-4124-a418-81b353f5c387,repository graph
vocabulary_no_audio,07151371-1ce8-406b-8dc0-e360fabe5771,AI
vocabulary_no_audio,4712d7a6-a57f-4cf7-ae11-977b3fa08b17,repository maintainer
vocabulary_no_audio,38ce2c99-055c-4c1a-bd7d-5ed4b3763881,task instance
vocabulary_no_audio,35e06f33-44ce-43c0-98ef-36fd6a6b447e,required status check
vocabulary_no_audio,4a4ee160-fa2a-43ee-a831-2b8846f441bc,revert
vocabulary_no_audio,59bfcaaa-7663-4c08-9e06-0a522b6bf183,deep learning
vocabulary_no_audio,c5cb9723-1de1-426b-8686-6e0828ad5c05,review
vocabulary_no_audio,7edb1af9-fe19-46e5-a754-460bcd9c7790,saved reply
vocabulary_no_audio,ab1f4904-f92f-48f9-b0b4-71923fb3246f,machine learning
vocabulary_no_audio,745051ab-fb76-4fbb-87fb-93b59dc38668,Scope
vocabulary_no_audio,638ddb9f-4817-45c0-b880-dcf957a04201,seat
vocabulary_no_audio,c0ba637e-08b5-4ea0-82f7-edc216e6785b,secret team
vocabulary_no_audio,ffc99f81-4b3d-422b-8c7b-00a0691c1bb1,security log
vocabulary_no_audio,87e400c5-8864-430e-ab42-63303f2553ca,topics
vocabulary_no_audio,2db5b42f-fbf7-42ba-8166-9bad2b7f3d56,traffic graph
vocabulary_no_audio,ff84b8c5-97ad-43dd-9c79-b6782c2e55c5,team maintainer
vocabulary_no_audio,3e8f835e-dd5b-4ec7-a176-42146c12ae02,upstream task
vocabulary_no_audio,3a72ccde-3836-474f-abd2-21b34bd4a5f0,server-to-server request
vocabulary_no_audio,a485b5f3-e671-4597-83df-1eed230f53d7,service hook
vocabulary_no_audio,246d0074-9d0f-4d01-9b45-b820a758b0bf,large language models (LLMs)
vocabulary_no_audio,f22d9e38-e337-4c77-8987-ce04e162610a,single sign-on
vocabulary_no_audio,e7c3deb7-a396-437a-978f-576ee23407a7,snapshot
vocabulary_no_audio,42e76166-eca1-4156-b358-b581a76a6fc2,Machine learning algorithms—the math and logic behind machine learning
vocabulary_no_audio,b65ae5e4-7a9a-4081-85d4-c2b0409934c9,SSH key
vocabulary_no_audio,b90eccf0-7320-4912-ab40-95da41f03a3c,staging instance
vocabulary_no_audio,f862f0da-e97f-4a72-85a5-e7850b406d23,star
vocabulary_no_audio,2065e010-85a3-450a-9d22-0daca360dd8e,status
vocabulary_no_audio,5c173254-ae71-4c27-96b2-e5a8464cbe82,status checks
vocabulary_no_audio,03293e29-d1a6-4880-bc32-afa4c8a63bb4,subscription
vocabulary_no_audio,ca7685b6-3606-4fa9-8ae6-6851743089fa,transfer
vocabulary_no_audio,da2ad9e1-e849-41b7-858b-686075775786,upstream
vocabulary_no_audio,9c53c8a7-5cca-42fb-bee5-2a729f59e447,user
vocabulary_no_audio,9f45add7-b4bc-4d88-83fb-0ef5a0a956be,Approver
vocabulary_no_audio,7a86d347-a712-402a-b7c3-ee359ca38a12,model as a service (MaaS)
vocabulary_no_audio,06572ebc-c34e-4ac6-9f99-806af464c986,retrieval-augmented generation (RAG)
vocabulary_no_audio,4ab46c8a-d9a0-4fb8-b591-6d46ff1df65b,user-to-server request
vocabulary_no_audio,2fbd5e05-13b7-4edb-a3f5-d49b3e84360e,username
vocabulary_no_audio,b1e99057-0f2c-41e5-a625-879bb2d627a9,visible team
vocabulary_no_audio,11a5759a-d627-448d-8716-0d0b025c250c,watch
vocabulary_no_audio,4d66d3d6-ee4b-45eb-b91c-3365cce2aabe,watching notifications
vocabulary_no_audio,41893477-3db3-4ec4-9543-b816b342bf9d,web notifications
vocabulary_no_audio,6390917f-aa1d-43d4-86c1-74b4231bce43,webhooks
vocabulary_no_audio,3abbf7cb-7709-4d51-832f-b84cfc883c1f,write access
vocabulary_no_audio,e2fdfcaf-ea88-4029-93cc-d97bfef20cd7,small language models (SLMs)
vocabulary_no_audio,3df8bd52-6c73-4271-8cf6-81288fa7f50a,AI vs. machine learning
vocabulary_no_audio,0abfa177-fa02-440d-9018-2689206b389d,AI as a service (AIaaS)
vocabulary_no_audio,33020158-4465-457e-ad1f-b0d3a62a6dc9,face recognition
vocabulary_no_audio,b152f756-55ca-4df5-b1e0-7e85fd117f1b,a GPT
vocabulary_no_audio,14ee4f19-4323-4c5c-85f8-29a6dd10a795,cognitive AI
vocabulary_no_audio,3fa7adb9-dbf5-4ab0-b1a5-bbfc0287f3e4,multimodal LLMs
vocabulary_no_audio,26ed62ff-6b18-4d57-82b2-f4e47c219947,natural language processing (NLP)
vocabulary_no_audio,5d6b7409-c28c-4bbb-8e28-1802b463542f,reinforcement learning
vocabulary_no_audio,ab81166c-4c1d-43a1-bf2e-87099e189f31,an AI model
vocabulary_no_audio,3b75d8b0-2de3-44fb-a3ad-18d547fcedad,an AI platform
vocabulary_no_audio,c7c92633-a66f-42b4-91f3-506c2ac527bb,enterprise AI
vocabulary_no_audio,3995e1c5-bfbd-46be-8b7b-326428154159,LLM evaluation
vocabulary_no_audio,eb5f6cca-a00a-42ea-983a-67eb01421455,downstream task
vocabulary_no_audio,19ac20da-7fd9-4cc9-9c7b-318aa8ab397a,big data analytics
vocabulary_no_audio,cb3ce78d-f116-4bee-ba5a-09024f64a4b2,caching
vocabulary_no_audio,79d5d240-5051-439a-a5cc-9f8c01903e92,data governance
vocabulary_no_audio,f9bc20f0-3f8a-4bd9-a8a6-f5e33674b533,data integration
vocabulary_no_audio,d73e702a-5f73-47d8-9981-8a59401b7de9,a data lake
vocabulary_no_audio,75670b83-bb1a-4971-b032-b20a98078924,data migration
vocabulary_no_audio,5b1cd64e-afaa-4560-a6d0-efbd300a8a2e,data science
vocabulary_no_audio,d957b736-ca19-4e33-a49e-f130f343587e,a data warehouse
vocabulary_no_audio,d823edbc-976c-403f-8a82-02d108959ebb,database sharding
vocabulary_no_audio,f8c2985f-036d-4db9-b75a-686beb13bf52,databases
vocabulary_no_audio,0358c141-dace-4212-b167-cab2fcd5130a,NoSQL databases
vocabulary_no_audio,16001919-26f5-4c1d-89e1-faf3fa1d1f07,PostgreSQL
vocabulary_no_audio,1dc6bc2d-d6ff-4c63-a210-6285a117fa18,a relational database
vocabulary_no_audio,0336e761-0fc3-4c79-9612-8e1c21aa3db0,SQL database
vocabulary_no_audio,469bea05-ef1f-4dd9-9ecf-0e3e7e50eb7e,a vector database
vocabulary_no_audio,73b89400-d29e-47b2-aaea-b52a286beb0f,Scaling up vs. scaling out
vocabulary_no_audio,ba999d2e-ec86-41e9-b168-4179a0c2d862,dependency
vocabulary_no_audio,aa6b9384-bd47-457c-8cc5-12badadb220f,cloud migration
vocabulary_no_audio,f6e244b6-e45c-482d-a738-0bce3dd050ac,a cloud service provider
vocabulary_no_audio,ad5ff328-35df-4bfd-83ab-60cd508cd662,a cloud server
vocabulary_no_audio,3b40fef6-e789-4393-85ec-19b4f8c4dcb8,cloud storage
vocabulary_no_audio,d736f5ea-4593-4198-8aa7-aea20d253f19,cloud infrastructure
vocabulary_no_audio,6e2dd4d1-3ee8-4212-901a-512ec4c4256a,multicloud
vocabulary_no_audio,18c17da6-dbec-4431-a313-35eae3c26e3e,Container
vocabulary_no_audio,f28cce2d-d16b-4dd6-9c07-13f9f2e24965,a hybrid cloud
vocabulary_no_audio,51441cfb-5e2d-4ada-9825-012361ac2dc3,a private cloud
vocabulary_no_audio,71c3f186-7ac9-4a40-96dd-3019a67c359d,a public cloud
vocabulary_no_audio,0bc95ee0-29c1-4be3-a95b-890298df238c,platform as a service (PaaS)
vocabulary_no_audio,890d31bf-e1ed-4a78-9da0-cf2fa25fabb5,software as a service (SaaS)
vocabulary_no_audio,fe6b3981-529d-4d8f-8f56-0375a979d5e0,infrastructure as a service (IaaS)
vocabulary_no_audio,7308c9b7-739b-4a57-a452-1b72061cc3ba,edge computing
vocabulary_no_audio,966474e0-b271-459a-85b9-007b9fc48da3,elastic computing or cloud elasticity
vocabulary_no_audio,1c2eb077-b9c7-4e57-b79a-8c68f529ebf6,grid computing
vocabulary_no_audio,fc26de5e-9582-401c-8005-9c5e83f84ea5,Dag Run
vocabulary_no_audio,262823b1-f980-4c6b-a692-784a14bf7aac,cloud bursting
vocabulary_no_audio,de245c52-1ab9-4fe5-bd6f-98bdbafbac18,serverless computing
vocabulary_no_audio,9caadaec-0c88-4c15-9703-4699899e9a1e,cloud architecture
vocabulary_no_audio,99395c7c-f727-4a82-98d0-4e751e890d58,cloud native
vocabulary_no_audio,2886f224-6b06-4dd6-a859-b2aec494d5a1,Types of cloud computing
vocabulary_no_audio,0307b3e5-57d2-4e2d-8aca-71ff5c828c55,cloud scalability
vocabulary_no_audio,06a7917d-2c1c-4df4-b34d-12259df2dc35,IaaS vs. PaaS vs. SaaS
vocabulary_no_audio,abf0a8b2-41fe-47d0-b5de-4d707c490298,Benefits of cloud migration
vocabulary_no_audio,494c0c6c-74c2-4ff6-8261-15581aee2090,How to choose a cloud service provider
vocabulary_no_audio,bf546210-5387-4066-9610-af4e2d5850fc,Public vs. private vs. hybrid clouds
vocabulary_no_audio,25e51b32-13e0-453d-82de-757e7c11e60c,a container
vocabulary_no_audio,ceda84ea-087e-491f-8aea-fa8d7cd59277,disaster recovery
vocabulary_no_audio,74ff3ee3-2d1f-4be3-82a6-53a77b5e7eda,Kubernetes
vocabulary_no_audio,7e0b065e-da94-40e7-8787-da68f0ce4020,Kubernetes vs. Docker
vocabulary_no_audio,f3cbac68-1b50-4440-887b-7005b8505f94,virtual desktop infrastructure (VDI)
vocabulary_no_audio,859ba47d-75f8-4ece-b2f1-f99b402e8a98,a virtual machine
vocabulary_no_audio,fe473237-38ca-413d-9e79-81660408b74f,a virtualization
vocabulary_no_audio,0e33790c-8faa-4dc9-9007-6bc04e272eb7,a virtual private network (VPN)
vocabulary_no_audio,d7dd1973-ee5e-486e-99dc-d2507ad2d3bf,distributed computing
vocabulary_no_audio,78b9e6e1-65fc-4929-93d8-4e79a4a8949b,a computer network
vocabulary_no_audio,fbe20460-c504-4572-abf1-b5d37d939e2e,parallel computing
vocabulary_no_audio,f785a837-5038-403d-bfee-a2d6f53fc03e,application modernization
vocabulary_no_audio,0fd45506-d783-4d69-bb24-38c3573c4701,DevOps
vocabulary_no_audio,25c1fd4f-cf0f-4e3c-b58b-9293c7177c9d,Internet of Things (IoT)
vocabulary_no_audio,2a3543f6-fab1-4d77-a4ce-dc6f39b08659,Java Spring Boot
vocabulary_no_audio,3f3a51bc-1228-4eed-95fb-3c2f8b1db0b2,middleware
vocabulary_no_audio,326af1b9-89cc-4cc0-bd6e-27ceee401d67,mobile application development
vocabulary_no_audio,d697be32-4674-413c-8a0f-195e39640812,application migration
vocabulary_no_audio,d54620c2-4aa3-4786-954b-e27ed30ad5c5,quantum computing
vocabulary_no_audio,282940ba-e952-4347-a30c-40d430cccee9,Admission Controller
vocabulary_no_audio,3da8cf3b-3649-4bc2-8f3c-ffb932000ff0,Affinity
vocabulary_no_audio,4f636f2f-62a5-4d88-b6a3-f1f3c482fbad,Aggregation Layer
vocabulary_no_audio,5210186a-d6f4-48c4-8b6f-a423e71a3828,Annotation
vocabulary_no_audio,5e9703f1-d91f-42c1-97d7-6c2e6966f624,Cluster
vocabulary_no_audio,50a80ccf-d761-4d64-a285-edc6c3456193,API resource
vocabulary_no_audio,09e0aadf-1a1e-43a1-9146-30e7d615ef92,API server
vocabulary_no_audio,b68f1b4d-c532-4d97-b8e5-461f4dc85e54,API-initiated eviction
vocabulary_no_audio,25277da6-a4b2-498f-9d31-797cb545ee33,App Container
vocabulary_no_audio,f2e89a8d-bdac-4bcc-be41-b6cc4a7b1dee,Application Architect
vocabulary_no_audio,603255e9-1b7a-4f65-a814-910c64027eb3,Application Developer
vocabulary_no_audio,327c6f90-6f5a-474e-b299-31b330cdf197,Applications
vocabulary_no_audio,7f43ad7f-a3ef-4856-8a04-d738cc29ff9b,cAdvisor
vocabulary_no_audio,1e8b8a1e-c56c-4aec-99b3-faafe8db602e,Certificate
vocabulary_no_audio,be10eb1b-4bd9-4afd-a0a6-1f6bd156b834,cgroup (control group)
vocabulary_no_audio,71a6c432-018f-4e2f-abd1-e4a22c5ad1c0,CIDR
vocabulary_no_audio,7c68c1bb-099d-447b-acca-866973940af1,Event
vocabulary_no_audio,6159f4fc-0c1d-46fc-ba01-47199c568713,CLA (Contributor License Agreement)
vocabulary_no_audio,6a4f393a-ed6e-40e0-b3e3-ade82626cde1,Cloud Controller Manager
vocabulary_no_audio,a6ffcd6e-15db-4b7e-bdb7-a8fdc19cfc40,Cloud Native Computing Foundation (CNCF)
vocabulary_no_audio,a03f1051-0b62-42e9-bd77-fc9e9b8dcda4,Cloud Provider
vocabulary_no_audio,fc687e22-1a62-475d-aad8-f7c0360cf9cb,Cluster Architect
vocabulary_no_audio,1eea949f-0c82-44ec-b80b-07ba96663096,Cluster Infrastructure
vocabulary_no_audio,09500947-3101-4c01-8e2a-a4b719d5ea7b,Cluster Operations
vocabulary_no_audio,f2b56fea-0401-4812-a939-8495473849a9,Cluster Operator
vocabulary_no_audio,6fda6940-add5-4127-b51b-75c4288e6ec5,Code Contributor
vocabulary_no_audio,77bc786d-b4ce-4f37-bd94-c45179588b5a,Common Expression Language
vocabulary_no_audio,f683778b-4109-4d01-8e9e-58cd9ff0b1fa,Condition
vocabulary_no_audio,8b121cfa-29e7-4e41-8a1e-fd0e74f5a7c7,ConfigMap
vocabulary_no_audio,b2895456-b193-429d-ba8b-5cd8139a3602,Container Device Interface (CDI)
vocabulary_no_audio,f7d61952-21f8-4eb8-bc01-3d3d6116e773,Container Environment Variables
vocabulary_no_audio,ae6b35a1-1d2b-40d9-b0ba-3859b2570ace,Container Lifecycle Hooks
vocabulary_no_audio,e2561a3b-a5fe-4fda-9245-d1cf5192e8aa,Container network interface (CNI)
vocabulary_no_audio,be540366-5f9b-4f33-81a0-94e59b88aab9,etcd
vocabulary_no_audio,f7754936-c9df-40a0-92be-6721c4988a33,Container Runtime
vocabulary_no_audio,a5f30cd3-c280-4ee5-a8f8-d10394097b57,Container Runtime Interface (CRI)
vocabulary_no_audio,cd12ec60-521c-4ccc-a7b3-dc5aebf59048,Container Storage Interface (CSI)
vocabulary_no_audio,9fb00963-71cd-4818-b0f7-14d6fe012fce,containerd
vocabulary_no_audio,4c3f9453-66d6-4573-954b-5463d681d512,Contributor
vocabulary_no_audio,c69b1e54-7a8b-4462-9b6a-73ab47ec886e,Control Plane
vocabulary_no_audio,7db0e7ff-3072-49c1-a2c1-16e66b8b850d,Controller
vocabulary_no_audio,b333b83b-6963-4b05-8b83-90b62be0efa7,CRI-O
vocabulary_no_audio,065fbbe4-49ed-40ec-be31-ac2481f4e639,CronJob
vocabulary_no_audio,c5b60191-db02-47ce-aaf6-543afc0ce915,CustomResourceDefinition
vocabulary_no_audio,28e35ad4-9ab6-456b-82e1-53a83dbaa3d6,DaemonSet
vocabulary_no_audio,871b6796-d0e0-409f-8d05-44f62679af61,Master
vocabulary_no_audio,5e19c2c8-f791-4997-8f91-d13a82524fff,Data Plane
vocabulary_no_audio,f10392e4-7004-4651-8ea5-bd6eff10ebe3,Developer (disambiguation)
vocabulary_no_audio,81cb0822-1973-4ddc-ba08-c8ae52e03349,Device
vocabulary_no_audio,8ed8c5bb-a713-43d1-aab4-3008338ee407,Device Plugin
vocabulary_no_audio,aa9e6133-e0e6-46d2-bc44-946061dccc3e,DeviceClass
vocabulary_no_audio,be0d5256-4c17-4b4d-9760-50605d85c632,Disruption
vocabulary_no_audio,2030f1e2-f83a-40ca-97e2-afb2a3200b30,Docker
vocabulary_no_audio,a3d30039-c693-4d5f-bef3-55589b208c21,Volume Plugin
vocabulary_no_audio,6b90df51-c034-41ef-8a47-f62896b35454,Dockershim
vocabulary_no_audio,56f4942d-eb38-4c23-831b-11831f080bd6,Downstream (disambiguation)
vocabulary_no_audio,5847b9f8-8978-4892-a917-157bb266d7e3,Downward API
vocabulary_no_audio,129ead7f-a6a8-4d60-af20-1ea932ffcc54,Drain
vocabulary_no_audio,aafe63fd-2f99-4205-918c-ca9573c25391,Duration
vocabulary_no_audio,405fd750-9e7a-4690-b9f5-7b3014170fc2,Dynamic Resource Allocation
vocabulary_no_audio,451e850b-ca33-4554-8177-a258aa74f4ec,Dynamic Volume Provisioning
vocabulary_no_audio,8d25c03d-1fea-4a2d-83a8-eea11bc465a1,Endpoints
vocabulary_no_audio,d9d41402-a832-445b-803b-bbd9f7de3c72,Member
vocabulary_no_audio,75a119fa-ba5b-43c5-a589-3f3768ed9024,EndpointSlice
vocabulary_no_audio,be102581-f227-4bfd-9a87-aa6648b5ec4c,Ephemeral Container
vocabulary_no_audio,f826314f-abe4-4c85-b941-73882dd6f62f,Extensions
vocabulary_no_audio,524d3dc9-a8bf-43d8-b12f-74e8c0f4e089,Feature gate
vocabulary_no_audio,80c12194-5575-4ba8-84f8-682f17ae7e74,Finalizer
vocabulary_no_audio,b4e8b20b-179d-4334-8adc-1f5b4b8fa10a,FlexVolume
vocabulary_no_audio,a0dbe07e-2fb5-434c-8624-eb989fc10c00,Garbage Collection
vocabulary_no_audio,0221af83-42d4-4900-bb54-64677a5f7547,Gateway API
vocabulary_no_audio,9301960c-24da-4f4a-8391-817197acad23,Group Version Resource
vocabulary_no_audio,79a78bdd-1372-4383-9aa5-085cdeb9cb30,Helm Chart
vocabulary_no_audio,115946ec-c6fe-43e9-9dd9-1fa7875419c5,Horizontal Pod Autoscaler
vocabulary_no_audio,a483ccbb-26aa-450f-9150-dd67c3985272,HostAliases
vocabulary_no_audio,7bd485aa-5b50-4484-b003-962de3c61f29,Image
vocabulary_no_audio,808e511d-be0e-4600-9975-efe9d185e816,Immutable Infrastructure
vocabulary_no_audio,424ac410-a88b-4591-8aff-5799126471fe,Ingress
vocabulary_no_audio,5b7f1e50-a008-4f54-8704-b6b78f92f065,Init Container
vocabulary_no_audio,6eb1b6cb-d4ab-4003-8b09-54f781fedc6f,Istio
vocabulary_no_audio,46cf34ec-8678-4fbd-aee7-aafbf1d5ff72,kOps (Kubernetes Operations)
vocabulary_no_audio,c835e168-5f48-43fc-abd1-a41aced7a0f9,kube-controller-manager
vocabulary_no_audio,139839a5-2579-42a0-a5d0-44819776526d,kube-proxy
vocabulary_no_audio,232b23e5-03f6-4240-aabd-3c830cba04fc,kube-scheduler
vocabulary_no_audio,5f31aa41-4183-4d56-bdc2-fb0a7c2866e4,Kubeadm
vocabulary_no_audio,94eda02a-d401-4d9f-87aa-68f7c56f55e8,Kubectl
vocabulary_no_audio,c43cd72d-77dd-4507-8943-909e62b08db2,Kubelet
vocabulary_no_audio,92132723-28c2-479f-859c-4a54c9b21871,Kubernetes API
vocabulary_no_audio,51a81f61-32c4-4674-ae2e-1f0de4dff97a,Label
vocabulary_no_audio,eeb8e884-ebf8-485b-b661-36ab3177d969,LimitRange
vocabulary_no_audio,72613dea-8cd4-4e7b-8e7a-d7056304e287,Logging
vocabulary_no_audio,f1e85001-9fc7-4237-be9a-2d2a7e3dbec3,Managed Service
vocabulary_no_audio,9b69150b-5eb8-4d89-ad8b-a851f9a158b4,Manifest
vocabulary_no_audio,49064bdf-d7de-492c-8c8c-461260de85b3,Minikube
vocabulary_no_audio,42985ed2-539a-4396-bb92-59aa4bb98355,Mixed Version Proxy (MVP)
vocabulary_no_audio,eafeae2b-0186-4bf2-aecc-c4994baeffd5,Name
vocabulary_no_audio,82257b49-62e1-463f-a6ad-bb79f8cc1d58,Namespace
vocabulary_no_audio,cd212ec7-b9aa-42ec-a8d9-93cd2009a502,Network Policy
vocabulary_no_audio,9dfb0514-bb08-4e07-aa61-026eb0fa0d17,Node
vocabulary_no_audio,257c89c7-4be8-4d5b-b75f-cea7055af89a,Node-pressure eviction
vocabulary_no_audio,3ffbea76-415e-405d-b088-ddd34bdceeec,Object
vocabulary_no_audio,0483e6a3-7426-4f93-9eed-ddf16d01176a,Operator pattern
vocabulary_no_audio,181ca0da-a63f-4c7d-a58d-da2d93488e15,Persistent Volume
vocabulary_no_audio,5b271b2e-fbb6-47b9-b174-c34aaff06a64,Persistent Volume Claim
vocabulary_no_audio,67aec0c9-d4e4-4fc1-9fe5-6e52d8115498,Platform Developer
vocabulary_no_audio,1bb0e1b0-12b6-439d-adb3-ecb74d39de0f,Pod Disruption
vocabulary_no_audio,7309e7d3-f9f5-4ec4-bbfb-62a473a708ff,Pod Disruption Budget
vocabulary_no_audio,f6226ee0-5ecf-4959-ba0d-d6e2eab07104,Pod Lifecycle
vocabulary_no_audio,bebcaddd-99fc-438b-81a9-9f6f7fc20322,Pod Priority
vocabulary_no_audio,6f8c721a-53f9-4112-8c1b-4d9dbf737e31,Pod Security Policy
vocabulary_no_audio,29e3f6af-ea13-4272-848e-81bdf693c5f6,PodGroup
vocabulary_no_audio,b0c1354e-8afb-4c72-b416-db112a8b3dc0,PodTemplate
vocabulary_no_audio,4dd6bbf4-5818-4ecc-88c8-24be90a3d0cf,Preemption
vocabulary_no_audio,6f30587d-1488-419b-a848-95d3e1676b6e,PriorityClass
vocabulary_no_audio,2afb2d5c-1585-405a-a3d1-e82d439d0cab,Probe
vocabulary_no_audio,a5e0ad19-a2da-4eb9-bdca-2f65ed1596b4,Proxy
vocabulary_no_audio,8cb3bc84-d812-48d8-9026-f8e4880d8da1,QoS Class
vocabulary_no_audio,b08687d5-95b4-4b95-b25b-2afbce885b56,Quantity
vocabulary_no_audio,2f071a14-a840-4ffc-a49a-dd46be14045c,RBAC (Role-Based Access Control)
vocabulary_no_audio,e2ce7ade-3a31-4de2-8103-d3335a7b5ef5,Replica
vocabulary_no_audio,b3f91c1e-db7d-4a1a-a63d-fe47c6a77051,ReplicaSet
vocabulary_no_audio,51af7efa-354c-4bb5-a3f6-86d83eac676e,ReplicationController
vocabulary_no_audio,0591dabc-2b6f-4333-912e-c2ab55aff38f,Resource (infrastructure)
vocabulary_no_audio,dfa125f6-c4d0-47e9-9b76-0aecf21e2702,ResourceClaim
vocabulary_no_audio,1056043c-ca1d-4a85-800d-051b9e60d6cc,Storage Class
vocabulary_no_audio,1b2fcb23-782e-47b6-b6f7-b1f24bf08bbc,ResourceClaimTemplate
vocabulary_no_audio,1d9c9e21-0016-4886-89d2-1a6dd9b15d4f,ResourceQuota
vocabulary_no_audio,22ea9e62-7732-4b19-813c-d31136e75fa6,ResourceSlice
vocabulary_no_audio,7c34ab5a-bf96-428a-af79-46ddc48b7374,Reviewer
vocabulary_no_audio,b4ed6aa0-dda6-486b-accc-72ce4664fd14,Secret
vocabulary_no_audio,c535f2d8-2628-4d9b-b720-82fc27a9f50d,Security Context
vocabulary_no_audio,d59e6a9e-09ab-427e-a0cd-ecd3ee85adf9,Selector
vocabulary_no_audio,235c1b76-d882-4c19-9f57-5606cf77a6bf,Service Catalog
vocabulary_no_audio,a283c1d2-cf0f-4720-b56c-5a9911eadfb4,ServiceAccount
vocabulary_no_audio,f9ea81c4-e74f-495c-980e-4ae05683e2f4,Shuffle-sharding
vocabulary_no_audio,662a4217-5bac-4959-b136-4c5a8f2f149b,Sidecar Container
vocabulary_no_audio,fdc0a227-71c8-4abf-ab73-d95b1b60f2e8,SIG (special interest group)
vocabulary_no_audio,8755b0e5-dd5d-4741-b2da-a02f18a22d73,Spec
vocabulary_no_audio,33611d30-5170-4431-adfb-555cae33142f,StatefulSet
vocabulary_no_audio,821f105d-b2ec-49c4-b2d3-a899dd0a33dc,Static Pod
vocabulary_no_audio,005436f9-2106-4393-bb44-c22dcb93ebd1,Subject Alternative Name
vocabulary_no_audio,8f36d88e-df16-4a7f-8595-3eaea3cdb259,sysctl
vocabulary_no_audio,8afcac74-beb8-4d44-86fa-22736fb651ee,Taint
vocabulary_no_audio,b139aadb-c86b-40cd-bd7a-12ddf863fb23,Toleration
vocabulary_no_audio,b3e38d06-f141-4722-acb1-e6d98435d056,UID
vocabulary_no_audio,1d6c1089-de78-4a85-a1f5-218510b02839,Upstream (disambiguation)
vocabulary_no_audio,780432f3-e7f6-4c65-b6f5-0d08e267c231,user namespace
vocabulary_no_audio,74376209-bb10-4516-b3f3-c92f59bb3b84,Volume
vocabulary_no_audio,c6f0d3eb-49d3-4a79-904a-2ec0e6519257,Watch
vocabulary_no_audio,7043c6ec-a693-4b8f-be19-13d1bca57c87,WG (working group)
vocabulary_no_audio,0a87450b-c8e1-464f-a07d-c735e6c17a68,Workload
vocabulary_no_audio,fa13447e-c9b1-425f-ba13-37c1f520afed,Docker CLI
vocabulary_no_audio,dee3b921-4b2f-4596-917f-7bcc83269c5d,Docker Compose
vocabulary_no_audio,22e6ea77-a6c6-4f1d-8642-390ac0c8b64a,Docker Desktop
vocabulary_no_audio,5dbab9eb-d983-4ee8-9894-60956276b0ad,Docker Engine
vocabulary_no_audio,b4046119-dd72-49c1-8089-b49df21ecc48,Docker Hub
vocabulary_no_audio,734e66fa-e628-4e65-b9a7-5d7ddc45314a,base image
vocabulary_no_audio,2addb4db-c2e7-45b1-8837-762b3f541507,build
vocabulary_no_audio,b38c0dd5-cb03-4f18-869a-bfa364e41bb5,context
vocabulary_no_audio,89b85242-e26b-4497-920d-56bdeb6ec749,layer
vocabulary_no_audio,066ee722-d7b4-4588-9e82-5b7e550d9ce0,multi-architecture image
vocabulary_no_audio,496b85cc-0f73-48ce-80a9-ee8578a7c77b,persistent storage
vocabulary_no_audio,1c70f01c-2205-42e6-8f4c-846e77fd929d,registry
vocabulary_no_audio,b7ec82f5-2da5-4367-83e3-a0492392c26b,schedule
vocabulary_no_audio,aacfcacc-c31a-46fc-9f72-b803cb3aa49b,data interval
vocabulary_no_audio,fe69bf06-5743-403e-9a36-4573c1f46697,logical date
vocabulary_no_audio,7492086c-ec74-408b-a029-a2a3e5cb8f1b,sensor
vocabulary_no_audio,f63cf1be-41cc-4e38-ae29-e2cf189c8d21,holdout set
vocabulary_no_audio,7a3a7234-4998-4720-a7d3-c740cc1bff95,data split
vocabulary_no_audio,2e7f50d8-7bc0-4281-8c19-5d751dd7b1bc,generalization
vocabulary_no_audio,52652bea-6807-4d7f-9e9b-8f0e9345de08,accuracy
vocabulary_no_audio,e7e3b585-e678-491d-acfe-527aed5067b7,false positive
vocabulary_no_audio,47a2ff1b-fbc5-40f7-8425-d34d56575710,false negative
vocabulary_no_audio,ccace765-c22f-4017-be55-78b51b06ac8c,local area network (LAN)
vocabulary_no_audio,228c7b83-4e4a-465d-85bf-617e9d0a652e,IP datagram
vocabulary_no_audio,f730e919-30d3-4e9d-a4d4-86261b934d62,port
vocabulary_no_audio,82718a6a-b519-41b8-8098-9485807b62cc,source
vocabulary_no_audio,4b2eb151-d59b-4826-a652-bf10dbec0b0b,forwarding
vocabulary_no_audio,73fe1f1a-0c8f-45de-b348-315fc95cabee,example
vocabulary_no_audio,f56d4845-a2e7-42f9-905a-8f294fbe0654,labeled example
vocabulary_no_audio,b4c79b05-c7cf-4a73-94df-24b566d27e64,unlabeled example
vocabulary_no_audio,b8e386be-7bc0-4d20-baae-bfe6e4905b3d,model
vocabulary_no_audio,9b0c3978-95db-463b-b30c-ccd2432d6bcd,training
vocabulary_no_audio,805aecec-2f99-4d25-bf97-0b46d2b2cdb3,loss
vocabulary_no_audio,4436da9f-6831-481e-951f-ee223c8f7b99,evaluation
vocabulary_no_audio,d7c48239-131d-4e3c-94cb-a806d71d3a88,inference
vocabulary_no_audio,4e199b67-7c1d-4e66-ae3a-959eb21dc5e4,data engineer
vocabulary_no_audio,c89b44c1-bc53-43e4-8733-8432bd47dabe,data integration
vocabulary_no_audio,0fc15d57-9173-4b6b-a520-ef2ae724aa76,staging table
vocabulary_no_audio,e09eccc1-b469-4e99-9d8e-09b56182b85b,target data store
vocabulary_no_audio,c79b3478-268d-4a25-aac2-3390e67cf668,data flow
vocabulary_no_audio,a72be3cf-6f87-4fc6-9246-339a172cb194,control flow
vocabulary_no_audio,7e10d998-88a8-4835-9ee2-c2f5821e76db,domain name
vocabulary_no_audio,84f6d915-a812-47f9-88cd-c80bfe616215,DNS namespace
vocabulary_no_audio,c56b0b29-d64b-4836-87e4-53c52ec25146,resource record (RR)
vocabulary_no_audio,7bfec03a-8901-4238-9746-9b69fb791547,name server
vocabulary_no_audio,43ccf592-03cb-4e64-82b1-e1df08278cbb,authoritative server
vocabulary_no_audio,aed5eca0-194a-4fdb-897c-017441137358,zone
vocabulary_no_audio,fdfe5320-fce2-4ec1-80a8-15ab92e047bf,resolver
vocabulary_no_audio,9014af04-0fd5-4a19-9b6c-a2f507810cf9,recursive query
vocabulary_no_audio,995b6222-fc6d-4d9a-8c72-606148fe98dc,iterative query
vocabulary_no_audio,db93072b-d068-4aba-b5c9-6df074995881,A record
vocabulary_no_audio,a4437c87-07f3-4f11-a12c-ce175931c44b,CNAME record
vocabulary_no_audio,8414b2aa-981d-4196-8a6c-f2203cd739bc,reverse mapping
vocabulary_no_audio,0f9afb95-6067-4d66-af93-339e4c18b7b8,time to live (TTL)
vocabulary_no_audio,51062c64-1673-4656-a261-0fffd9898287,data at rest
vocabulary_no_audio,e1417fcc-cb2e-4633-b521-5e32716c3bbd,data in motion
vocabulary_no_audio,29f5eee2-639e-4e2f-ab69-91cc14ec91e3,data lake
vocabulary_no_audio,b232677a-044b-4bcb-94fa-e333821530e7,DataFrame
vocabulary_no_audio,a008f08e-49db-4290-9b50-2b2bcace6f5a,Dataset
vocabulary_no_audio,9df6f1e9-b527-40de-b430-c942fd1d84d1,Structured Streaming
vocabulary_no_audio,99529f00-74cc-45d8-8835-98ef5648df70,micro-batch
vocabulary_no_audio,777b0b5d-55c3-45a7-9838-40e6d1301d7f,orchestration
vocabulary_no_audio,af017816-8ee8-44a8-ac0a-00daf4f4b8a8,response code (RCODE)
vocabulary_no_audio,ff069aa6-e19e-4f5e-860d-7b4c20c5001a,Name Error
vocabulary_no_audio,c484b080-8292-4555-afda-ed8a84f2f339,truncated (TC) bit
vocabulary_no_audio,d46f9e8f-4920-4351-9dc5-fb98a7bfd22b,retransmission
vocabulary_no_audio,1b77cdc1-1048-4ccf-b863-a8cc8e0a060c,PTR record
vocabulary_no_audio,d442eef7-1bb0-448f-8284-f3684659f5a0,zone serial number
vocabulary_no_audio,7c25f552-c35f-4c47-a514-5e6444ff21c6,gateway selection
vocabulary_no_audio,4cb89cc9-0f0f-46b9-9702-45d31392838c,route cache
vocabulary_no_audio,07a46fc1-6046-410b-aa9a-b679078d5868,preprocessing
vocabulary_no_audio,c5c6230b-caee-4a14-98a4-bfd05120c6f4,estimator
vocabulary_no_audio,6c537818-d9fe-4692-8488-52a20a646bf7,fit
vocabulary_no_audio,3a177bd2-da26-4aae-b1b8-cdd0c2b2458b,transform
vocabulary_no_audio,f2043753-592e-4f9b-8cc2-2ab622a779d1,fit_transform
vocabulary_no_audio,0e3efb22-abf6-4d07-80ce-e10aafe9db93,feature selection
vocabulary_no_audio,e7927aaa-3c2c-475d-b600-2fbc3007e7fd,StandardScaler
vocabulary_no_audio,e06480c8-2447-4363-a788-f0d675df0a76,SimpleImputer
vocabulary_no_audio,8f5505ac-d57e-4cef-a352-6dc6c1e49cbc,Pipeline
vocabulary_no_audio,378e7900-5d2a-4d0b-990f-b27a38852f7e,hyper-parameter tuning
vocabulary_no_audio,99c228e5-f1db-4465-99db-0ada219ee18d,packet
vocabulary_no_audio,6937ea63-c19e-4e5c-8520-5fd8799ef118,variable
vocabulary_no_audio,ab227cb9-9eba-4142-a389-5242df3df4b7,function
vocabulary_no_audio,d81df3f6-50cb-41cc-99a7-bb044690059c,function
vocabulary_no_audio,c0e62fbf-2ab6-4aa7-bc8a-dcf15e427dde,trusted signers
vocabulary_no_audio,d0c2286d-767a-4b63-879d-a8437f7047fd,Streams
vocabulary_no_audio,7b11d716-5448-43c3-a0bb-7c7f94544d08,ETL
vocabulary_no_audio,f8a64384-af30-4139-b1c6-c7033c68d3f4,AWS
vocabulary_no_audio,c461e91a-ffee-4a3b-9d02-e3230dd3c89d,IAM policy simulator
vocabulary_no_audio,1e76ee65-2182-447f-bda1-66e944daec59,access identifiers
vocabulary_no_audio,57962c74-8ca6-4d30-9ba5-d5d7efd69c7c,IdP
vocabulary_no_audio,a7ea73b4-5a1c-4dac-9905-3ddf73f69b9c,ACL
vocabulary_no_audio,b9bb921e-ebd7-4801-80a7-8f484701f266,active trusted signers
vocabulary_no_audio,ef3cad86-27b9-432b-bd19-45cc99725dc7,image
vocabulary_no_audio,f0024072-341f-4b69-b87a-342bebadca0d,AMI
vocabulary_no_audio,9aade263-e9aa-4d30-92c0-c4078f0d98d3,AppSpec file
vocabulary_no_audio,61517e08-9034-43fb-ace2-7647ffb3e316,ARN
vocabulary_no_audio,82b46724-3531-4ac2-a14f-e9be78c5cc2b,Border Gateway Protocol Autonomous System Number
vocabulary_no_audio,7f6b8bdc-4a9e-4583-8df0-fc009174f067,policy as code
vocabulary_no_audio,5a312ec0-3ffa-4272-b6bd-fb7937d4500e,batch
vocabulary_no_audio,3b98d287-bc44-4e15-849d-66045bcf9cf9,billing
vocabulary_no_audio,62b1d704-eefd-47e6-9842-2617b3783481,AWS Blockchain Templates
vocabulary_no_audio,f92ef91b-21a4-454f-96b6-f9f32793636e,ephemeral store
vocabulary_no_audio,6a86d64e-7e58-49cc-9c95-dc17429dc123,conditional parameter
vocabulary_no_audio,330c532f-2fef-4d80-aa9d-7b793652c640,console
vocabulary_no_audio,621a5a6e-beb0-4deb-baac-350a7f9ad7cc,dashboard
vocabulary_no_audio,7f6d68f3-9906-4921-a417-303e3a9aa1bd,DNS
vocabulary_no_audio,56574108-38a1-4348-a315-fc7492be861d,Elastic Block Store
vocabulary_no_audio,0f31b1ea-205a-40e1-bebf-8b7780c70a75,FBL
vocabulary_no_audio,6e5dabf0-71a0-4aed-afcd-e88bcb6d6334,landing zone
vocabulary_no_audio,8ebd8d67-142d-4fa0-851b-39a4116a0670,format version
vocabulary_no_audio,fbcdf663-2e1c-440f-bbfc-ba84668db73a,forums
vocabulary_no_audio,3689555c-7158-4b82-9ea9-d2f805dc17b5,federated user
vocabulary_no_audio,da6d7d51-d33c-4459-bc96-6bfd4300d20b,federation
vocabulary_no_audio,a3d9d4b9-ecd8-4643-b01c-8ab3106fe46d,FIM
vocabulary_no_audio,883a1577-685a-43ed-a7d9-3af0e49333ef,Firehose
vocabulary_no_audio,3c7c371a-5a2b-4f1e-91f9-ef0261343b15,index
vocabulary_no_audio,2e6676dd-5d0d-48bd-a01f-c3f702700e31,ISP
vocabulary_no_audio,3ce059f3-0852-437c-b433-13af028cfc50,SSE
vocabulary_no_audio,71b2178f-1551-43d2-a153-3358c940cab6,marker
vocabulary_no_audio,cdae6a12-a9aa-4832-b37a-08ca2a994e57,member resources
vocabulary_no_audio,d4dded95-ffc5-484d-84a5-b6158f0a06a4,Mobile SDK for iOS
vocabulary_no_audio,39267a1b-bddf-4a94-9f39-443bef9f91c9,MFA
vocabulary_no_audio,b1db995c-67a6-4348-aea1-ad4e7edc2b6a,MIME
vocabulary_no_audio,bb22b95a-702c-4aef-a59e-7a6326a242f7,Mobile Hub
vocabulary_no_audio,0ff23e06-b8c7-4a54-be6d-1f615d89ddab,AWS Mobile SDK
vocabulary_no_audio,0c456ba4-2bc2-4020-b8ec-fd6faea7ffbd,Mobile SDK for Android
vocabulary_no_audio,540476ba-12bb-4685-96fa-de35aa3ebfc7,MTA
vocabulary_no_audio,c44d217b-fb71-4ca4-8fbe-405f8a446010,OU
vocabulary_no_audio,54127612-d556-457a-b73d-66349ab6eef8,paravirtual virtualization
vocabulary_no_audio,97ddb26b-c9eb-46aa-8c4c-e6bb3a831a56,period
vocabulary_no_audio,31219c78-3b30-4e09-977e-6c20ec8b4e8f,prefix
vocabulary_no_audio,1cc3330e-2ea5-4f12-8eca-8e446dc7a52f,properties
vocabulary_no_audio,83d300e1-a993-4d36-9c12-0e3e2b340fad,Amazon S3-Backed AMI
vocabulary_no_audio,fbb15111-a32e-4f81-b4ad-221f1503f6d6,SCP
vocabulary_no_audio,07955b76-c330-4199-85fa-93b4f6c3d960,service endpoint
vocabulary_no_audio,c792c496-9b97-444d-8817-e745e5162b7e,optimistic concurrency control
vocabulary_no_audio,0bb3190e-2e04-422e-b822-90a6963142ab,circuit breaker
vocabulary_no_audio,c9a9273f-837c-46b5-bde5-34f73ec792ae,SIMS recipe
vocabulary_no_audio,22e762c2-ff4d-4608-8990-8369f98b1825,SWF
vocabulary_no_audio,90f73bbe-e2ec-46cb-820e-251fabc54408,TLS
vocabulary_no_audio,629d41f4-9f30-4488-b405-85dfebbffd39,VPG
vocabulary_no_audio,ed1709e1-9835-48c3-b999-ddff5c7cbeab,validation
vocabulary_no_audio,fd2dd055-bb8b-416b-b98e-37385b451c01,VGW
vocabulary_no_audio,379c7476-8fb6-46d8-b26f-0d90a08145dd,parameter
vocabulary_no_audio,bbeb93e7-306d-4ffe-a82e-f6bdcb43131b,return value
vocabulary_no_audio,0892b117-dfb2-4737-a38b-87ede924bceb,unit test
vocabulary_no_audio,39fba8f6-fcf2-4aa7-bd4a-245ab3afd1fd,dependency injection
vocabulary_no_audio,799bdf10-bb46-4708-aec9-b6be1d3471f3,input validation
vocabulary_no_audio,689dfab8-bc27-4586-b380-adb081c0ee96,exception handling
vocabulary_no_audio,c3f9f0c6-cd9b-4206-8024-78535da085f4,idempotency
vocabulary_no_audio,922fb32c-d36f-4e4f-aa32-7454f453ca26,transactional outbox
vocabulary_no_audio,5b9d3850-d3d1-4e0f-8eed-2dff727ad3f5,domain invariant
vocabulary_no_audio,00625f7f-78f0-4ebf-9394-c13a2e3f3adc,anti-corruption layer
vocabulary_no_audio,f1945877-93c0-41c8-8c28-60f1f15ff48b,expand-contract migration
vocabulary_no_audio,8139074d-1a0a-4806-a21d-27df7d559de5,architecture decision record
vocabulary_no_audio,5f35cb31-98dd-472e-a44d-149bd590aee6,virtual machine
vocabulary_no_audio,d085b9de-a877-4d2f-9d9f-52d9a7ce0d08,object storage
vocabulary_no_audio,1b0e3f6b-d66d-4277-8489-2ec162352293,cloud region
vocabulary_no_audio,61332378-398c-4b81-9a5b-35f346f47469,on-demand pricing
vocabulary_no_audio,2647af1a-f834-467e-bcc5-d09a4b767427,load balancer
vocabulary_no_audio,1a25e846-d921-48ba-9aea-94419a72919f,auto scaling
vocabulary_no_audio,b96be562-658a-414d-a1c7-e390a4bca2ff,managed database
vocabulary_no_audio,2344f885-e27f-48b7-8b8e-e5386fda6a31,cache engine version
vocabulary_no_audio,0df10101-2997-4512-af52-88cf72d9db26,recovery point objective
vocabulary_no_audio,3159cfbb-7798-4f7b-9161-1d90759b8c3c,recovery time objective
vocabulary_no_audio,bd7d2767-4db3-4461-8f8d-d54ea0d48073,multi-zone deployment
vocabulary_no_audio,d9c11875-b0e0-4959-885e-864e65491a60,shared responsibility model
vocabulary_no_audio,a9eb5cd2-1bda-4664-8140-6af1e6c0c61d,error budget
vocabulary_no_audio,83d87fd9-9c79-4c2b-a69b-fd0aa96159e5,finops
vocabulary_no_audio,fe92dc15-9ac4-4fc0-a38f-3de0b557f5d3,IP address
vocabulary_no_audio,e326f319-2267-4c6f-93f8-105c18982063,router
vocabulary_no_audio,05419eff-545f-4ef1-9861-6be3828a14e0,switch
vocabulary_no_audio,4ac65979-b5af-4e28-b0a8-1df38a1e63e1,DNS
vocabulary_no_audio,ab6421fd-0a68-45b2-9615-79becd8fe443,subnet mask
vocabulary_no_audio,79e7f3ff-8ddc-4f74-9d18-b3c90a882801,default gateway
vocabulary_no_audio,8dc1a48c-f70a-4b57-91b8-e834fac64285,TCP
vocabulary_no_audio,df778010-9b71-4f43-889c-35fe02308a4d,UDP
vocabulary_no_audio,9424f185-7eda-48ff-b731-54171e5e4bdb,path MTU discovery
vocabulary_no_audio,1883ad68-41ca-4920-898f-f549b179f7ac,BGP
vocabulary_no_audio,28d1f597-0caf-49e9-a1fb-81c8970b8d67,DNS TTL
vocabulary_no_audio,3e797049-f695-4078-ab60-7c6eb9f8acbb,network segmentation
vocabulary_no_audio,8ec06fd1-c603-4300-96b9-73ee6d153f74,asymmetric routing
vocabulary_no_audio,ad6d6327-cb5c-4e03-8d2e-df1aa5e1a4af,control plane
vocabulary_no_audio,b4847298-0ade-4aae-bf9d-4f424786f66f,data plane
vocabulary_no_audio,ec6f5aa9-210c-46e1-a9f5-25dc59301fab,route convergence
vocabulary_no_audio,056c35ab-c88d-4823-9f0d-c2894aaa11ce,authentication
vocabulary_no_audio,1bf9cca9-25ac-40ec-9702-ff3164176d64,authorization
vocabulary_no_audio,571d9548-595c-4112-bd2b-dd1287998261,phishing
vocabulary_no_audio,b7ac93bd-1200-467f-9d7a-bb847a026a48,multi-factor authentication
vocabulary_no_audio,2b0d70d5-6603-4237-824b-85b193483824,least privilege
vocabulary_no_audio,392a9b2b-5993-43f9-909e-2ab3f2f9bb8e,password hashing
vocabulary_no_audio,417cf6ff-85d0-4ac6-adea-bc97c8306bc7,salt
vocabulary_no_audio,df166c98-0812-431e-b924-6b813d3ebd75,audit log
vocabulary_no_audio,89979329-32a5-4e3a-a1b9-90ad5207f1ba,threat modeling
vocabulary_no_audio,058903e4-1a70-4ccb-b920-124e30e97a39,key rotation
vocabulary_no_audio,15715ed1-7863-445f-884d-8f2da12fa510,defense in depth
vocabulary_no_audio,66c1c552-ed8d-4863-b5e7-f22f771ddc3a,incident response
vocabulary_no_audio,16ab58d4-90a9-4dbe-bbfb-9617945e3953,zero trust
vocabulary_no_audio,f315b29f-a776-4c97-a11c-8c031c8ef271,supply chain security
vocabulary_no_audio,663dca86-59e2-45e4-828a-cf7cb3ec276e,security control validation
vocabulary_no_audio,f93eda00-d0db-40c5-83aa-e5bdbf9042ee,residual risk
vocabulary_no_audio,e3052e14-14a3-4738-b43c-81dab0de5168,version control
vocabulary_no_audio,7042b2f1-b5c4-48d1-ab67-8391d7c0b909,repository
vocabulary_no_audio,fd2fdd9a-442f-497f-aa75-1f4206a24be5,commit
vocabulary_no_audio,5eb15173-f935-429a-a981-35ea4619bec8,build artifact
vocabulary_no_audio,c06b04de-88ad-4648-a3a6-83cfd94e5322,continuous integration
vocabulary_no_audio,7db733e8-d460-4ee0-b85c-f026e13160ed,continuous delivery
vocabulary_no_audio,6101e0d9-6554-48c0-9e20-e7c625aa6ee7,infrastructure as code
vocabulary_no_audio,c12367b8-aa41-463b-87d6-38d4753bd5e9,container image
vocabulary_no_audio,350d8972-d26d-4b3a-98fe-71ee5c0f55a6,orchestration
vocabulary_no_audio,5617bf79-644f-43fa-8d8f-dde5a6a57d6f,canary deployment
vocabulary_no_audio,2a2bb973-c845-46d8-b0a0-40cfe308de0c,readiness probe
vocabulary_no_audio,e04db995-b589-4bb9-bf3a-966e967d2113,rollback
vocabulary_no_audio,c00014d7-c1fb-4969-a4c7-4ce98402a167,service level objective
vocabulary_no_audio,1ed5047a-389d-4070-bf87-3675baa46d64,progressive delivery
vocabulary_no_audio,6f5bf14f-c720-47ef-a082-a726e1d6f947,configuration drift
vocabulary_no_audio,423e03a4-7bcf-4d7e-9e83-f63367a6d089,blameless postmortem
vocabulary_no_audio,454e65c1-5ae9-423d-9f60-db06d2bc4c4e,data pipeline
vocabulary_no_audio,7d9e5cb2-1a32-4409-8c11-f753209baf78,extract
vocabulary_no_audio,25b6dced-3019-474c-a385-e3411fe9c713,transform
vocabulary_no_audio,84d16916-34a6-4ecb-b1b8-2cdbb6b96488,load
vocabulary_no_audio,284d0163-28c5-4a74-bd84-675b63dc839e,ETL
vocabulary_no_audio,749f8cce-98b8-4a3c-9776-4ad7a3f7fd61,ELT
vocabulary_no_audio,ffef669c-0ffc-4b28-ad20-a7c3649fe1e1,batch processing
vocabulary_no_audio,2789f3d6-586d-48a2-b716-a3f9ec37b314,stream processing
vocabulary_no_audio,2d2c576b-8e61-4f7b-bb79-857c7b30fadc,checkpointing
vocabulary_no_audio,bb97f541-3c96-4712-a8bb-d70464dbe0ac,event-time window
vocabulary_no_audio,fda88539-989e-4b83-9eff-08d99bc1ed51,change data capture
vocabulary_no_audio,59dc84c4-f41a-4e52-b5aa-f23808777885,schema evolution
vocabulary_no_audio,32e5a0ef-3d3f-4f07-9120-472ee20df33e,data lineage
vocabulary_no_audio,7715aa79-237d-4225-9c6e-046360a5b66d,data contract
vocabulary_no_audio,72220755-85e8-41dd-87c7-515562851c20,backfill
vocabulary_no_audio,028aafec-e453-444f-962a-907f8c7029c0,exactly-once semantics
vocabulary_no_audio,bc15e06c-147f-45ac-b1d9-7c694824b4a3,dataset
vocabulary_no_audio,3529827a-c48a-4929-8039-4203007a31e4,feature
vocabulary_no_audio,638503a5-26d0-4a38-8403-4364f8931d37,label
vocabulary_no_audio,adfc76bd-4c92-4f46-9d16-cdcc56e953e8,prediction
vocabulary_no_audio,6e4dd582-f1eb-4f76-81f9-9892c35ff0cb,training set
vocabulary_no_audio,c6152efa-b407-4baa-b56b-751acb7fd0c6,validation set
vocabulary_no_audio,bf57c314-efa7-47a1-b2ce-b868a16caa1c,test set
vocabulary_no_audio,4030b998-cfbd-4872-b511-88dc54cc7a86,overfitting
vocabulary_no_audio,f6419ff7-f0d6-4644-ad2f-7fb3db73e35c,data leakage
vocabulary_no_audio,81934fe9-e1b5-40a7-8382-438361781e39,cross-validation
vocabulary_no_audio,54c68664-52f6-4280-9d20-58c68f660c0a,precision
vocabulary_no_audio,65308f97-3a7a-4ae7-88e8-2b0abf3af188,recall
vocabulary_no_audio,3aa66057-88d0-4fc7-9db7-ad0677419875,concept drift
vocabulary_no_audio,86277679-d956-45dc-8869-37c78646cc0e,model calibration
vocabulary_no_audio,72b5b0d2-ae60-4f9b-b666-1bca7912eba7,selection bias
vocabulary_no_audio,35166fe0-dd08-4940-9603-a0004d181f7e,model governance
vocabulary_no_audio,b770c820-26a0-42b0-84a1-bd4f21acffaf,Google Cloud project
vocabulary_no_audio,c856b88e-a351-412f-b6c3-4bbecd30d682,Compute Engine
vocabulary_no_audio,308e8809-2208-48b8-b758-6a8db03d6eb2,Cloud Storage bucket
vocabulary_no_audio,f032dc60-d267-4763-bbec-a8eed6897ea1,Google Cloud IAM role
vocabulary_no_audio,70661ffb-793d-42f3-a753-c08728f16a68,Azure resource group
vocabulary_no_audio,b1450e9d-c323-4dbc-8c94-1f04d7a3bf22,Azure subscription
vocabulary_no_audio,d6656b35-4ed9-4ab8-9701-7bf7396d54c4,Azure virtual network
vocabulary_no_audio,63e37755-7205-42a1-90d7-6a53ee12c2f1,Azure role assignment
vocabulary_no_audio,eff56bef-c5b6-4519-8516-92f58a8267f3,Pod
vocabulary_no_audio,fe586ddc-a10d-4d36-83a9-8cb349f2f40f,Deployment
vocabulary_no_audio,5f49551f-84e4-48a5-9d1d-cfa84f09eae3,Service
vocabulary_no_audio,2f938827-305e-4199-8852-b0e093dc381c,namespace
vocabulary_no_audio,444fd0d4-ddd3-4905-8e6e-6e3f38de2218,confidentiality
vocabulary_no_audio,ce48b282-69ab-4b6a-8e3a-9de4df22d54c,integrity
vocabulary_no_audio,d445d526-92ed-4130-8bcf-00b585221586,availability
vocabulary_no_audio,ad943524-0a18-4d6c-9aaf-39add8dc9d18,vulnerability
vocabulary_no_audio,06fae2d4-c83d-42ce-8386-f3bfcf946345,AWS Lambda function
vocabulary_no_audio,07a6a48b-6c23-42e0-bcde-9836636cc5fb,Amazon SQS queue
vocabulary_no_audio,6467c78e-5b5c-4986-9365-906eccd1e1a9,DynamoDB partition key
vocabulary_no_audio,bcace004-e331-4a36-9565-7ee10b1706c6,AWS X-Ray trace
vocabulary_no_lesson_or_topic,58c2ec54-3687-4767-9f37-ded83e639ac8,Hello
vocabulary_no_lesson_or_topic,ed69ac6d-c452-45fb-b742-c171bd4e42af,superuser do
vocabulary_no_lesson_or_topic,68cfde0b-db48-4d0c-99ae-dd0a8635bfe4,Cache Array Routing Protocol
vocabulary_no_lesson_or_topic,664970f6-4883-4c2f-8589-50724a71812c,icase
vocabulary_no_lesson_or_topic,494d2b5e-1891-4b39-83e4-1b3789353db6,revision
vocabulary_no_lesson_or_topic,357be4fa-c87b-45e8-b40a-a6b379147f42,autoscaling
vocabulary_no_lesson_or_topic,c7fe59a7-d7f0-43ea-8f5e-34c0f525f569,VPC
vocabulary_no_lesson_or_topic,c2c3c2ea-5d25-4eef-9720-373d346cb0ef,serverless
vocabulary_no_lesson_or_topic,f72747a9-efb4-40fe-917e-4dea7111821c,multitenancy
vocabulary_no_lesson_or_topic,ef7a03b7-555f-4eef-ba90-4d3c0d17b07e,metapackage
vocabulary_no_lesson_or_topic,9996ba64-718e-454f-bbaf-ff935f0eadfb,TLS
vocabulary_no_lesson_or_topic,a1ad8784-d827-47a3-887d-49ad40ca9221,CI/CD
vocabulary_no_lesson_or_topic,a56b096f-9be1-4f57-87b3-6abb79f04c69,containerization
vocabulary_no_lesson_or_topic,9f85539e-940b-4eca-a8cc-26a0d4ff30e3,blue-green deployment
vocabulary_no_lesson_or_topic,5acb6e88-ecb7-455a-8b16-e27d1a834058,canary release
vocabulary_no_lesson_or_topic,72b36b2c-f843-4b62-8680-114e3f0274c1,BiDi
vocabulary_no_lesson_or_topic,90d78f6b-c1f6-45cb-98ea-a7bcca57161a,observability
vocabulary_no_lesson_or_topic,5138c580-94a1-43bf-895c-a70af9f0a56d,Flex item
vocabulary_no_lesson_or_topic,5b51e5d5-cb39-4f0f-a0ae-12dc00b91297,microservice
vocabulary_no_lesson_or_topic,dccae24b-4482-453d-8e41-af86b3de7c7f,rate limiting
vocabulary_no_lesson_or_topic,8b5b162d-50cd-4464-acc7-ff2428e8a35d,OpenSSL
vocabulary_no_lesson_or_topic,4c8230e3-c161-41d1-9548-04024ef45a36,webhook
vocabulary_no_lesson_or_topic,c35b1cd7-dceb-497e-930c-b5c1b19b8e23,eventual consistency
vocabulary_no_lesson_or_topic,92023eb4-076c-4c72-8297-6e6b0f2a1086,bio
vocabulary_no_lesson_or_topic,e03988c6-12c3-48da-b965-c7ff813d2c32,commit
vocabulary_no_lesson_or_topic,631ba01c-21db-467e-9c7d-b16dbf7bb3ba,technical debt
vocabulary_no_lesson_or_topic,6b0385e4-1ae3-49b4-a7d6-39fd55818486,debouncing
vocabulary_no_lesson_or_topic,1f44f4da-7615-465f-afb1-337eb6c8f9b6,zero-trust
vocabulary_no_lesson_or_topic,dd5f5718-5676-4fc7-b1b1-53f751b0e061,DDoS
vocabulary_no_lesson_or_topic,c9c928cd-c5ff-47e6-8c34-78bbcf6f8883,penetration testing
vocabulary_no_lesson_or_topic,f1e31112-72ca-4ed3-9432-bb78d6541b12,Meteorological Aerodrome Report
vocabulary_no_lesson_or_topic,e3b6a055-b109-41b7-adc0-078770dbe39a,Pixel
vocabulary_no_lesson_or_topic,a9f093d7-a2fa-4fe3-ad7b-175c48c67a2c,OAuth2
vocabulary_no_lesson_or_topic,6370d3c7-f3d0-4766-adfc-d3f528534517,microservices
vocabulary_no_lesson_or_topic,2e16497b-aced-4071-b24f-2e5564b699ac,Boolean
vocabulary_no_lesson_or_topic,ced2455b-4222-4378-a625-2882676a8f4e,supply chain attack
vocabulary_no_lesson_or_topic,16461988-8bab-44e6-a97e-738b87940137,GB
vocabulary_no_lesson_or_topic,105051df-1ea2-43c2-ad34-3c86a4a96ba2,Log files
vocabulary_no_lesson_or_topic,73204f72-29bf-454c-90c5-f0dc444e8900,queue
vocabulary_no_lesson_or_topic,28b40c52-97c7-431b-9b11-709f1560d34d,Items dataset
vocabulary_no_lesson_or_topic,f2b243b5-0993-495a-a412-7f5cde2dc605,AWS managed key
vocabulary_no_lesson_or_topic,4adf2d1e-f231-435e-8052-455d7a45d1d4,Ajax
vocabulary_no_lesson_or_topic,80495a6f-2320-4b47-a794-b1874250ce30,ALPN
vocabulary_no_lesson_or_topic,ecf278ea-fa2f-475a-921c-adf7d699af46,UUID
vocabulary_no_lesson_or_topic,63f078ab-b0e6-40ab-a1b0-17cca17190a2,access policy language
vocabulary_no_lesson_or_topic,a1083e60-55ff-4171-97f2-3ff227c75a2e,ARPA
vocabulary_no_lesson_or_topic,7c1d287a-d5ee-4ea0-a053-7c39dfb91094,Regular expression
vocabulary_no_lesson_or_topic,3dc3e12d-2da4-4de4-83b9-8fbb7dd1d018,Relying party
vocabulary_no_lesson_or_topic,009e276c-ca3b-4619-8a66-28680b30763f,SEO
vocabulary_no_lesson_or_topic,70ad73fc-3ad5-40d9-9331-45d495d2d54a,Boolean attribute (ARIA)
vocabulary_no_lesson_or_topic,00134ead-76c8-4120-bdca-86eb757e707c,AWS CodeDeploy agent
vocabulary_no_lesson_or_topic,f3966f27-814a-4e2e-9311-6c61ca2f1b92,sharding
vocabulary_no_lesson_or_topic,738d12ac-4d6a-4144-b6d7-30f67eb27bec,Power 9
vocabulary_no_lesson_or_topic,47b6c7dd-1975-4b6d-9c5c-a09ab5762975,Shell
vocabulary_no_lesson_or_topic,f7dc1004-3ab6-4e73-8d45-90e48079a266,PowerShell
vocabulary_no_lesson_or_topic,d79be145-dfe2-4257-b85d-e39b38a2d6d3,Personal Package Archive
vocabulary_no_lesson_or_topic,cea61f6a-2b49-400d-ba0f-e0db19756afb,PowerPC
vocabulary_no_lesson_or_topic,12a9fbdc-0661-486b-be0f-bac33f9a63ff,PostScript Printer Description
vocabulary_no_lesson_or_topic,dc4333dd-3142-4ca7-8dac-d0e897c064f5,Shared Memory
vocabulary_no_lesson_or_topic,1fee0243-5924-4e36-8e6e-db7d172da7c7,Shoreline Firewall
vocabulary_no_lesson_or_topic,a8319b73-6250-45b4-8a18-b339de989dc0,Corretto
vocabulary_no_lesson_or_topic,63fa701e-8c07-42cc-992e-8ab85ac46239,Render-blocking
vocabulary_no_lesson_or_topic,179d466d-8f4a-4746-a782-447a3a8b6425,Repaint
vocabulary_no_lesson_or_topic,93b96dde-2a76-4bf3-affa-c8911794caab,mount points
vocabulary_no_lesson_or_topic,ff18d6f4-4ac6-462c-9586-c3c737c65606,Simple Network Management Protocol
vocabulary_no_lesson_or_topic,9fba529a-9bb3-44cd-8435-4d187ab2859a,Start of Authority
vocabulary_no_lesson_or_topic,6bae4013-8276-4589-b1f2-9c1839797cab,Solaris
vocabulary_no_lesson_or_topic,1f556ea7-f9df-41c3-a213-ea8687af3c0c,Descriptor (CSS)
vocabulary_no_lesson_or_topic,fd9e37b2-1ad8-47cb-837c-210b1960a6af,microVMs
vocabulary_no_lesson_or_topic,c0e90118-30cb-4d91-bd2c-8e5c198d6512,Application context
vocabulary_no_lesson_or_topic,5bd751d7-194e-4516-80f3-db9839e85be5,ARIA
vocabulary_no_lesson_or_topic,6f3ce69a-1786-44f7-909f-fe913b541d1b,Polymorphism
vocabulary_no_lesson_or_topic,5d1e7a05-8e2b-480c-8e02-2d30df55c8cf,ASCII
vocabulary_no_lesson_or_topic,71e4fab4-0890-4728-adc9-45e92eea38ab,ATAG
vocabulary_no_lesson_or_topic,9d93364d-9c9b-41be-b9c5-d045148eccf1,Abstraction
vocabulary_no_lesson_or_topic,1fc7001f-97d7-4590-8b5e-c9edf1afcbec,Accent
vocabulary_no_lesson_or_topic,705e26cd-765d-4b68-9c5b-2a66b2a2cda3,Accessibility
vocabulary_no_lesson_or_topic,c41196ad-7ee4-4001-926c-2fdf128d0283,Accessibility tree
vocabulary_no_lesson_or_topic,1a8ab1ee-9612-4130-94ec-af3a12e7879a,queue URL
vocabulary_no_lesson_or_topic,3b8ed42f-499c-4912-8b4c-1e7d028903bc,Apple Safari
vocabulary_no_lesson_or_topic,d31648aa-dc70-4df7-966c-971f7bde5f3a,Accessible description
vocabulary_no_lesson_or_topic,f18893eb-2199-461a-b966-6945c64ae8f5,Accessible name
vocabulary_no_lesson_or_topic,b9478f28-6aba-48c8-acc5-e27d32e1400b,Adobe Flash
vocabulary_no_lesson_or_topic,1ad51d96-8269-4490-869a-ed4ee3ad2ae9,Cipher suite
vocabulary_no_lesson_or_topic,e5f600b9-ec7d-4cbe-b8cb-c0e072583204,Advance measure
vocabulary_no_lesson_or_topic,01b1eb10-75bc-4035-ae96-edff2aaf053f,Algorithm
vocabulary_no_lesson_or_topic,38e679ee-4803-40e2-8ff0-2ca41f758c23,Alignment container
vocabulary_no_lesson_or_topic,ea13c4bc-cb75-4c3a-8e99-e02f2cf5976a,Alignment subject
vocabulary_no_lesson_or_topic,c1ebf1b2-b547-46a2-8312-81d5f303fc13,Alpha (alpha channel)
vocabulary_no_lesson_or_topic,7d0902ca-2091-40a9-89ae-a8c1d3ecca79,Chip Card Interface Device
vocabulary_no_lesson_or_topic,85e5f83f-0069-44f8-bd8c-60d94fcce6cd,Argument
vocabulary_no_lesson_or_topic,cd115706-f8b5-4520-8190-87cfc7762a28,ARPANET
vocabulary_no_lesson_or_topic,e4c09f1b-6e36-4396-8ae6-715f470ecb10,Cipher
vocabulary_no_lesson_or_topic,800d3def-4bb4-4dd0-bcfd-b550e5a8905d,Array
vocabulary_no_lesson_or_topic,9ad7518b-92fa-487b-85de-9830e218115c,Aspect ratio
vocabulary_no_lesson_or_topic,c5862dda-d844-4e0a-826a-77cb9150833c,Asynchronous
vocabulary_no_lesson_or_topic,8fbdbdf5-c5d3-4aa2-bc06-0b2d19b0f541,Attribute
vocabulary_no_lesson_or_topic,697feec3-32af-4fab-9be6-b0a6bd09eb30,Authenticator
vocabulary_no_lesson_or_topic,16b4a176-282a-4153-8abd-e0f50b29d831,Command Descriptor Block
vocabulary_no_lesson_or_topic,612525bf-39a7-4a2e-885f-024d7e47f885,suggester
vocabulary_no_lesson_or_topic,db560513-6f7d-49cc-b2d4-5d31ad015780,BCP 47 language tag
vocabulary_no_lesson_or_topic,90840c6a-9c9a-4d45-9db9-c5a449e69fff,Message of the Day
vocabulary_no_lesson_or_topic,e8c60297-21f9-404f-b506-bb6664cd689b,Base64
vocabulary_no_lesson_or_topic,516c48b6-043b-4b3d-a4a5-c0e6c1424aab,Baseline
vocabulary_no_lesson_or_topic,fe871cc1-fef8-42f0-9000-574b9856b095,CORS
vocabulary_no_lesson_or_topic,16eeeec6-8550-4b48-bc85-225e17fcd9c9,Baseline (compatibility)
vocabulary_no_lesson_or_topic,f33affe4-9b15-4553-a01f-c94cae8100f7,Baseline (typography)
vocabulary_no_lesson_or_topic,a7b63dc9-99a2-45e5-85e3-83cf9ae45a1a,Beacon
vocabulary_no_lesson_or_topic,3b3bba3d-5e78-47ca-8a22-fdc7aec04dc0,Bézier curve
vocabulary_no_lesson_or_topic,2af74152-59ec-4984-98ca-11b8aeaf1476,Mobile SDK for Unity
vocabulary_no_lesson_or_topic,58b12ee6-4f0f-41ee-bc4b-7473fd840fed,BigInt
vocabulary_no_lesson_or_topic,a2a18a75-73bc-403d-9ed9-91c14b8b5412,Binding
vocabulary_no_lesson_or_topic,ef7fe31d-7c21-42da-a3c2-28d744bca2a1,SMPTE (Society of Motion Picture and Television Engineers)
vocabulary_no_lesson_or_topic,4baab4c1-396b-454c-9962-f835831e0869,Bitwise flags
vocabulary_no_lesson_or_topic,cfdf064c-b11f-45d7-933a-6a6907871b95,CORS-safelisted request header
vocabulary_no_lesson_or_topic,6d26a96d-cc6e-45a8-98a8-38c1a4b78d94,Blink
vocabulary_no_lesson_or_topic,cd513bab-76f1-490a-bafb-057da45d671d,Block-level content
vocabulary_no_lesson_or_topic,cfd81ba2-e08c-4b86-a229-9648f49095de,colocation
vocabulary_no_lesson_or_topic,7942e063-acb9-4c3e-88fa-83e9fd826b33,Browsing context
vocabulary_no_lesson_or_topic,841d57b5-a10d-4a37-bba3-0aacd01674ac,Block (CSS)
vocabulary_no_lesson_or_topic,c690c23e-9ccf-4860-bc13-b2ccf2567d95,Block (scripting)
vocabulary_no_lesson_or_topic,69c956f7-ea1d-4d57-8ff9-b30222037cf3,Block cipher mode of operation
vocabulary_no_lesson_or_topic,3051d5aa-07d7-4a22-aeef-e06cce3eaec9,SMTP
vocabulary_no_lesson_or_topic,f825b2d2-a6f3-43b3-bcae-d50d5b43675e,Boolean attribute (HTML)
vocabulary_no_lesson_or_topic,ecf7f294-67da-478b-b3b3-255a92eb5c27,Boolean (JavaScript)
vocabulary_no_lesson_or_topic,a0e2b9b7-f27f-4004-931d-924b5149242e,Bounding box
vocabulary_no_lesson_or_topic,0836ef7f-ee03-4e9e-adfe-e07faf94eb91,Breadcrumb
vocabulary_no_lesson_or_topic,1c4c34b8-e7e4-4656-bc1e-f647a0361207,Brotli compression
vocabulary_no_lesson_or_topic,821ba9fd-5e21-4762-90d1-b0eec209a0de,conffile
vocabulary_no_lesson_or_topic,c53add11-ad90-4bcb-b48a-5acb06d7213e,Buffer
vocabulary_no_lesson_or_topic,17f0280e-b8a9-4478-8fed-d1e67759be80,Bun
vocabulary_no_lesson_or_topic,22969c46-1e14-4063-a350-7143dbd38835,CDN
vocabulary_no_lesson_or_topic,80b21f59-484f-4b3b-b16a-8ff0ff8387dc,highlights
vocabulary_no_lesson_or_topic,8533966e-dcf4-42d7-a72b-4713f34f67b7,CIA
vocabulary_no_lesson_or_topic,c159beef-27b5-4385-8601-a7a15e22f8de,SOAP
vocabulary_no_lesson_or_topic,36698930-25bc-4e50-8a81-2da878e3760c,Cumulative Layout Shift (CLS)
vocabulary_no_lesson_or_topic,c56dc569-ba53-48c2-a268-0b3d8f6ae338,CMS
vocabulary_no_lesson_or_topic,3b7aa951-cd06-4a1e-ac06-705210927abe,CORS-safelisted response header
vocabulary_no_lesson_or_topic,a9bf4366-d438-4d32-b8fe-9cf966af935b,CRLF
vocabulary_no_lesson_or_topic,21d3ed51-da20-4a9b-8207-2519fe22496d,Cacheable
vocabulary_no_lesson_or_topic,49b424b3-e6e8-4779-9713-47891dd6a3dd,config
vocabulary_no_lesson_or_topic,ee67387a-ad4a-4569-b593-c7e178dd321c,CalDAV
vocabulary_no_lesson_or_topic,3685cc9a-58e2-4e7e-b89c-ae5c83b822ab,CRUD
vocabulary_no_lesson_or_topic,f5fd2df8-d0c3-45da-863b-92446b855df2,CSP
vocabulary_no_lesson_or_topic,01f49106-6156-4e71-a2f7-c47f0eedb7f9,Client-side rendering (CSR)
vocabulary_no_lesson_or_topic,daa51099-0a7f-4803-a7e4-0094c0358030,asynchronous bounce
vocabulary_no_lesson_or_topic,c42b664a-466e-4500-9517-dd94d2b34afd,bind
vocabulary_no_lesson_or_topic,826d8d38-f2d7-4177-ac17-894ca780afaa,Cross-site request forgery (CSRF)
vocabulary_no_lesson_or_topic,d2db54ea-bc27-4b0b-8327-5f5bfbc6f3ca,CSS
vocabulary_no_lesson_or_topic,0ee873ee-a72b-4c45-9a0e-cf55f819b8f0,CSS Object Model (CSSOM)
vocabulary_no_lesson_or_topic,3a496e99-a58e-4d20-be4a-7c13beeba48b,Selector (CSS)
vocabulary_no_lesson_or_topic,65fb3870-cbf5-46a3-91a4-dd9e2c9df612,CSS pixel
vocabulary_no_lesson_or_topic,66dc11b2-88e7-45d9-9601-d6ab15f3f9be,CSS preprocessor
vocabulary_no_lesson_or_topic,f8cc4d1d-af5f-4ded-8e3c-f90c0bce7f1b,Maximum Transmission Unit
vocabulary_no_lesson_or_topic,7c67d97d-8ea4-4b23-94a1-963aea117980,Call stack
vocabulary_no_lesson_or_topic,4948a27d-02df-4510-9734-fc55ff1a3ea0,Callback function
vocabulary_no_lesson_or_topic,4c5fd70d-b09c-409d-9482-e0cfc9f539ef,Camel case
vocabulary_no_lesson_or_topic,68af7b01-92db-4c7a-92af-3f32466bb527,PostgreSQL
vocabulary_no_lesson_or_topic,fde2647b-231e-4ce8-be20-bec88fc12aeb,Enumerated
vocabulary_no_lesson_or_topic,b976be99-3374-4f3f-9a7b-41fa41158ab5,Canonical order
vocabulary_no_lesson_or_topic,28ccf433-3643-4a12-a3fd-65c2d7a0797c,Canvas
vocabulary_no_lesson_or_topic,b42a45a4-5089-435e-a42a-5353ebf11d66,CardDAV
vocabulary_no_lesson_or_topic,8afe6b5e-6b9c-4364-87ac-baf4bf455d50,Chrome
vocabulary_no_lesson_or_topic,eacc15ba-cd0d-412f-a028-909bdfba5712,Card sorting
vocabulary_no_lesson_or_topic,747ee01a-07aa-4d6a-a60a-7dfcaf68c627,Caret
vocabulary_no_lesson_or_topic,cbeb6d51-74c7-4e4f-9cd6-c80698a43506,Certificate authority
vocabulary_no_lesson_or_topic,68cb6ec5-d799-48a5-9e92-0ac52897d5f2,connectionless
vocabulary_no_lesson_or_topic,56ee5abe-3511-4608-9aba-e6daff933178,Certified
vocabulary_no_lesson_or_topic,85461365-fc5f-4bdd-9824-1e9b44b32f0c,Challenge-response authentication
vocabulary_no_lesson_or_topic,bb209cfb-7883-491a-8e62-9965fbd3a283,Certificate Revocation List
vocabulary_no_lesson_or_topic,c9c9dc37-31da-41fc-baa3-44940a21b712,Character
vocabulary_no_lesson_or_topic,671676a5-af06-4423-b07a-4df155d38a1d,cache cluster identifier
vocabulary_no_lesson_or_topic,7cd82794-9b72-4d58-a4ba-2033cde98309,Character encoding
vocabulary_no_lesson_or_topic,366227fb-6efe-4a80-ba34-d9096606db40,Character reference
vocabulary_no_lesson_or_topic,279987ed-0c65-4554-9367-82a0a7b89471,Character set
vocabulary_no_lesson_or_topic,6ef8b679-429d-4652-a0b6-cf800593a4cb,Cartesian product
vocabulary_no_lesson_or_topic,fc352a83-fe0f-4fdd-b780-bc983a61fced,DSL
vocabulary_no_lesson_or_topic,1b795643-95af-4fe2-8a50-02275511c128,Ciphertext
vocabulary_no_lesson_or_topic,75893d06-e1bf-45ec-9755-c30e2f6c8b45,Class
vocabulary_no_lesson_or_topic,7b4f222c-08ff-47b4-983e-0d0327bc330f,containerization
vocabulary_no_lesson_or_topic,909bbe5a-a69d-4e23-914b-fad1a7fea9fc,Closure
vocabulary_no_lesson_or_topic,f17d8be0-ccf0-4655-b48b-d4080f3a9120,Cloud
vocabulary_no_lesson_or_topic,feea0b3d-0b64-43a6-a81e-9c84225221fa,Cloud computing
vocabulary_no_lesson_or_topic,350148d4-9f99-481c-bf8f-ee9687081263,SPA (Single-page application)
vocabulary_no_lesson_or_topic,f9284489-d5da-4d8d-bc5d-ae270720ab85,Code point
vocabulary_no_lesson_or_topic,d2395f38-f53b-443b-8ae3-5c0c26c995a3,Code splitting
vocabulary_no_lesson_or_topic,9f2d2673-3db8-441b-bfbf-8cbff305cd1d,Code unit
vocabulary_no_lesson_or_topic,c89b832a-b950-41d8-803f-bf70a676442a,cache parameter group
vocabulary_no_lesson_or_topic,9cdd80a0-01dc-4079-a5bc-6c742a6d4495,Codec
vocabulary_no_lesson_or_topic,bdd14eeb-cf85-4f21-a337-dd317527762d,Color space
vocabulary_no_lesson_or_topic,a2ace871-a955-4738-9572-c0c8ce0c5273,Color wheel
vocabulary_no_lesson_or_topic,6e6ba8da-f847-4970-84bc-922aa5014999,Compile
vocabulary_no_lesson_or_topic,3dfa4611-5415-42c4-8948-2b3d12b42bb9,Compile time
vocabulary_no_lesson_or_topic,257519e1-d1e3-4139-8d42-f131d3f14c55,Composite operation
vocabulary_no_lesson_or_topic,a0f5ac3b-5b98-4217-80ea-6f2ba4370a78,Compression Dictionary Transport
vocabulary_no_lesson_or_topic,f40e2cbd-ee67-4e1d-be44-988fb053fbc3,Computer programming
vocabulary_no_lesson_or_topic,b46628e0-08fe-4016-bfc9-e7df46dc71b8,Conditional
vocabulary_no_lesson_or_topic,bba1bf45-2a42-460c-9905-90c93ed23c30,Constant
vocabulary_no_lesson_or_topic,78c53a34-6728-4d8b-b19d-4bca0c4e7abf,Constructor
vocabulary_no_lesson_or_topic,d853b9b1-5572-44f7-af61-9f97f56ee03d,WebM
vocabulary_no_lesson_or_topic,f9254c74-85e3-4a7f-a4e4-9948c84c0714,Content header
vocabulary_no_lesson_or_topic,44e7127d-0da5-47b4-8ba6-0fc89607b3b4,Contentful paint
vocabulary_no_lesson_or_topic,2a6112ad-8c0d-4950-8569-0204c3cf2ccc,Continuous media
vocabulary_no_lesson_or_topic,52f52604-b35a-4ecd-b5e6-467153051412,Cookie
vocabulary_no_lesson_or_topic,894faab0-c5a9-4cf1-a363-efe34c47313b,Copyleft
vocabulary_no_lesson_or_topic,c8b30ac9-7d07-4f06-bb74-eced87bdc07a,Crawler
vocabulary_no_lesson_or_topic,d5292b61-3c76-4837-b43b-2a47b26c50ad,Credential
vocabulary_no_lesson_or_topic,2dea2760-439b-4f7d-a664-5423990fd7d4,Multiview
vocabulary_no_lesson_or_topic,9668a6c6-e893-4eb5-9670-92976fe76bf9,Cross-site scripting (XSS)
vocabulary_no_lesson_or_topic,94d40edf-657c-40ae-8460-93d04a7a19b8,Cross Axis
vocabulary_no_lesson_or_topic,e2f6e90c-4f5e-4245-af45-bd5456ffc55b,Cryptanalysis
vocabulary_no_lesson_or_topic,ed542b55-4760-4fdd-9d9c-f297b56b5d14,Cryptography
vocabulary_no_lesson_or_topic,d3f03ed4-dd89-4874-b228-36eaec6d9626,DMZ
vocabulary_no_lesson_or_topic,554bba84-ecce-485f-a822-e2cacd28f5bb,Central Processing Unit
vocabulary_no_lesson_or_topic,e068c0f9-85b0-4aa6-acd1-df51f5d3c01b,DNS
vocabulary_no_lesson_or_topic,e967f8b8-2ee5-422e-9d8c-2e2581883c16,DNS over HTTPS (DoH)
vocabulary_no_lesson_or_topic,4603e539-55bd-4141-9bf4-2b56fb1d8d92,SQL
vocabulary_no_lesson_or_topic,8c3fe8df-bb79-48cf-948e-8236020e5738,DOM (Document Object Model)
vocabulary_no_lesson_or_topic,1404240a-82f2-4dfd-8fe8-740d3349e388,DSL (Digital Subscriber Line)
vocabulary_no_lesson_or_topic,d916911e-60d0-4d27-8576-571e10a79776,DSL (Domain-Specific Language)
vocabulary_no_lesson_or_topic,0130d6ce-71ee-45b9-9a6c-34dbafdc0dee,WebP
vocabulary_no_lesson_or_topic,dd473a9a-0d5f-4354-b0e3-053781cbd71f,DTLS (Datagram Transport Layer Security)
vocabulary_no_lesson_or_topic,ec4b9b4d-a0dd-434b-9d2e-766ba1cb8421,DTMF (Dual-Tone Multi-Frequency signaling)
vocabulary_no_lesson_or_topic,f8efde16-986b-4acf-a000-528238e63bcb,Data structure
vocabulary_no_lesson_or_topic,69a569b4-08f6-41ea-9924-3e625b0e3d29,Site map
vocabulary_no_lesson_or_topic,af99825f-6d2a-4cd6-8c36-b11bab43f2d9,Debounce
vocabulary_no_lesson_or_topic,342c0788-feef-4592-a8f1-38186cc357cb,Decryption
vocabulary_no_lesson_or_topic,bab9322f-3316-4cc2-b860-2514ede8b877,Deep copy
vocabulary_no_lesson_or_topic,54f00280-4cb2-464e-a3cf-c7db063504cc,Deep equality
vocabulary_no_lesson_or_topic,7ad77bef-8fc2-4c14-a23d-02a93ea7113f,Delta
vocabulary_no_lesson_or_topic,d49b425f-4d33-459a-918c-167420416c82,Denial of Service (DoS)
vocabulary_no_lesson_or_topic,0fd5f898-1f75-4c19-8f64-b51c9498ab78,Deno
vocabulary_no_lesson_or_topic,7d2a64ed-41f2-44da-860d-b86c793e2747,Deserialization
vocabulary_no_lesson_or_topic,5a42f823-e6e2-4bbc-b1c5-d045a3c01f8f,Developer tools
vocabulary_no_lesson_or_topic,58e4a41a-78e7-474f-814a-dcd06e3b57cf,Device pixel
vocabulary_no_lesson_or_topic,b742529e-bf8a-4a72-8819-909b76279978,Digital certificate
vocabulary_no_lesson_or_topic,f736d608-e114-4fd6-a2b3-dba233117bfd,Digital signature
vocabulary_no_lesson_or_topic,81942469-2f66-4155-beed-c0fe552acbab,Distributed Denial of Service (DDoS)
vocabulary_no_lesson_or_topic,d2a13b1b-e6c3-4fa6-947a-2137d9d86c9f,PostScript
vocabulary_no_lesson_or_topic,f05222d9-39ac-437e-9d9b-72dae24a4d28,SQL injection
vocabulary_no_lesson_or_topic,a21ca0a7-b165-44ab-b251-ae2235af1fa9,Doctype
vocabulary_no_lesson_or_topic,db8c6e81-2150-460d-a604-85d03a87e65e,Document directive
vocabulary_no_lesson_or_topic,674518ad-083d-41eb-b1a3-98e80ff5e9b1,Document environment
vocabulary_no_lesson_or_topic,98cbfe7e-d247-4ad4-bb38-ecb364fbeded,Domain name
vocabulary_no_lesson_or_topic,a092225d-ad6d-4943-ae01-9d237901eb63,Domain sharding
vocabulary_no_lesson_or_topic,0aa63822-9108-4ddd-80e2-b958182add84,Dominator
vocabulary_no_lesson_or_topic,aeb8aa28-fab5-49bd-be41-60c5a82e13e8,Dynamic typing
vocabulary_no_lesson_or_topic,876dcbb1-8dd3-4004-a168-ca5c5337819d,ECMA
vocabulary_no_lesson_or_topic,c54e0930-9e70-4f8a-b4d6-5014cdc36ccf,ECMAScript
vocabulary_no_lesson_or_topic,1d566bdb-a405-4453-8439-1b971af74690,Mobile SDK for Xamarin
vocabulary_no_lesson_or_topic,418f68a3-41ba-49da-8ca2-3095bab6ad0b,EXIF
vocabulary_no_lesson_or_topic,cf8158ba-7f60-4179-9e90-4ce6a52be9d5,Effective connection type
vocabulary_no_lesson_or_topic,4144e838-3256-4a78-bf20-d54ca6ea772e,Element
vocabulary_no_lesson_or_topic,9912dee6-73ee-4ab0-a423-dd0a8a28879a,Encapsulation
vocabulary_no_lesson_or_topic,99f87750-b40e-476f-83bb-604e96a162e2,Encryption
vocabulary_no_lesson_or_topic,383b1047-6d7f-4222-85cf-b9870e8d4388,Endianness
vocabulary_no_lesson_or_topic,54d9800f-fc7b-40fe-a8a9-b79e0d76caf2,Engine
vocabulary_no_lesson_or_topic,91bc5d09-459f-49f9-9bb2-a76688e79d14,JavaScript engine
vocabulary_no_lesson_or_topic,b594c610-606e-4867-b172-3ad9f5a2266d,Rendering engine
vocabulary_no_lesson_or_topic,d3077443-c165-4bef-9831-3b9a94ca6c30,Entity
vocabulary_no_lesson_or_topic,6aa3c57d-8d05-4987-8d45-1d2c66833474,Carrier-Grade Network Address Translation
vocabulary_no_lesson_or_topic,34c2c1df-33ad-4027-a5c8-643b1ddc7713,Entity header
vocabulary_no_lesson_or_topic,5352d3e0-4715-498b-8b17-6f56c90f6803,Escape character
vocabulary_no_lesson_or_topic,22716592-a5c9-4b4a-902e-0a575b3c1787,Expando
vocabulary_no_lesson_or_topic,aa7dd86b-2f68-4855-8255-b54e5cce72d8,Extrinsic size
vocabulary_no_lesson_or_topic,a632e2b9-03f4-4c7e-9c34-62e4f24f4084,Frame rate (FPS)
vocabulary_no_lesson_or_topic,d1b35fcb-06e7-477e-918b-f9aec15a145e,FTP
vocabulary_no_lesson_or_topic,b6c6e4ae-d617-4f6a-ac08-ec7a8d5be7c5,FTU
vocabulary_no_lesson_or_topic,53f0cae0-03be-4d18-acca-fdff6817a934,Fallback alignment
vocabulary_no_lesson_or_topic,cd8552e3-7894-4402-a138-7ccb01eaab36,Falsy
vocabulary_no_lesson_or_topic,37827bff-4bc7-4d36-a9a6-e069f28a2814,DB parameter group
vocabulary_no_lesson_or_topic,e9bfc7df-560e-4ed8-9f68-a59120c3145c,Favicon
vocabulary_no_lesson_or_topic,9e1df406-4df8-4c3e-b3ee-e7e5bf8683ed,Fragmentainer
vocabulary_no_lesson_or_topic,9ec66abd-e110-4bae-af6c-fcae74d2cdf4,Glyph
vocabulary_no_lesson_or_topic,50505917-41b2-49c5-80ef-8b92c888cc04,Federated identity
vocabulary_no_lesson_or_topic,16311a73-03df-48c1-8bd0-8d3fd7169906,Fetch directive
vocabulary_no_lesson_or_topic,25c6e6d3-8022-4721-8e0a-e61365607537,Grid areas
vocabulary_no_lesson_or_topic,b4df7a79-d27d-4377-865d-fd0425f57ed1,Fetch metadata request header
vocabulary_no_lesson_or_topic,6643750c-25fc-47d2-8b0f-e03134476f21,Fingerprinting
vocabulary_no_lesson_or_topic,de9baa89-f590-4bee-8a68-58f1e9c2228b,Firefox OS
vocabulary_no_lesson_or_topic,88ded451-5819-4646-a7f6-4c5d09b293d9,Firewall
vocabulary_no_lesson_or_topic,e9f5852c-63da-4e4b-a3e4-6d92224ab7d3,Flex container
vocabulary_no_lesson_or_topic,9ab1c6a1-c2d9-4f08-9c2c-d5f4e8824e41,First-class function
vocabulary_no_lesson_or_topic,2e3d6c7a-bec8-4ff6-9090-bf12b301a2ec,First CPU idle
vocabulary_no_lesson_or_topic,17d626c1-b2f0-49f9-86fe-2714d4e488fd,receiver
vocabulary_no_lesson_or_topic,12bd4ab0-d7db-4433-85de-f891b0ec1a30,First Contentful Paint (FCP)
vocabulary_no_lesson_or_topic,5cc35bed-ea6f-4286-9cda-59e618afdff9,Global object
vocabulary_no_lesson_or_topic,81839b28-8615-4dbb-8215-e2ecdf9f5fe1,First Input Delay (FID)
vocabulary_no_lesson_or_topic,19f5ab61-c521-4893-b4db-0871bb79c13a,First Meaningful Paint (FMP)
vocabulary_no_lesson_or_topic,d5df25a5-6d09-4ace-8b48-72c6a8a77b3e,First Paint (FP)
vocabulary_no_lesson_or_topic,61dde6d0-048e-40e0-9613-ebea519273fd,Flex
vocabulary_no_lesson_or_topic,1b3921bd-4430-442c-92f7-760f0d92c4a2,Gecko
vocabulary_no_lesson_or_topic,9ab69a5e-961f-471f-9ee6-614865a8616b,Flexbox
vocabulary_no_lesson_or_topic,33a5c6be-8f7a-4ab7-81d8-37c7dc286f1e,Flow relative values
vocabulary_no_lesson_or_topic,c03e570f-5a67-44c3-912a-e66bf8dd7881,Forbidden request header
vocabulary_no_lesson_or_topic,2f23fee5-7b8c-4ef7-ba20-4678f7174d82,Forbidden response header name
vocabulary_no_lesson_or_topic,a7ac9654-29bd-4d38-9daa-8b1846658a77,Fuzz testing
vocabulary_no_lesson_or_topic,af34d440-8279-41b7-b02a-07e298889653,GIF
vocabulary_no_lesson_or_topic,65c13a02-18ef-4463-ace9-bf1cb63a2ea1,GPL
vocabulary_no_lesson_or_topic,1b693d30-34f6-4780-94cc-a6e72a304b49,GPU
vocabulary_no_lesson_or_topic,e3b3a349-7ecc-46b6-b567-de72c1e95ecf,Gamut
vocabulary_no_lesson_or_topic,0d8e1675-9207-4637-b422-7e3a0c9fd4ad,Garbage collection
vocabulary_no_lesson_or_topic,eaee4d58-1a79-41f9-a459-3c9f385519f5,General header
vocabulary_no_lesson_or_topic,de499f4d-5128-489f-8393-e2779f89603c,Global scope
vocabulary_no_lesson_or_topic,c52c8f98-8dab-41d5-9267-34d3b480f61c,Global variable
vocabulary_no_lesson_or_topic,509c97a0-2cd8-402a-96b8-48b2d0e706b1,Google Chrome
vocabulary_no_lesson_or_topic,b636892d-b699-41c5-b504-b8160beb1d21,Graceful degradation
vocabulary_no_lesson_or_topic,ad8efe28-3a00-405c-9310-bf8d2a7fe69f,Grid
vocabulary_no_lesson_or_topic,a0bfa3b7-92eb-4b71-b4ee-5516dba127b7,Grid Axis
vocabulary_no_lesson_or_topic,47bee3f5-9384-4dd9-882b-72f21addd5d8,Grid Cell
vocabulary_no_lesson_or_topic,4d8107a0-24d1-40de-bade-17f812444eaf,Grid Column
vocabulary_no_lesson_or_topic,3bfb9712-ec45-499d-9500-a7b7cc52020d,Grid container
vocabulary_no_lesson_or_topic,0a5f3e07-21b9-43d4-93bd-677d9d3cbcb7,Grid lines
vocabulary_no_lesson_or_topic,33ad9d97-1bdf-402f-b924-eb534a56d14c,Grid Row
vocabulary_no_lesson_or_topic,e23e48c4-5b68-4e57-93a9-78a1c03126f8,Grid Tracks
vocabulary_no_lesson_or_topic,32eda34f-9777-4ffe-977d-d0cb146a8a0d,Gutters
vocabulary_no_lesson_or_topic,39602b37-cc2a-4aeb-a8c5-063f34e68b9d,HMAC
vocabulary_no_lesson_or_topic,b8ac87f5-5789-4873-8a54-9187818fc624,HPKP
vocabulary_no_lesson_or_topic,3249828b-a822-4a42-84c0-c4c6192a89f3,HSTS
vocabulary_no_lesson_or_topic,06b7fcc7-b611-45bd-93d3-dc0c89469593,HTML5
vocabulary_no_lesson_or_topic,1deb61e3-3782-41df-8160-04e52db0b578,Common Gateway Interface
vocabulary_no_lesson_or_topic,1cf11eeb-1bd3-4d8f-8795-d4e7ff14990c,HTTPS RR
vocabulary_no_lesson_or_topic,f8d2cce2-11d5-422c-80d8-2897e9c815f3,HTTP/2
vocabulary_no_lesson_or_topic,f979676a-a5e8-4181-936a-cb98fe0da808,HTTP/3
vocabulary_no_lesson_or_topic,b74a1c4e-3a5b-4efd-8128-aa79b0796ec8,HTTP content
vocabulary_no_lesson_or_topic,726bc691-75ce-4e2e-9740-600688fd7f24,SCTP
vocabulary_no_lesson_or_topic,30275a2c-b5d1-413c-8988-a6684dd22c55,HTTP header
vocabulary_no_lesson_or_topic,7b5ea6d0-123c-4b7c-a866-767198f8d320,IPv4
vocabulary_no_lesson_or_topic,dfb77683-521a-4103-ac40-cae0399f1e5b,Hash function
vocabulary_no_lesson_or_topic,a1868fa5-2ef4-48e6-9085-95226e54fb51,Hash routing
vocabulary_no_lesson_or_topic,4ca9043a-856c-47f9-bd6c-bc9d5bd4bcfc,Head-of-line blocking
vocabulary_no_lesson_or_topic,8ffad058-2fe3-4657-879c-6ea877156b41,High-level programming language
vocabulary_no_lesson_or_topic,e52e6967-d0d2-41e9-bbae-d541b4d25a9b,Hoisting
vocabulary_no_lesson_or_topic,d7ef91b5-2521-430a-b29d-c03271ff6945,Privileged code
vocabulary_no_lesson_or_topic,aeb79262-05f8-42df-816c-6485c13a1802,Host
vocabulary_no_lesson_or_topic,74a4e5ec-1351-47fa-9a1a-5cbd9d5a587a,Hotlink
vocabulary_no_lesson_or_topic,8dad7226-02b5-44f6-9c3c-04616e8eca10,Houdini
vocabulary_no_lesson_or_topic,8a667bd2-4485-4753-a168-d5cd41f91fb5,IPv6
vocabulary_no_lesson_or_topic,b821fcf3-91ea-4ef9-8a6f-187f1dfd77db,Hyperlink
vocabulary_no_lesson_or_topic,b3d05083-a064-4f97-9f74-bd423b3e940f,Hypertext
vocabulary_no_lesson_or_topic,f0724965-8ab8-41d0-b252-7213b6903686,IANA
vocabulary_no_lesson_or_topic,bf04895f-fe49-42f5-a0b1-91399662bdf4,ICANN
vocabulary_no_lesson_or_topic,080d76c5-15db-47df-afc4-8fcb160a12d4,ICE
vocabulary_no_lesson_or_topic,1f526dfc-6e8d-4237-a401-a4a8257584b8,IDE
vocabulary_no_lesson_or_topic,dc83b5f4-6a6f-4cdb-8e88-03ccbabe4313,IDL
vocabulary_no_lesson_or_topic,02ad5727-d68e-4539-8b81-5277d6b3919e,IETF
vocabulary_no_lesson_or_topic,14040150-ee1d-4069-9a79-d5c3f0c2a396,cryptographic
vocabulary_no_lesson_or_topic,95f6a32a-6aa8-49ce-a83f-6c58897a165b,IIFE
vocabulary_no_lesson_or_topic,c4b04211-d8d8-4bb8-8266-0d2bd183f7a1,IMAP
vocabulary_no_lesson_or_topic,9abea48b-9d07-4893-bf65-ac22e04b7dd2,IP Address
vocabulary_no_lesson_or_topic,f34812a4-ce5e-4e26-b5d1-670bf89445ac,Dedicated Host
vocabulary_no_lesson_or_topic,319ac551-54b8-4528-ac26-3621d269a637,IRC
vocabulary_no_lesson_or_topic,71efdcf0-4197-44a4-97d1-441e54d5a9a1,ISP
vocabulary_no_lesson_or_topic,af689246-23e1-471c-b8b4-25280075e747,ITU
vocabulary_no_lesson_or_topic,77ce6457-642a-4a7f-aeec-be92484a70a8,Identity provider (IdP)
vocabulary_no_lesson_or_topic,21a046d7-061e-41d8-96c1-1d5635d83f5a,Immutable
vocabulary_no_lesson_or_topic,c9f5a41b-b353-491e-81bc-d08fbe91fcc8,IndexedDB
vocabulary_no_lesson_or_topic,1d84a40f-f72a-4a9d-882b-f25e004baf2e,scheduler
vocabulary_no_lesson_or_topic,4e5a0b3b-9a00-4891-a377-926ac64d9323,Information architecture
vocabulary_no_lesson_or_topic,a7505862-9351-4253-9f52-2d6826a3c39b,Inheritance
vocabulary_no_lesson_or_topic,731a3613-0e17-4fba-9075-e35017fc4686,Ink overflow
vocabulary_no_lesson_or_topic,c8554992-6f53-48ca-ba95-9ac1f5053227,Inline-level content
vocabulary_no_lesson_or_topic,f25694b3-9b35-481c-b34a-fc269f7d9424,Input method editor
vocabulary_no_lesson_or_topic,6fe2a723-f3e9-4f35-ac72-8646c2af187f,Inset properties
vocabulary_no_lesson_or_topic,d43a3fca-4f9b-468b-a1ca-b962b5f7ac88,Interaction to Next Paint (INP)
vocabulary_no_lesson_or_topic,ee708acd-1e6c-413b-a523-c04ae9b2ecc8,Certificate Signing Request
vocabulary_no_lesson_or_topic,ed85d447-c714-4538-8205-791c713b2d33,Internationalization (i18n)
vocabulary_no_lesson_or_topic,42ffe6d4-b2c5-4d61-b9f3-acef6380d67b,Internet
vocabulary_no_lesson_or_topic,aa7902be-fc8d-4eb5-9ee3-7cb91b96c348,Software-Defined Networking
vocabulary_no_lesson_or_topic,b884437d-27c0-4ceb-8953-e73abf4cb01d,Interpolation
vocabulary_no_lesson_or_topic,922c7dfd-9ddb-4797-be65-b540be4475f2,Just-In-Time Compilation (JIT)
vocabulary_no_lesson_or_topic,af3e53d9-46df-4294-bf06-6b6e35f247f5,streaming distribution
vocabulary_no_lesson_or_topic,393f0994-fd88-4eb2-9c84-e335f41eba8c,WebRTC
vocabulary_no_lesson_or_topic,473b8d9d-3271-4aa7-a7a8-00c2929573de,Intrinsic size
vocabulary_no_lesson_or_topic,ad741012-7777-40f5-8530-68c68b90276d,JPEG
vocabulary_no_lesson_or_topic,9739aca1-7fa1-4a78-b420-9ec3b5aeb938,JSON type representation
vocabulary_no_lesson_or_topic,4b6988bc-6b4c-49e9-a3a0-5475e9a752df,Jank
vocabulary_no_lesson_or_topic,8474eeea-fd01-4954-9a1d-29cfa50c1ce2,Java
vocabulary_no_lesson_or_topic,773aee6b-f571-488e-bcfd-bec36f02017e,JavaScript
vocabulary_no_lesson_or_topic,a57df788-ad44-4358-94a2-795a0f854fe8,Telnet
vocabulary_no_lesson_or_topic,5c42a7d8-9879-4178-b4a4-00cc9d95c1bc,Name Service Switch
vocabulary_no_lesson_or_topic,11237d9d-967d-4bae-9131-8a828581a467,Common Vulnerabilities and Exposures
vocabulary_no_lesson_or_topic,99fe0566-f995-4b86-9c7d-8db062b96f7f,Kebab case
vocabulary_no_lesson_or_topic,1c6d1d82-2f17-4367-b71c-f01cd0b77b70,The Khronos Group
vocabulary_no_lesson_or_topic,a1471433-2b0f-4d7d-93b2-fd497e74647d,LGPL
vocabulary_no_lesson_or_topic,5d02480b-53b0-490b-9ce3-ed97c26617d8,LTR (Left To Right)
vocabulary_no_lesson_or_topic,5a1e022c-245f-441e-999a-c6504180b9bf,Largest Contentful Paint (LCP)
vocabulary_no_lesson_or_topic,3aaf17dd-f125-4b57-b187-2b3b1f5e4809,Plaintext
vocabulary_no_lesson_or_topic,07225776-41ec-4f81-a527-14227b5e57ca,Layout mode
vocabulary_no_lesson_or_topic,20b30b57-4c74-4e18-a0f5-041814fa7071,SDK (Software Development Kit)
vocabulary_no_lesson_or_topic,61164153-4c78-4d51-8233-e4e33141a92a,Layout viewport
vocabulary_no_lesson_or_topic,448f2a91-ea49-40b7-bca1-2883bec2893c,Lazy load
vocabulary_no_lesson_or_topic,48cdc399-03f2-4a5a-9f59-849aa6950c1c,Ligature
vocabulary_no_lesson_or_topic,1a388bc6-6b77-49bb-bc73-40408db642da,Local scope
vocabulary_no_lesson_or_topic,bc7e3fbd-d87e-40b9-a72a-df83c54e3a4d,Local variable
vocabulary_no_lesson_or_topic,63743e7b-f7d3-4811-bd11-e93edc2b95e5,Locale
vocabulary_no_lesson_or_topic,799fc3a5-eb19-4165-987e-bb00b859666f,Localization
vocabulary_no_lesson_or_topic,dbf8843d-b000-4ccf-ad5e-8ae2420dbcdb,Logical properties
vocabulary_no_lesson_or_topic,529c0f0a-4a75-46fa-9af1-e49c11d1f52d,Long task
vocabulary_no_lesson_or_topic,d06cf76e-abb5-413f-b718-61af4eaab65f,NAT
vocabulary_no_lesson_or_topic,26bebae1-62d5-46a5-8396-41de173c41b6,Loop
vocabulary_no_lesson_or_topic,69d26772-5b0a-4d31-bbbc-98d03302c2ae,Lossless compression
vocabulary_no_lesson_or_topic,c24ffdc1-3e27-456e-b29e-f9011a0fb1ff,Lossy compression
vocabulary_no_lesson_or_topic,ce66e712-c0ed-4a27-b24e-3c2336ba272c,MIME
vocabulary_no_lesson_or_topic,25bb21af-cbd8-48be-a2e9-334ade8e6ba5,MIME type
vocabulary_no_lesson_or_topic,a8539dc7-cf4e-469f-81cd-289cf2d0fe29,MVC
vocabulary_no_lesson_or_topic,23d89e97-1a3a-4eac-9dde-7870909a4eb2,Main axis
vocabulary_no_lesson_or_topic,fa61962e-7433-461a-b9d4-f24146c01bb2,Main thread
vocabulary_no_lesson_or_topic,9aa0db3a-3098-47f9-a7ef-073dd8c1d9ba,Mutable
vocabulary_no_lesson_or_topic,ebd2206d-765a-4af1-9abc-eea9e991dc00,Thread
vocabulary_no_lesson_or_topic,c561632b-f4b7-49d5-827d-3bddd2a60bfb,MathML
vocabulary_no_lesson_or_topic,946a779c-25d3-4aee-ba7c-4723b54c429c,Media
vocabulary_no_lesson_or_topic,55218ce0-18be-4248-8fdb-1832b90a8122,Media (Audio-visual presentation)
vocabulary_no_lesson_or_topic,4934caca-2eac-429f-b6b9-e054362ab0ff,Media (CSS)
vocabulary_no_lesson_or_topic,c0a4ab23-a54b-467c-ad7b-47d770bc9b1f,Media query
vocabulary_no_lesson_or_topic,f626ba35-046f-4f1d-a1e2-a0cc09163ef4,Memoization
vocabulary_no_lesson_or_topic,78744c3e-d88c-47ee-a7ac-c5c5df555c4c,Metadata
vocabulary_no_lesson_or_topic,0cad1b67-e8ab-4000-9e67-1f2bd8264f0b,Microsoft Edge
vocabulary_no_lesson_or_topic,bb6c2a42-a7e0-4991-bfd0-f689f006f367,Microsoft Internet Explorer
vocabulary_no_lesson_or_topic,c00b5b2e-d45c-49a0-801e-80ad6775b9a4,NNTP
vocabulary_no_lesson_or_topic,37404bf8-382e-486c-aa4d-a2e7601efc31,Middleware
vocabulary_no_lesson_or_topic,d271b48c-cdd6-4d53-801f-aba057b38df3,symmetric encryption
vocabulary_no_lesson_or_topic,4d08e44f-a0be-4112-99f2-60a05dcf14ed,Minification
vocabulary_no_lesson_or_topic,baf5a9a5-5ef2-489b-b063-15fc118da55d,MitM
vocabulary_no_lesson_or_topic,f34820b8-3309-4452-a008-dc0b138eb54c,detailed monitoring
vocabulary_no_lesson_or_topic,29dd9035-a478-4b69-a016-5469771539fc,Mixin
vocabulary_no_lesson_or_topic,2336106d-d10e-4334-badb-cd314c2243b1,Mobile first
vocabulary_no_lesson_or_topic,a0c573f6-ca25-4f38-9ab9-26fa48877629,Modem
vocabulary_no_lesson_or_topic,c7f06dfb-8a4f-4438-8d52-5bbc22a8ead5,Modularity
vocabulary_no_lesson_or_topic,3cd49718-ab6e-4442-8e07-de3f0feb634b,Mozilla Firefox
vocabulary_no_lesson_or_topic,9bebb741-ac93-4b9d-a63f-3db0ab0c21ad,sending quota
vocabulary_no_lesson_or_topic,5d0e7bfb-7671-4e45-8fa8-8085057f7aec,Multi-factor authentication
vocabulary_no_lesson_or_topic,2c8eb2e8-d336-4e73-8b5d-a2e59fb72e91,syslog
vocabulary_no_lesson_or_topic,305bdef8-e5ac-4779-bcd1-546270b644c6,Namespace
vocabulary_no_lesson_or_topic,fb09a79d-ed24-46b3-b8c0-4b65897c4b05,Secure computing mode
vocabulary_no_lesson_or_topic,cbf6a2f6-f966-418d-bcdf-d115918f994d,Native
vocabulary_no_lesson_or_topic,7cdbb992-332c-46de-936d-88c4a0e3a96d,WebSockets
vocabulary_no_lesson_or_topic,8ca87bee-d433-43dd-99ef-a2290737ac48,Navigation directive
vocabulary_no_lesson_or_topic,af019d7d-35c3-48d5-a661-0077ac612070,Netscape Navigator
vocabulary_no_lesson_or_topic,355b55de-9fd4-4f52-9ae5-7f7efad4e66f,Network throttling
vocabulary_no_lesson_or_topic,90e0c9f7-6fa7-4828-82a8-47b898696c42,Node
vocabulary_no_lesson_or_topic,02008e7e-286c-42d4-a423-b108a741249c,Node.js
vocabulary_no_lesson_or_topic,f3af7291-e622-45a9-9d74-767e83e8c650,Node (DOM)
vocabulary_no_lesson_or_topic,d39ea663-8d57-4d9e-b472-d0348fd4436c,Node (networking)
vocabulary_no_lesson_or_topic,261605d2-30bb-47e1-a3ea-5d4eebb0ad87,OOP
vocabulary_no_lesson_or_topic,62e2a1d3-feed-4852-9d9c-c1a62c24c5b4,Non-normative
vocabulary_no_lesson_or_topic,8d66e0fb-b1f9-4e4f-ac97-0182a7f37d30,Object reference
vocabulary_no_lesson_or_topic,7211e308-4073-4d27-b9d0-377867b7df60,Nonce
vocabulary_no_lesson_or_topic,0ed90a24-1558-4a13-b2d3-80db3d77a75c,Placeholder names
vocabulary_no_lesson_or_topic,605cb1ef-dde8-4f3f-bbdc-c33c148f13c4,SDP
vocabulary_no_lesson_or_topic,b4e02842-5257-4777-8122-1c3d7a5fdef4,Operand
vocabulary_no_lesson_or_topic,d5ed84b8-5546-49dc-8875-afb16066d1d2,Normative
vocabulary_no_lesson_or_topic,9c85149f-a92c-4991-96a5-1a54fbd53e04,Null
vocabulary_no_lesson_or_topic,7ab1c3ce-9e61-4e01-83e5-ca9453f4c91e,Nullish value
vocabulary_no_lesson_or_topic,71ac0ea1-9437-46c8-a2e6-33fbd2a48b29,OTA
vocabulary_no_lesson_or_topic,6c48531a-42aa-4683-989a-4cc435ec9b3a,OWASP
vocabulary_no_lesson_or_topic,98623e45-6974-458a-9dba-bf89871a2d2a,OpenGL
vocabulary_no_lesson_or_topic,ea4716dd-0c1d-48e9-97c1-7866a8238637,Mail User Agent
vocabulary_no_lesson_or_topic,e63789d7-ea62-4071-b2ae-e3c2eb079f8b,Opera browser
vocabulary_no_lesson_or_topic,f2e4bea8-a193-4a55-8c29-f2237d2c36eb,artifact
vocabulary_no_lesson_or_topic,9f5ab93a-753a-46b8-8d9f-6db889b87d0a,Operator
vocabulary_no_lesson_or_topic,ba1137e2-c249-4826-8314-6eaca9eacd7c,P2P
vocabulary_no_lesson_or_topic,d265d232-40d5-4c97-a381-ae2286f1c091,PAC
vocabulary_no_lesson_or_topic,ec59f0f4-10a9-409c-b731-bc2aaed01376,PDF
vocabulary_no_lesson_or_topic,321f3618-cfda-4c6a-9bcb-115c33d8bb9a,Parser
vocabulary_no_lesson_or_topic,ba136679-e4ee-41b2-a92d-26478b4b18ab,PHP
vocabulary_no_lesson_or_topic,1c95fcef-dd4b-4eee-b940-b7de69cfed3e,PNG
vocabulary_no_lesson_or_topic,7a88cd2b-5f0b-4633-9248-930a797e65d1,POP3
vocabulary_no_lesson_or_topic,a19133de-f6d3-43a4-8e20-833cf29698c4,Quaternion
vocabulary_no_lesson_or_topic,749e3cfb-c4eb-4ecc-9e35-ca1561dd707f,Percent-encoding
vocabulary_no_lesson_or_topic,9fd3c0f0-48fc-4543-be5d-e54aa724d7d9,Packet
vocabulary_no_lesson_or_topic,b8973915-8b54-4e76-b700-dc2dd1fe46e4,Secure Hash Algorithm
vocabulary_no_lesson_or_topic,7e5e4318-281a-4fb4-8e8f-1443bc35f8b5,Page load time
vocabulary_no_lesson_or_topic,b5dc7257-6493-46fd-b279-b7f75283ead5,Page prediction
vocabulary_no_lesson_or_topic,b395ad7f-41bb-47bc-a071-f06e29624fb2,Parent object
vocabulary_no_lesson_or_topic,9eb6f740-5f0d-4341-bc4c-887f5d738eb1,Parse
vocabulary_no_lesson_or_topic,65230695-adb6-4bf4-964e-6b64dc6f8bfe,Payload body
vocabulary_no_lesson_or_topic,fab7484c-b3de-4624-a5a4-9eb25471a6c0,Payload header
vocabulary_no_lesson_or_topic,8188e7a8-7ff8-4b26-a541-089366be692a,Perceived performance
vocabulary_no_lesson_or_topic,aa338828-dd7c-449c-9cc0-587d92c35f98,Physical properties
vocabulary_no_lesson_or_topic,10244e2c-44e8-48da-8ad8-285140a5c37e,Plugin
vocabulary_no_lesson_or_topic,c2f09256-c779-4994-a0e6-f014b18dfde3,SGML
vocabulary_no_lesson_or_topic,fd119233-926d-468f-a927-b5cdb5b2ba08,Polyfill
vocabulary_no_lesson_or_topic,e1e2da24-ea71-463c-a285-effa1a97c108,Port
vocabulary_no_lesson_or_topic,26a6fa3b-5026-49cd-9d00-d52b05cb0052,Prefetch
vocabulary_no_lesson_or_topic,bc263f89-0cae-49e3-b465-19074cfe8b32,Preflight request
vocabulary_no_lesson_or_topic,e664ba91-a9dd-4304-b310-2d655c1983c1,Prerender
vocabulary_no_lesson_or_topic,2d814784-0e3a-4a39-9b35-2cfd66e13bfd,Presto
vocabulary_no_lesson_or_topic,57a82f0f-9f44-454e-83fb-e67580a2336a,Primitive
vocabulary_no_lesson_or_topic,ddfb4b6b-5834-4108-ab7e-b62cdf7eeaf4,Principle of least privilege
vocabulary_no_lesson_or_topic,3cb7b086-2f44-45ad-a90e-384fc2a73936,Privileged
vocabulary_no_lesson_or_topic,017541d1-b481-4a04-b55a-64f0868c5356,Progressive enhancement
vocabulary_no_lesson_or_topic,0c2afe54-4bc4-453b-9325-d7d7c32aeec7,Progressive web applications (PWAs)
vocabulary_no_lesson_or_topic,e2285437-a0d1-4da7-9a82-825b3867db21,MySQL
vocabulary_no_lesson_or_topic,d2f8a043-9543-4eae-a308-f60e01fc8236,Promise
vocabulary_no_lesson_or_topic,615b3c58-d2df-4b77-8ec0-1171520e4083,Property (CSS)
vocabulary_no_lesson_or_topic,981a161a-bf56-4608-8ef9-5a27348b7d5b,Property (JavaScript)
vocabulary_no_lesson_or_topic,685e28a0-3102-46d8-8fd8-e027941a3585,Protocol
vocabulary_no_lesson_or_topic,1e759f61-5fea-4e0f-95d0-357c41947328,Prototype
vocabulary_no_lesson_or_topic,95420f91-795b-4aa7-babd-93255a4f753b,Prototype-based programming
vocabulary_no_lesson_or_topic,f664cd11-a1ba-49bb-9fa9-4a53d4aa4245,Signature (functions)
vocabulary_no_lesson_or_topic,110bc6b2-320e-41ad-b24d-a9f0e9b51ff3,Proxy server
vocabulary_no_lesson_or_topic,62e7229a-5fe4-4422-9858-d574bc0732c4,Pseudo-class
vocabulary_no_lesson_or_topic,0fa7c07a-7c17-45e6-983d-dbf044cff006,Multipass
vocabulary_no_lesson_or_topic,e2fccdf9-ae98-459f-9d89-ef0b76d72a65,SRI
vocabulary_no_lesson_or_topic,b34ff917-6bcd-4e0d-a042-6d60be5128dc,Pseudo-element
vocabulary_no_lesson_or_topic,56a20ef3-829b-40c5-9c67-462d4cc6f87e,Amazon DynamoDB Encryption Client
vocabulary_no_lesson_or_topic,5f4e0bec-2a30-4ee7-bcc1-7a970ef2e031,Pseudocode
vocabulary_no_lesson_or_topic,78016aae-4428-41f9-a531-d54766ee4ca2,Public-key cryptography
vocabulary_no_lesson_or_topic,d1b24ef9-4cb2-47e7-943a-812c6667c267,Python
vocabulary_no_lesson_or_topic,3f47fa35-b4b5-4df6-ba0b-1324c3f8ef3b,QUIC
vocabulary_no_lesson_or_topic,581cf22a-63fe-4200-91b7-efe3b1b4f514,Quality values
vocabulary_no_lesson_or_topic,82aee318-1d7d-4042-86fa-b6321587bc17,RAIL
vocabulary_no_lesson_or_topic,38639ad8-50c8-4975-9f59-cd64ec2d7975,RDF
vocabulary_no_lesson_or_topic,b26f5c74-2fae-4c2f-93da-ec85de99048f,RGB
vocabulary_no_lesson_or_topic,a17624a2-5d79-43fe-afbb-7b96efdb302b,checksums
vocabulary_no_lesson_or_topic,09de566d-6f48-427d-8645-a6dcc511de67,RIL
vocabulary_no_lesson_or_topic,4ca32d95-201a-4edc-b292-a7dfa18640c2,Random Number Generator
vocabulary_no_lesson_or_topic,e24e6dee-2c0a-4fc0-bd07-1dc769699484,RSS
vocabulary_no_lesson_or_topic,0fab6d43-afe7-4422-8da6-7b66744ab1df,RTCP (RTP Control Protocol)
vocabulary_no_lesson_or_topic,4992936b-5997-4804-82d8-c9ad2a2a5f36,RTF
vocabulary_no_lesson_or_topic,cdcb10eb-f184-42f5-b100-d611c9fa78a5,RTL (Right to Left)
vocabulary_no_lesson_or_topic,d5dfd013-27f9-4b65-987b-749bb3365dc5,RTP (Real-time Transport Protocol) and SRTP (Secure RTP)
vocabulary_no_lesson_or_topic,003f6d0a-7a1b-48b3-9ca1-aaddd29051c7,RTSP: Real-time streaming protocol
vocabulary_no_lesson_or_topic,67b43e92-b57e-4cbf-a67f-763e509e540e,Raster image
vocabulary_no_lesson_or_topic,12ef7ff5-de38-4340-bb35-98d9eb10fa09,Responsive Web Design (RWD)
vocabulary_no_lesson_or_topic,8309127f-c735-429f-9b2b-dbaa24ec3189,Rate limit
vocabulary_no_lesson_or_topic,bab04957-6eb8-416d-aee8-8d49166b46e9,Reading order
vocabulary_no_lesson_or_topic,8deac04b-3835-4000-bd79-8ed21f54817a,Real User Monitoring (RUM)
vocabulary_no_lesson_or_topic,21540f64-85d2-4188-9f7c-a794d13dbdad,Recursion
vocabulary_no_lesson_or_topic,1773f1a4-b7f1-4f88-8c97-30241a9053d7,Reflow
vocabulary_no_lesson_or_topic,ccf4f5e1-6500-4c28-a580-3b0d77b6c7cb,Registrable domain
vocabulary_no_lesson_or_topic,7692d65e-59c6-4029-bcc5-58a0200b1f6f,SIMD
vocabulary_no_lesson_or_topic,242e431f-eeb1-47b4-b28d-e69d08b71bf8,Signature
vocabulary_no_lesson_or_topic,f161611f-bdb4-431b-a483-fb1a5b492f18,Network Time Protocol
vocabulary_no_lesson_or_topic,e853d9ed-39da-4022-8210-31639180ff41,Replaced elements
vocabulary_no_lesson_or_topic,77f2989d-c8ac-4232-9861-f7c15929687c,Replay attack
vocabulary_no_lesson_or_topic,1e85cbcb-643f-43a3-90fc-79990e632893,Repo
vocabulary_no_lesson_or_topic,7c1ba614-b82c-4f66-9a57-0b99528f5ae5,Reporting directive
vocabulary_no_lesson_or_topic,9cf4a53c-3468-4786-ba4e-0212c74c2cb0,Representation header
vocabulary_no_lesson_or_topic,1cbffb26-c5f3-4d94-a053-35b374e58a87,SISD
vocabulary_no_lesson_or_topic,65f20a3e-df3f-4a62-9515-b2dbab5af335,Request header
vocabulary_no_lesson_or_topic,9dcb2b7b-5a57-4ca9-b7dc-e78f8b0c9b37,Resource Timing
vocabulary_no_lesson_or_topic,e16eaa3c-acf1-4031-8c98-148ce6f514e5,Signature (security)
vocabulary_no_lesson_or_topic,a70d2ddb-64d7-43b8-b5a8-4425162b598e,Response header
vocabulary_no_lesson_or_topic,8fc06666-708f-4d69-9180-ae46e95f3b73,Multipath
vocabulary_no_lesson_or_topic,a9222cc9-96c7-445e-aafd-5686243fe86d,Modular Smart Array
vocabulary_no_lesson_or_topic,be4308ee-22c3-4e24-bf63-6bb67ea79dac,Robots.txt
vocabulary_no_lesson_or_topic,1666dc65-da8f-48a0-8eef-569788103bee,Cartesian product processor
vocabulary_no_lesson_or_topic,6c3d3fa0-58cc-4732-9f07-be579f3680af,Round Trip Time (RTT)
vocabulary_no_lesson_or_topic,c1cebbef-2684-4bbc-ad58-3c347e767430,Router
vocabulary_no_lesson_or_topic,f2a6cfc4-ea4c-40de-b751-a01be4c72056,Rsync
vocabulary_no_lesson_or_topic,258e957b-6785-486b-a8ce-c71b3a7eebc7,Ruby
vocabulary_no_lesson_or_topic,7abaa715-1a02-4844-8c07-c4627d322b32,SLD
vocabulary_no_lesson_or_topic,fd9397c9-2486-47fd-bbb6-46edbb3eda41,Security Identifiers
vocabulary_no_lesson_or_topic,c2e0439a-2de0-4b7e-a3f8-82b467fb717f,Site
vocabulary_no_lesson_or_topic,538a58ac-7ad7-4a50-be51-2a02c1ed07b0,Salt
vocabulary_no_lesson_or_topic,9e48332b-6972-46c0-8a79-e60d24b7652b,Static site generator (SSG)
vocabulary_no_lesson_or_topic,dcff382c-6edf-4791-8849-7ec069b251ca,Secure Sockets Layer (SSL)
vocabulary_no_lesson_or_topic,1783d9b0-b124-4ed2-83d9-6c80c674dc93,Server-side rendering (SSR)
vocabulary_no_lesson_or_topic,52e21b22-6593-4b6f-b2aa-fa544a28bf8d,WebVTT
vocabulary_no_lesson_or_topic,6c5c2c66-4f51-44c4-87cb-aeeff7ccf45e,STUN
vocabulary_no_lesson_or_topic,603b3389-3d70-4235-a3a1-8b7798c0d8a0,SVG
vocabulary_no_lesson_or_topic,890b06cd-ebb4-4293-a643-a9e27650b1b6,SVN
vocabulary_no_lesson_or_topic,8105a554-282c-485f-b6fd-2aa04fddd2d7,Safe
vocabulary_no_lesson_or_topic,82bba940-b562-4ab4-9e4f-632c2f69b0cb,Safe (HTTP Methods)
vocabulary_no_lesson_or_topic,c59bd149-be2e-4cfc-ac28-b5127643228f,Same-origin policy
vocabulary_no_lesson_or_topic,f7b3348a-1189-444b-b2c7-eda554b87668,TypeScript
vocabulary_no_lesson_or_topic,83aa82cf-beca-4d53-a9f3-1196c85c8ab9,Screen reader
vocabulary_no_lesson_or_topic,9c1b52e1-dfaa-4979-9aab-c51d1e986a1a,Script-supporting element
vocabulary_no_lesson_or_topic,d17c2ca4-09b4-4761-a06e-408c5777435a,XLink
vocabulary_no_lesson_or_topic,f752ab24-3fd4-40a7-b9a7-78c250cdb48a,Scroll boundary
vocabulary_no_lesson_or_topic,9e8bac52-6295-4846-9a1b-00bc9dbe368e,Scroll chaining
vocabulary_no_lesson_or_topic,88334b18-6cc1-46dc-b23a-34c044714d01,Scroll container
vocabulary_no_lesson_or_topic,215ce241-3d57-4226-94b1-009145e0a727,Scroll snap
vocabulary_no_lesson_or_topic,11a0c8e6-b968-4a20-8a15-8f505a69ea5a,Search engine
vocabulary_no_lesson_or_topic,5a926e7a-33d8-469b-90d2-d20c1af9c6f8,Secure context
vocabulary_no_lesson_or_topic,7f57efac-6aab-4751-96a3-0fd4ebb67d66,Dynamic Host Configuration Protocol Daemon
vocabulary_no_lesson_or_topic,b996f748-ef20-45e3-b9bb-5cb3cca4a3bf,Subscription button
vocabulary_no_lesson_or_topic,7f7aba05-138d-4ecf-8975-faf95b88fc38,Serializable object
vocabulary_no_lesson_or_topic,2b6e862d-1727-4d0b-8de6-7c639297cd61,Serialization
vocabulary_no_lesson_or_topic,5be51e21-a7a6-499e-adcd-42b80ee3e14e,Snap positions
vocabulary_no_lesson_or_topic,3ca708d1-abe5-4a6a-b1bd-e758ea42e49f,Server Timing
vocabulary_no_lesson_or_topic,3208ef8e-7cb3-490d-97c1-42dd9c00ff64,Session hijacking
vocabulary_no_lesson_or_topic,0777ff83-fb77-4f79-88cc-7af44dc1d7aa,Shadow tree
vocabulary_no_lesson_or_topic,91272d27-cb10-4a1d-b56a-e84695ac85f5,Shallow copy
vocabulary_no_lesson_or_topic,bfdb4dc4-b2b8-4d1e-b3bf-5e05ca213b5e,Shim
vocabulary_no_lesson_or_topic,047c876a-6b6f-4fc8-9f2d-ba33c7a76ac6,Postfix
vocabulary_no_lesson_or_topic,f6d2b628-56c4-400c-81f2-ed95bcb2470b,Sloppy mode
vocabulary_no_lesson_or_topic,c57368e9-2ef2-4a26-89fb-11f0cf4f5c4c,Slug
vocabulary_no_lesson_or_topic,c3e12383-b571-4e0d-8e4e-72be65c07f34,Smoke test
vocabulary_no_lesson_or_topic,bc5658b9-fed3-45e4-b5d6-747878a2b24c,Snake case
vocabulary_no_lesson_or_topic,7c5978b6-0dfd-4306-9f98-8a9e56a442c8,nameserver
vocabulary_no_lesson_or_topic,4e4429fd-efb7-4bbe-9fd3-7c894f473835,Social engineering
vocabulary_no_lesson_or_topic,de83441a-c015-402f-994e-7b345c747af1,Soft navigation
vocabulary_no_lesson_or_topic,7ae428e2-3225-40ac-a31c-334f4766d1fe,Source map
vocabulary_no_lesson_or_topic,d6408395-6fc2-44cf-aeb9-e803fa4e291b,Speculative parsing
vocabulary_no_lesson_or_topic,57c68dfd-433c-4866-938d-6282dc6315e4,Speed index
vocabulary_no_lesson_or_topic,e564c463-adbd-4970-b56b-1619e9f1f83f,Stacking context
vocabulary_no_lesson_or_topic,f85ce5b9-5991-413a-b6e5-024e66f00249,State machine
vocabulary_no_lesson_or_topic,05d20f49-37ac-4c50-be77-d1b4a4ce0225,Statement
vocabulary_no_lesson_or_topic,ef5374cb-2e4c-4eb8-ba28-1389feec3372,Static method
vocabulary_no_lesson_or_topic,6f5734f9-a8af-40e0-939c-cd39170ce270,Static typing
vocabulary_no_lesson_or_topic,eca0c1af-91ec-429d-a984-9961fd1e8b97,Sticky activation
vocabulary_no_lesson_or_topic,7cce097c-03e3-4142-b6cf-2aac7aecec9b,Strict mode
vocabulary_no_lesson_or_topic,017ef1e8-f9d1-4516-8e02-95f95114a0fc,Stringifier
vocabulary_no_lesson_or_topic,04e4e932-6f9b-4f37-9bb5-7f6e3db71975,Style origin
vocabulary_no_lesson_or_topic,a43ee445-9a17-4823-a305-092f8ba52db0,Style sheet
vocabulary_no_lesson_or_topic,8f9f1a0e-59ff-4870-be95-bb11ee34394c,Submit button
vocabulary_no_lesson_or_topic,a94cc11d-93cd-46b4-832b-71e7d751f727,Symbol
vocabulary_no_lesson_or_topic,ecaa3bda-592d-4d4e-99e9-b9afac1ada3e,Symmetric-key cryptography
vocabulary_no_lesson_or_topic,03c3cedf-6434-4772-b6ec-bef3501bf6d8,Code Signing for AWS IoT
vocabulary_no_lesson_or_topic,83856f77-314e-4a3b-8e75-ced8a0e2c58d,Syntax
vocabulary_no_lesson_or_topic,6775efdc-25cf-4c92-a784-9bbc3d3d660b,Syntax error
vocabulary_no_lesson_or_topic,3c5de08a-338e-4675-b4ed-b534a0a739b4,Synthetic monitoring
vocabulary_no_lesson_or_topic,f78b9340-71f4-486d-ba1f-3df5def13566,TCP
vocabulary_no_lesson_or_topic,98e4bd7a-40c9-4ed3-9376-2dccd8896c99,TCP handshake
vocabulary_no_lesson_or_topic,bc136d56-9be7-4d3b-acd9-431e711e1aab,Texel
vocabulary_no_lesson_or_topic,f195db5f-5da5-420f-83d6-7fef08360350,TCP slow start
vocabulary_no_lesson_or_topic,21706879-9cca-4749-9c1d-26fdb13c4c4e,TLD
vocabulary_no_lesson_or_topic,d5e1d699-c13f-4d77-9c10-c19577434407,Time to First Byte (TTFB)
vocabulary_no_lesson_or_topic,bd28b554-0305-4540-94f4-100b6d94ce23,billing plan
vocabulary_no_lesson_or_topic,5d399d57-be62-4770-8a26-e35ed2259bfd,Transport Layer Security (TLS)
vocabulary_no_lesson_or_topic,4a288f89-21bc-4b59-98f0-85d8052e09b0,TOFU
vocabulary_no_lesson_or_topic,cb96fd69-e31b-4a1a-a0b6-3a6d4614ee2d,TTL
vocabulary_no_lesson_or_topic,61635b88-b1ce-4ef1-a0db-47697929a0fc,Table grid box
vocabulary_no_lesson_or_topic,405c5cba-60a3-4487-a8af-461590351f2a,Table wrapper box
vocabulary_no_lesson_or_topic,d05c1c9c-cd37-4420-996e-7d37d727eed3,asymmetric encryption
vocabulary_no_lesson_or_topic,5b80eed1-b0b3-46f9-95ff-d92f7877e58c,"Single Instruction, Multiple Data"
vocabulary_no_lesson_or_topic,7001a17c-2afc-4b83-bdcb-2a85341ae765,Three js
vocabulary_no_lesson_or_topic,2479302a-a8cf-41a5-a9f0-eca7f676778b,Throttle
vocabulary_no_lesson_or_topic,2793ae0f-12cb-4ec4-83a5-a0b00274f66c,Time to Interactive (TTI)
vocabulary_no_lesson_or_topic,f0252c0a-193a-4bdb-87da-39ee9dbd98b3,Top layer
vocabulary_no_lesson_or_topic,72b2677e-f192-4a45-b374-b9d4b6eb1738,Transient activation
vocabulary_no_lesson_or_topic,bf99d205-98b5-412d-b39d-ab424e61f2c6,Tree shaking
vocabulary_no_lesson_or_topic,258f4e3f-f826-4fec-9e72-6c6b4b4c8a89,Trident
vocabulary_no_lesson_or_topic,5f7c1258-4caa-460e-8868-a3df4e7ea0bd,Truthy
vocabulary_no_lesson_or_topic,55be07f1-ebeb-4bbe-8fe4-ee25f9f8ca0b,Type conversion
vocabulary_no_lesson_or_topic,75882ecb-7818-452b-ab7a-c1d926ca00e0,Type coercion
vocabulary_no_lesson_or_topic,070d0983-7291-47be-8432-49b2b3d1ffe1,Unix time
vocabulary_no_lesson_or_topic,063e9bcb-27a5-4eca-a9ed-67226695dc10,UAAG
vocabulary_no_lesson_or_topic,761d06a6-30f1-4098-b525-907a045ce216,UDP (User Datagram Protocol)
vocabulary_no_lesson_or_topic,18142542-ffad-4032-94d4-3e88e9d717b0,UI
vocabulary_no_lesson_or_topic,1494cf44-69c5-4882-9976-b4b96c41388d,URI
vocabulary_no_lesson_or_topic,3ad302d8-1110-4225-a062-8d39f5ea1fad,URL
vocabulary_no_lesson_or_topic,1b75c819-a4b4-45a9-90ca-9b0fbcbeaf4f,URN
vocabulary_no_lesson_or_topic,00ae7d2d-139c-4ef6-981a-538c43842909,UTF-16
vocabulary_no_lesson_or_topic,6c9210d2-6260-440f-9b01-868820245d60,UTF-8
vocabulary_no_lesson_or_topic,5d2fcfac-1811-4175-b540-8fead12fd8bc,UX
vocabulary_no_lesson_or_topic,b659a2d4-ed37-488e-ac89-bd0c0b304aba,Undefined
vocabulary_no_lesson_or_topic,fb58d22f-6088-44c1-a73e-177a84b0b5d4,Unicode
vocabulary_no_lesson_or_topic,2f5788cb-d14c-4503-95d1-9575d97a6c08,recovery code
vocabulary_no_lesson_or_topic,9a7714dc-7553-4fbb-8ecd-dccc5271e585,Usenet
vocabulary_no_lesson_or_topic,35184a1e-f6d6-47d7-b578-882b97cb2ac0,User agent
vocabulary_no_lesson_or_topic,1a04e467-c07f-4573-901b-3b5b6ec5332e,Validator
vocabulary_no_lesson_or_topic,5174664a-340a-4c31-8af8-33a723eb88da,pipeline
vocabulary_no_lesson_or_topic,9e148d66-eb80-453e-bcd7-1c375e9d40fe,Vendor prefix
vocabulary_no_lesson_or_topic,068a315b-670b-4e54-9a01-09941d946254,Viewport
vocabulary_no_lesson_or_topic,be2b355a-4669-46f5-b590-fc4294d4f352,access key rotation
vocabulary_no_lesson_or_topic,04c83073-3a34-40b9-ba45-fc4fe51daf88,synchronous bounce
vocabulary_no_lesson_or_topic,9eb595cd-85fe-4a06-834e-5a93bf2de5a0,Visual viewport
vocabulary_no_lesson_or_topic,a8e98232-3fe8-469e-9e9c-74046ee373ba,VoIP
vocabulary_no_lesson_or_topic,4a2ecbbe-40eb-4202-9d11-a86e5485aa6b,commit graph
vocabulary_no_lesson_or_topic,9face9b3-80b4-41bd-8d48-3dcf47389e06,Void element
vocabulary_no_lesson_or_topic,a531ca5e-ca83-4a52-9741-f069212c8b95,W3C
vocabulary_no_lesson_or_topic,b349b260-f9ad-42d7-85ed-98d76d49f2d7,WAI
vocabulary_no_lesson_or_topic,7683348c-27c0-4c28-a408-daac98e66467,WCAG
vocabulary_no_lesson_or_topic,0a3f7cfc-5f06-411f-b25a-1f6eff67d75d,WHATWG
vocabulary_no_lesson_or_topic,eeb47069-c0da-483e-9fd9-5e094a593dc5,WebAssembly
vocabulary_no_lesson_or_topic,4e73c220-7d48-40c9-8759-fde57de34caa,WebDAV
vocabulary_no_lesson_or_topic,37b1c2ef-c215-4b8b-a838-4bcd0626c0c7,identity provider (IdP)
vocabulary_no_lesson_or_topic,3326bc9c-69ae-40dc-a7ef-8fae272060dc,WebExtensions
vocabulary_no_lesson_or_topic,eb7fcf8d-235a-4790-9acc-c3177585622e,WebGL
vocabulary_no_lesson_or_topic,9a97e1d5-d59e-4495-b529-bc7039086ff9,WebIDL
vocabulary_no_lesson_or_topic,8d5143ad-f4c6-4b12-bbd6-3f93c6f47ecb,WebKit
vocabulary_no_lesson_or_topic,89effc17-28e1-4251-b084-6431bf211f93,Web performance
vocabulary_no_lesson_or_topic,c7c01606-304e-47d1-9978-6e48616a3654,Web server
vocabulary_no_lesson_or_topic,0b0b83f1-3e48-4e1a-ac69-affc1c3e1eff,organizational unit
vocabulary_no_lesson_or_topic,b3c0e7cc-f74d-4ec4-be9d-0f516960318c,Web standards
vocabulary_no_lesson_or_topic,e3da93d1-e377-46f8-aa48-79f465cf7078,Whitespace
vocabulary_no_lesson_or_topic,a971f2a6-4545-4875-889e-9b238edb033d,access key ID
vocabulary_no_lesson_or_topic,ea7695b8-52cf-42b2-aec0-a120bb2324ea,bfcache
vocabulary_no_lesson_or_topic,9370f523-a18c-4047-bbff-8e20402dc2ee,WindowProxy
vocabulary_no_lesson_or_topic,a9ff689d-5723-49ab-9cf7-6c46ad85df84,World Wide Web
vocabulary_no_lesson_or_topic,be0f77dd-b2f8-4922-846e-7be10e5f83b8,Wrapper
vocabulary_no_lesson_or_topic,cff9cbff-7525-4606-981a-9ca66003de60,XForms
vocabulary_no_lesson_or_topic,965de129-8ede-4d91-924b-ee253b52dd1a,XHTML
vocabulary_no_lesson_or_topic,d03ed711-34d1-432b-a605-b0612e70f172,XInclude
vocabulary_no_lesson_or_topic,f2e7f163-a1e4-4f0b-b9ec-f4cc8f6d3384,XML
vocabulary_no_lesson_or_topic,1992f139-8a58-458b-82a1-34a01f688694,XMLHttpRequest (XHR)
vocabulary_no_lesson_or_topic,d6ae06c1-c250-4620-afe5-ae799fcee58f,XPath
vocabulary_no_lesson_or_topic,13fd12f1-e102-4803-80c9-a92ebcf2093d,XQuery
vocabulary_no_lesson_or_topic,df37bc31-7224-415f-9b18-dd4bd5d961e4,XSLT
vocabulary_no_lesson_or_topic,e2a755a5-e8d9-44cc-824c-d2886abe5db2,Zstandard compression
vocabulary_no_lesson_or_topic,93328eb0-a6b5-4e47-a080-967ced402276,account activity
vocabulary_no_lesson_or_topic,ff409f32-6f1e-47ff-a38b-08d28c8efc90,blink element (<blink> tag)
vocabulary_no_lesson_or_topic,924b177a-03a4-4e92-9917-b549a5b49f35,Guaranteed-invalid value
vocabulary_no_lesson_or_topic,c269c072-df70-4c94-a9a8-f5d30f6e6094,gzip compression
vocabulary_no_lesson_or_topic,89ecab98-9ff6-4c72-953d-d48b3aff016e,HTML color codes
vocabulary_no_lesson_or_topic,fd3c67f9-89c4-4402-8634-15910153f6a0,Out-of-order patching
vocabulary_no_lesson_or_topic,26f3909a-ca97-4dce-a04f-1415227aa214,plaintext
vocabulary_no_lesson_or_topic,d050650c-e861-4781-9488-d57495a35452,100-continue
vocabulary_no_lesson_or_topic,7e26f18a-f840-45a9-bdfe-a685cdfb02b3,AAD
vocabulary_no_lesson_or_topic,919c7ca5-bc58-4374-b36b-d1597bd5d42c,access control list (ACL)
vocabulary_no_lesson_or_topic,25ed7a28-617c-4f7a-a745-f847780e21fd,access key
vocabulary_no_lesson_or_topic,947679de-ce95-4107-a7b0-051eaf2b6934,AWS Account Management
vocabulary_no_lesson_or_topic,74cfb76f-f203-4699-9028-5fc4483ffd46,ACM
vocabulary_no_lesson_or_topic,e0db5583-b990-4881-a4d6-a8a486da2c9d,alarm
vocabulary_no_lesson_or_topic,ab60a8d8-bfe2-4a5d-b010-c10d2b83d691,allow
vocabulary_no_lesson_or_topic,3cae2814-4449-4435-97a2-cdd5c4cd3459,action
vocabulary_no_lesson_or_topic,de691bde-bb6d-4c83-b1a6-358b516c59e5,active trusted key groups
vocabulary_no_lesson_or_topic,b3a0eb16-c466-4b88-a070-23e61945bb1b,active-active
vocabulary_no_lesson_or_topic,e3180607-3b5c-414c-9d4f-195dd860bb27,CodeGuru
vocabulary_no_lesson_or_topic,0146260a-bad9-426d-8f8c-ea3489f5bf7a,active-passive
vocabulary_no_lesson_or_topic,71d408f0-baab-469c-9ca9-11b896b7bb7c,additional authenticated data
vocabulary_no_lesson_or_topic,ffcacff1-14ba-4520-8ce3-ed5796ec1b76,administrative suspension
vocabulary_no_lesson_or_topic,e7527376-2cfb-4982-870b-a2b21d6ea6c8,Open Cluster Framework
vocabulary_no_lesson_or_topic,18e4b060-123e-48c1-9101-f312d8b9a696,Amazon Machine Image (AMI)
vocabulary_no_lesson_or_topic,4668df0f-f167-44d9-8ba1-49eaac299f41,commit ID
vocabulary_no_lesson_or_topic,0697408d-bb3a-4951-b3b5-cdc6f96624e8,Amazon Web Services (AWS)
vocabulary_no_lesson_or_topic,6a0ec3fe-03ef-4966-b962-b02293aa6edb,Amplify
vocabulary_no_lesson_or_topic,d3d6bee0-0e6b-434e-ac16-3cfac2ac7de2,Amplify Android
vocabulary_no_lesson_or_topic,104610d9-338e-4885-8724-e52be5a2d13c,AWS AppSync
vocabulary_no_lesson_or_topic,678c99c0-7e16-4942-9f78-b35ebc27645b,application version
vocabulary_no_lesson_or_topic,77ed5eab-f086-4bb0-9afb-9c00d439ff15,Amplify Hosting
vocabulary_no_lesson_or_topic,9fffc228-5e7f-4a82-9f1e-9e15e791dd55,Amplify iOS
vocabulary_no_lesson_or_topic,3c98a85f-ee5e-4600-8b71-a89d632451e3,CodePipeline
vocabulary_no_lesson_or_topic,71797857-64de-4e12-b300-ec1ea6015056,Amplify Studio
vocabulary_no_lesson_or_topic,c1411912-0f58-4ed0-a976-04a08989daf4,analysis rules
vocabulary_no_lesson_or_topic,c16cb34e-cb60-40d9-911a-1c9dc8f010da,analysis scheme
vocabulary_no_lesson_or_topic,d4fea1ba-60a2-412d-845d-af714cc1af59,API Gateway
vocabulary_no_lesson_or_topic,65193564-f11f-4022-9142-f9321ec38595,bootstrap action
vocabulary_no_lesson_or_topic,509832fd-2c5b-4c6c-aadc-7ae13806146b,AWS App2Container
vocabulary_no_lesson_or_topic,972d62a3-7d70-4f57-9cc4-cabef96a3a21,AWS AppConfig
vocabulary_no_lesson_or_topic,9d005190-b2e1-4a0a-96be-7b763147c652,Amazon AppFlow
vocabulary_no_lesson_or_topic,855a126f-6d75-45a9-8447-e774f364debf,Application Auto Scaling
vocabulary_no_lesson_or_topic,8d083831-854e-4081-91b8-cbe2ef1b1c24,Application Billing
vocabulary_no_lesson_or_topic,d4cc2635-3254-4a83-a58f-26beca4a39e0,Application Composer
vocabulary_no_lesson_or_topic,64db6580-d958-4d93-8238-7bc830fc4e6a,Application Cost Profiler
vocabulary_no_lesson_or_topic,1a8497c6-3c09-464f-a67f-64ac3fe2e8a2,Application Discovery Service
vocabulary_no_lesson_or_topic,615cfeba-79b5-43fd-bea2-8d052eef21c2,application revision
vocabulary_no_lesson_or_topic,a0e9bafd-b292-4dc7-8cbc-83c5175a722d,application specification file
vocabulary_no_lesson_or_topic,d7419781-4348-4990-9d9c-ed65c19c52e9,WorkSpaces Applications
vocabulary_no_lesson_or_topic,1f6be132-15f4-4db5-9bc9-42fe34be59a1,cache cluster
vocabulary_no_lesson_or_topic,a5dbbb58-ec77-427f-b3bf-1c8750ed3f14,Athena
vocabulary_no_lesson_or_topic,de73f705-1e72-4a76-8003-509daf1cd0e1,atomic counter
vocabulary_no_lesson_or_topic,7e33ccbf-9f50-4390-907c-1b2fc24f5f97,attribute
vocabulary_no_lesson_or_topic,35cf40dd-cbf2-49a9-93aa-2b1ab6eb78ac,AUC
vocabulary_no_lesson_or_topic,fd5bb9d9-8c31-40bc-8750-07c3034f1686,bounce
vocabulary_no_lesson_or_topic,d68c5436-08ff-4070-b88e-650ce1e18446,Aurora
vocabulary_no_lesson_or_topic,9b3579f0-59e3-425c-aeca-d515b7f1ddcd,authenticated encryption
vocabulary_no_lesson_or_topic,a4a7f02d-c3ac-4e5b-92a0-d4450eed3bd7,authentication
vocabulary_no_lesson_or_topic,19acc0c4-09a4-435f-98f7-b9f9a4caa570,AWS Auto Scaling
vocabulary_no_lesson_or_topic,d4aa2bc2-54ec-4a53-8eea-d42bec37eb78,cache node type
vocabulary_no_lesson_or_topic,ac4f8e81-8822-4700-b315-d56972a7f916,Oracle Cluster File System
vocabulary_no_lesson_or_topic,038f080d-50e5-4246-9a2c-e7364db009f1,back up and restore
vocabulary_no_lesson_or_topic,cddb3de3-7e45-4b60-945e-20835fb4f46b,Backint Agent
vocabulary_no_lesson_or_topic,d8f62e90-3e94-4c6d-b18a-1f2bf1f54c3c,AWS Backup
vocabulary_no_lesson_or_topic,d0b0f4f8-ccdd-477d-9b1d-3e1af488dcd8,basic monitoring
vocabulary_no_lesson_or_topic,9ac453d6-b72b-420d-8b69-47fa158dfa93,batch prediction
vocabulary_no_lesson_or_topic,a50c8a68-14c6-4e19-be7c-cdefc65a43ab,BGP ASN
vocabulary_no_lesson_or_topic,40b23ae8-c71a-4a1d-994b-02282b3a8982,Billing and Cost Management
vocabulary_no_lesson_or_topic,159aef68-d56a-4e60-86fd-b0d98df1d0ef,binary attribute
vocabulary_no_lesson_or_topic,40c0091e-d393-4b5e-a736-057c5d919ad1,bundling
vocabulary_no_lesson_or_topic,3669298e-def8-4426-8eaf-e1b34bfb54cc,Open Container Initiative
vocabulary_no_lesson_or_topic,6ec59466-404c-4769-b8c1-3757547214c6,binary classification model
vocabulary_no_lesson_or_topic,70195c71-b0ff-48be-ae9e-e22268c2214e,block
vocabulary_no_lesson_or_topic,3cc7422f-7f33-40ac-ab9d-945741a6e94e,block device
vocabulary_no_lesson_or_topic,40191a6d-85ee-4985-9fba-fb4427ae1814,block device mapping
vocabulary_no_lesson_or_topic,db962fc5-d584-4df7-a40d-13d94d49c58d,blue/green deployment
vocabulary_no_lesson_or_topic,9d198f8f-ec05-468a-88ce-38e01edede85,Braket
vocabulary_no_lesson_or_topic,3ad2919b-deaa-4828-a315-55f036fc569d,breach
vocabulary_no_lesson_or_topic,ecdb60d1-5dc3-468d-8d85-0e14e905f01a,bucket
vocabulary_no_lesson_or_topic,338bb2e8-4057-462b-9f8f-42fcbaab587a,bucket owner
vocabulary_no_lesson_or_topic,8ec72616-d3c4-4882-b750-c8efcba2a421,cache security group
vocabulary_no_lesson_or_topic,31e8cfc4-9bda-4fc4-810a-570db3fda2ec,campaign
vocabulary_no_lesson_or_topic,707b3112-84a1-496e-bc96-a398ebfaec38,canned access policy
vocabulary_no_lesson_or_topic,ce75eef7-17e7-48e6-a51c-104736e45a6a,canonicalization
vocabulary_no_lesson_or_topic,5301e163-afc8-41a1-959f-1ee72204386f,AWS CDK
vocabulary_no_lesson_or_topic,562fb176-c899-40cc-90b1-e5fd19b3f0cc,CDN
vocabulary_no_lesson_or_topic,f96e88f1-c439-43d8-8c1d-a6ae84f6964b,certificate
vocabulary_no_lesson_or_topic,48822054-71c6-4a74-a2a2-9d55a74d997d,Standalone LDAP Daemon
vocabulary_no_lesson_or_topic,a268b481-b002-414d-a65b-9e4140807b61,chargeable resources
vocabulary_no_lesson_or_topic,b36427f6-ecf0-4c09-a880-080de3053ec2,cloud service provider (CSP)
vocabulary_no_lesson_or_topic,f81cec3f-44b8-4231-a2bf-e3ef9e9c3578,Amazon Q Developer in chat applications
vocabulary_no_lesson_or_topic,d64f6387-a651-40c3-909e-cc42d7432b22,Amazon Chime
vocabulary_no_lesson_or_topic,4c7e9c33-b408-4d9d-b1a3-16e04e37839f,CIDR block
vocabulary_no_lesson_or_topic,89335b51-bf91-4036-ae8e-3981ff721ace,ciphertext
vocabulary_no_lesson_or_topic,a3acefa2-d21d-4cbf-8e2a-dd77825bb2bf,classification
vocabulary_no_lesson_or_topic,bbefbb90-1277-4307-ace1-1652cd651b62,AWS Clean Rooms
vocabulary_no_lesson_or_topic,c349fa91-1a91-475d-aec6-f77eacc74d43,environment configuration
vocabulary_no_lesson_or_topic,35d893c2-03e7-4d36-a714-b1feb0e12139,Client VPN
vocabulary_no_lesson_or_topic,377eed23-5d22-48c1-a99a-39891f89b620,AWS Cloud Control API
vocabulary_no_lesson_or_topic,6a475332-3251-42e3-a434-2e5dcad5c9d1,Cloud Directory
vocabulary_no_lesson_or_topic,4f850267-69d5-4672-ab5f-a06de28a2667,corpus
vocabulary_no_lesson_or_topic,de343db4-d767-4a53-bf4d-edf1191c9633,regression model
vocabulary_no_lesson_or_topic,5035aaa4-aa45-4f3f-8601-40e665fc4e83,AWS Cloud Map
vocabulary_no_lesson_or_topic,07764c74-0b95-4ed5-a0f7-61bb976eb9f5,AWS Cloud WAN
vocabulary_no_lesson_or_topic,ba97e89b-e97a-4629-9279-64baab5f3da6,AWS Cloud9
vocabulary_no_lesson_or_topic,6dc25183-c0ce-405c-b8bb-07e294e01d4e,CloudFormation
vocabulary_no_lesson_or_topic,42269058-4e0e-4d00-ae2e-fca07a53f1aa,CloudFront
vocabulary_no_lesson_or_topic,4c8c5219-34f7-44c2-8380-282caf0072d6,CloudHSM
vocabulary_no_lesson_or_topic,91d56035-99fe-42ee-8cb5-7ab1089a794d,CloudSearch
vocabulary_no_lesson_or_topic,a5cac38f-202c-462f-8b92-22e1d9281aa2,CloudTrail
vocabulary_no_lesson_or_topic,d4615b8f-2c92-42ac-ad0f-ed6aa13f4d79,CloudWatch
vocabulary_no_lesson_or_topic,116f5051-aee5-4b43-b850-62ea6c5aee94,CloudWatch Events
vocabulary_no_lesson_or_topic,eab191a2-5e8a-4793-9391-8446c3a07dc4,CloudWatch Logs
vocabulary_no_lesson_or_topic,a40dd974-2539-453b-909c-94fa6aea2184,Network Time Security
vocabulary_no_lesson_or_topic,54d70b82-1eab-4349-a193-07c998dad712,cluster
vocabulary_no_lesson_or_topic,5c3a9778-7c7e-48bf-bb4b-166e83992ca1,cluster compute instance
vocabulary_no_lesson_or_topic,e1a4efa8-6b09-45b7-b42e-da246a6b6f31,cluster placement group
vocabulary_no_lesson_or_topic,b944f856-4435-4d1c-9df5-c83a74197132,cluster status
vocabulary_no_lesson_or_topic,bf1e7cda-7162-4f54-afa6-2911515015e6,CNAME
vocabulary_no_lesson_or_topic,eca6ac83-7df2-4206-af17-e382e3c53c7a,CodeBuild
vocabulary_no_lesson_or_topic,464df283-2f81-4cc4-9f6c-b29ec89d3c23,CodeCommit
vocabulary_no_lesson_or_topic,ba562f47-92e4-4fb3-b452-bb1d221f3ad5,CodeDeploy
vocabulary_no_lesson_or_topic,de9c2df4-a4da-4489-84d8-4696178ff0f9,Amazon Cognito
vocabulary_no_lesson_or_topic,4e87c847-9686-456e-afb6-699ca3dc5bc5,collaboration
vocabulary_no_lesson_or_topic,c32faff5-2414-47df-a0ce-e9638a862cfb,AWS CLI
vocabulary_no_lesson_or_topic,59e49333-9f88-4aa4-83e3-cf03039b642a,complaint
vocabulary_no_lesson_or_topic,a5e8c42c-c8eb-409e-a486-1d5d6874681e,compound query
vocabulary_no_lesson_or_topic,4ee47ec2-1b11-4dd4-a87e-a0726678d283,Amazon Comprehend
vocabulary_no_lesson_or_topic,665709a5-1aed-4228-8298-66f6516636c8,Amazon Comprehend Medical
vocabulary_no_lesson_or_topic,e8475326-f6af-4168-b9a7-7c481dd582a6,continuous integration
vocabulary_no_lesson_or_topic,718b11c6-563e-4494-a9eb-36f009f5e4bb,container definition
vocabulary_no_lesson_or_topic,629ce4e1-182e-4692-aebb-5a34216706e6,continuous delivery
vocabulary_no_lesson_or_topic,f431a6b3-f719-496f-ae9c-06ad43e0b1f4,condition
vocabulary_no_lesson_or_topic,6f6a7b02-6293-41a7-bec4-e9ae165b4b01,Second Level Address Translation
vocabulary_no_lesson_or_topic,37c26571-c535-4455-93a7-b1b5f325dfd9,customer managed policy
vocabulary_no_lesson_or_topic,db0fca80-1ce0-43eb-8304-c0546e61f9ae,AWS Config
vocabulary_no_lesson_or_topic,4198bf5c-5144-424c-b1d3-b608630f1f27,configuration API
vocabulary_no_lesson_or_topic,73a80ba0-237b-48ed-bd26-54a18ea3c2ba,configuration template
vocabulary_no_lesson_or_topic,cbc0fe01-0f03-4e49-a960-90b0b453d266,Connect Customer
vocabulary_no_lesson_or_topic,83c49e25-0ff8-4d4b-9b8a-9a44768b5b61,consistency model
vocabulary_no_lesson_or_topic,785cee39-21a0-4250-9f00-5403ba9f9ef8,Console Mobile Application
vocabulary_no_lesson_or_topic,2c892f56-e840-4311-81c4-e61b6b3919da,AWS Control Tower
vocabulary_no_lesson_or_topic,434e8ba0-3d94-408e-9c23-69403bc5bab6,consolidated billing
vocabulary_no_lesson_or_topic,6f6283c6-5a0c-40d6-8639-43f4ae56c2bd,container
vocabulary_no_lesson_or_topic,126734cd-3e6c-48e3-930e-bc8c5499a68c,Docker image
vocabulary_no_lesson_or_topic,4be84b0f-e163-4292-96c6-5abc2bedb78c,customer master key (CMK)
vocabulary_no_lesson_or_topic,5f16a01a-24ed-4603-a9c8-d731c863469f,container instance
vocabulary_no_lesson_or_topic,0d1ed25f-4c7b-4b8b-b8fc-a3d3e306ef36,container registry
vocabulary_no_lesson_or_topic,15b4b5b0-cc8f-4010-9232-f80c5f0c2530,smart card
vocabulary_no_lesson_or_topic,7bef05db-e2f3-4101-8165-435ff7adf58b,content delivery network (CDN)
vocabulary_no_lesson_or_topic,2f1335bb-e792-45db-8bb8-9940f9d230bc,contextual metadata
vocabulary_no_lesson_or_topic,7c00a6a1-760f-4b55-8b06-a480c1384fed,cooldown period
vocabulary_no_lesson_or_topic,09fc95a7-e83e-4ec9-8850-1b7a186d3287,Cryptographic Computing for Clean Rooms (C3R)
vocabulary_no_lesson_or_topic,2e16e8e6-3fd0-4c2c-9625-efbd2dc5028d,AWS DeepRacer
vocabulary_no_lesson_or_topic,185d1671-09c7-4dd1-ab84-84e99c9c71b3,Nagios Remote Plugin Executor
vocabulary_no_lesson_or_topic,91d2f8d8-0986-49a6-aaf9-e84966b266a2,core node
vocabulary_no_lesson_or_topic,8c3351bf-13b0-4785-911a-b386cdc655d3,coverage
vocabulary_no_lesson_or_topic,2db2c9c0-7d0b-4d8d-9023-b26715df987e,credential helper
vocabulary_no_lesson_or_topic,483b4b97-1e42-442a-83e3-30b3ea7279b3,Internet Relay Chat
vocabulary_no_lesson_or_topic,f9211ba2-eadf-449f-8406-eb284f6d0119,cross-account access
vocabulary_no_lesson_or_topic,86090ec7-98ff-4aa3-8896-c85b77d8f642,cross-Region replication
vocabulary_no_lesson_or_topic,b94e59bd-703b-4010-9dfe-537f4feb7598,Dedicated Instance
vocabulary_no_lesson_or_topic,8bf372a4-7406-4c8e-a00c-bf3f1434803a,customer gateway
vocabulary_no_lesson_or_topic,b867e1ef-ea83-4d78-9ed3-907c930a9d16,data consistency
vocabulary_no_lesson_or_topic,0c61d157-be4c-4d89-8f0a-14f022287e33,AWS Data Exchange
vocabulary_no_lesson_or_topic,5cc739b1-e3ff-419e-a824-54a3f54445c8,Amazon Data Lifecycle Manager
vocabulary_no_lesson_or_topic,63e5093f-f0b1-4cfe-9724-0ef75c4fae72,data node
vocabulary_no_lesson_or_topic,33c13e9f-e009-4b52-a15a-a8aa8e037a15,Data Pipeline
vocabulary_no_lesson_or_topic,35bc8cb0-9301-464d-8593-cd85ee734944,DB instance identifier
vocabulary_no_lesson_or_topic,4c29da9d-e533-42e8-a7ac-a8e38f880e6d,Online Certificate Status Protocol
vocabulary_no_lesson_or_topic,cbb5d4ed-81cf-4084-ab4c-226a09aefcfc,data source
vocabulary_no_lesson_or_topic,87eef216-06ec-484a-9548-b032a5c7e501,database engine
vocabulary_no_lesson_or_topic,52ca8669-8a8b-4398-98d9-826ef82d4bd8,Description property
vocabulary_no_lesson_or_topic,d9e73568-4e47-44dc-a615-963d65b1a87e,database name
vocabulary_no_lesson_or_topic,45eb3b93-1b72-4b51-a918-5c872e7f98f5,dataset
vocabulary_no_lesson_or_topic,06993603-3e34-4da4-aeff-d66ef4cbba92,AWS DeepComposer
vocabulary_no_lesson_or_topic,257a2e33-1937-4b74-a7ea-287ff2a2b667,dataset group
vocabulary_no_lesson_or_topic,c26484d4-2873-46f4-9fda-7273d5ca95a2,datasource
vocabulary_no_lesson_or_topic,e40c4532-50f9-4236-a835-bb7d1cfe0afa,DataSync
vocabulary_no_lesson_or_topic,72b751b1-fe78-40de-976b-73de98d73cc7,DB compute class
vocabulary_no_lesson_or_topic,0d7a7157-f4bc-41cf-a284-357fbc76ae04,DB security group
vocabulary_no_lesson_or_topic,8717a2e4-52a2-4ece-a32d-76591efb8d71,DB snapshot
vocabulary_no_lesson_or_topic,ca889a82-fe6f-4c2c-914c-d443d1bcaf65,dedicated master node
vocabulary_no_lesson_or_topic,a59add4b-93c2-4e75-afa9-124ffccca079,Dedicated Reserved Instance
vocabulary_no_lesson_or_topic,0333d746-ef73-435e-bdfe-79513cdd3c4d,AWS DeepLens
vocabulary_no_lesson_or_topic,462bb7d1-5407-4f76-b5b9-4a0304750b1c,delegation
vocabulary_no_lesson_or_topic,304e9a14-3081-4fd2-abf0-4a073298f691,delete marker
vocabulary_no_lesson_or_topic,d7b77bd2-840b-4f8f-952d-5e95f6c3764b,deliverability
vocabulary_no_lesson_or_topic,2f3d1d00-6d6d-4e59-9309-4ed511e9f651,deliveries
vocabulary_no_lesson_or_topic,60aa7983-cba2-4c08-9114-220a17c4bc49,deny
vocabulary_no_lesson_or_topic,a1cc0551-b166-430b-aba9-deadbbb18d4c,deployment configuration
vocabulary_no_lesson_or_topic,f7a122bf-aa2c-4939-9f1b-85c370bf4828,deployment group
vocabulary_no_lesson_or_topic,51a14b29-134c-4380-9464-045a467eb94d,AWS Elemental MediaTailor
vocabulary_no_lesson_or_topic,b39a3688-c2e2-4bd4-8b35-a7c6d55b9df6,Detective
vocabulary_no_lesson_or_topic,753d7f95-7c64-44cb-8766-2ea0cfaf8c33,Device Farm
vocabulary_no_lesson_or_topic,a79a5e4c-6e05-4045-b1a8-005e3ff2cb60,Server Message Block
vocabulary_no_lesson_or_topic,8773e9b1-9679-4f7a-bb1e-2544234e5f35,Amazon DevOps Guru
vocabulary_no_lesson_or_topic,6918a2a5-4721-44d7-b5e8-6282dfb7fe44,dimension
vocabulary_no_lesson_or_topic,409e31f7-3282-42ec-9023-948bd1c9897a,Direct Connect
vocabulary_no_lesson_or_topic,2db247cd-75da-4a27-b3d7-da5cef911ac1,Directory Service
vocabulary_no_lesson_or_topic,12eec8ff-da98-4429-a223-1be1b49ab26c,discussion forums
vocabulary_no_lesson_or_topic,8cf731ac-e4be-48b3-9f37-849d3521260b,DKIM
vocabulary_no_lesson_or_topic,dcea0be4-41b7-4ee9-ae17-12150bfe6ae1,AWS DMS
vocabulary_no_lesson_or_topic,8de9f6e6-9e02-455c-9744-75e0a9b988e9,document batch
vocabulary_no_lesson_or_topic,3294b8f0-ecf1-4f17-9e2d-0aaee5b00daa,document service API
vocabulary_no_lesson_or_topic,1577c331-d457-4133-9c4a-fe80e4ee2171,document service endpoint
vocabulary_no_lesson_or_topic,d0f6381e-5d91-46d4-b8be-36701fe3e19e,Amazon DocumentDB
vocabulary_no_lesson_or_topic,1ed0dcef-4386-4fe7-bad1-4199ecb688c4,domain
vocabulary_no_lesson_or_topic,cf48a6ee-8d43-47b2-bf88-f65e4aa15f77,Domain Name System
vocabulary_no_lesson_or_topic,e32d2635-c92a-435f-b626-52a805c06c1b,Donation button
vocabulary_no_lesson_or_topic,d0cfbe7a-495f-4ad7-8a20-251a792444ae,DynamoDB
vocabulary_no_lesson_or_topic,9aa2ca22-18b4-4d72-bce2-8fbe89a79377,Amazon DynamoDB Storage Backend for Titan
vocabulary_no_lesson_or_topic,3fc5ff33-f137-4bea-9ae4-994890ffd561,DynamoDB Streams
vocabulary_no_lesson_or_topic,9044a67e-e6f1-4bef-b8e6-827d93220d20,Amazon EBS
vocabulary_no_lesson_or_topic,4cd9df31-4d33-430c-9176-73115e95697b,Short Message Service
vocabulary_no_lesson_or_topic,4f302a85-a75f-4aac-acf7-27c5a245d0dc,Amazon EBS-backed AMI
vocabulary_no_lesson_or_topic,0d5cad03-0ed5-458f-99da-a91ade4b50cc,Amazon EC2
vocabulary_no_lesson_or_topic,edafb221-7f61-419b-ad59-d8128bbc67bc,Amazon EC2 Auto Scaling
vocabulary_no_lesson_or_topic,bf22c9fe-7ad7-4f4e-bcbd-dfbf0182346f,EC2 instance
vocabulary_no_lesson_or_topic,ef4e15e0-d72e-4352-a4b9-10b6362cec9f,Amazon ECR
vocabulary_no_lesson_or_topic,2ea93b89-0476-468e-a13b-72b61a962315,Amazon ECS
vocabulary_no_lesson_or_topic,53985a64-babf-4e26-a2fd-e415f9c91fc7,ELB
vocabulary_no_lesson_or_topic,4008981f-3682-4c4a-afc9-bda2142264c5,edge location
vocabulary_no_lesson_or_topic,9041130f-68bb-47e0-b2c6-491ae2476289,Amazon EFS
vocabulary_no_lesson_or_topic,694523a4-803b-461a-968f-2d1d81980b3b,Amazon EKS
vocabulary_no_lesson_or_topic,570e0386-1d5b-4f61-b33a-08d9eb3d3593,evaluation datasource
vocabulary_no_lesson_or_topic,e3a8d2ac-3254-4ddd-a2ea-dd1565220996,Simple Mail Transfer Protocol
vocabulary_no_lesson_or_topic,a69b3f96-b40c-447b-ab41-f5114e3629cb,Elastic
vocabulary_no_lesson_or_topic,8b554d15-0c51-4302-a9e0-ec0838c3cfe1,Elastic Beanstalk
vocabulary_no_lesson_or_topic,8a82c3bc-1eef-4085-affd-90194b69d528,Elastic Inference
vocabulary_no_lesson_or_topic,794966be-cff0-4730-b802-a1339ea262c9,Elastic IP address
vocabulary_no_lesson_or_topic,00a82396-3405-47ed-810f-55bee38ebd17,elastic network interface
vocabulary_no_lesson_or_topic,f0d88041-8a80-444d-b5b9-2beb1e0da12b,Add-ons
vocabulary_no_lesson_or_topic,f10ff921-19c3-47e3-b0e8-22fe2863f1b9,Elastic Transcoder
vocabulary_no_lesson_or_topic,39206294-159d-4688-8e62-56b61c6e55a4,HealthLake
vocabulary_no_lesson_or_topic,95436b66-394a-42d4-9eb4-699f3da962f8,Fault Injection Simulator (AWS FIS)
vocabulary_no_lesson_or_topic,f297b822-8fa5-4b7b-ae09-4bcc7f60c314,ElastiCache
vocabulary_no_lesson_or_topic,034ce0a6-9e00-40f1-a06f-1fb03bdef520,Elasticsearch
vocabulary_no_lesson_or_topic,edf5041c-aed8-43eb-a11f-f5e7879d0be1,AWS Elemental MediaConnect
vocabulary_no_lesson_or_topic,586fa08b-e371-4e6b-afc7-24761da61c48,AWS Elemental MediaConvert
vocabulary_no_lesson_or_topic,b61b72bc-463d-4be2-9c8f-bf653d84047a,AWS Elemental MediaLive
vocabulary_no_lesson_or_topic,6c59c915-dd5e-456e-8f41-1f9044e72552,AWS Elemental MediaPackage
vocabulary_no_lesson_or_topic,238846e5-d6bf-462e-96ef-51f581a1f3a9,AWS Elemental MediaStore
vocabulary_no_lesson_or_topic,25b435c5-188d-476a-9e4f-9cc7c19d90bb,epoch
vocabulary_no_lesson_or_topic,0c11a569-ed0a-4d25-8947-9face27b2662,EMP
vocabulary_no_lesson_or_topic,a9270949-f9e8-40db-8269-ab8b9f2f3b10,evaluation
vocabulary_no_lesson_or_topic,2642e6e7-66a4-46ff-b905-3c01969792ac,Amazon EMR
vocabulary_no_lesson_or_topic,4fde2a24-f76d-43ab-bb3e-9bc6c1cb1ebc,encrypt
vocabulary_no_lesson_or_topic,a25c245d-ff3d-4321-b221-f6ecda9edac4,encryption context
vocabulary_no_lesson_or_topic,1758ebdc-4e73-4175-a48d-9138a5a290c5,AWS Encryption SDK
vocabulary_no_lesson_or_topic,dfea1941-0df3-4be5-86f2-bdca5c2fd368,OpenLDAP
vocabulary_no_lesson_or_topic,5dcca1d9-21e0-4481-9f5d-988c59b61162,endpoint port
vocabulary_no_lesson_or_topic,e060577e-daad-4b8e-9c5d-a6fe5d9e1b83,envelope encryption
vocabulary_no_lesson_or_topic,4c19530a-3baf-40f5-bbc0-5bb9d564f527,event
vocabulary_no_lesson_or_topic,438e8c24-a662-4511-942d-87fc69b94aec,event tracker
vocabulary_no_lesson_or_topic,3229c6f1-f321-4b65-8a31-48c361e64541,EventBridge
vocabulary_no_lesson_or_topic,346bf09a-32ee-42af-9250-06dba5ba557f,Forecast
vocabulary_no_lesson_or_topic,556ff693-c222-4c6f-ab30-9258a93bbf8d,eventual consistency
vocabulary_no_lesson_or_topic,77688cbf-6efd-499f-98c8-dccfaaa2831d,eventually consistent read
vocabulary_no_lesson_or_topic,cb4f5338-5f4f-46e7-b2b1-984b1d0978fb,eviction
vocabulary_no_lesson_or_topic,330a2a97-568f-4f6d-ae71-72c8afe6d156,exbibyte (EiB)
vocabulary_no_lesson_or_topic,11ec831f-e07c-4256-93e5-45d00ed771cf,hardware VPN
vocabulary_no_lesson_or_topic,c807b1bc-f179-45c8-a7c5-51b315368ec0,highlight enabled
vocabulary_no_lesson_or_topic,49ee5681-a8ff-496f-9c89-f829c10c4cf9,SMTP Secure
vocabulary_no_lesson_or_topic,871a277c-e460-47a8-9e04-392436670782,AWS Fargate
vocabulary_no_lesson_or_topic,a2361cad-b281-4a11-99ae-444acdab0078,expiration
vocabulary_no_lesson_or_topic,c6869f14-572c-4050-973a-203e822596ca,fuzzy search
vocabulary_no_lesson_or_topic,2f5bc052-cc64-42e6-a8b1-a5172da0e408,explicit impressions
vocabulary_no_lesson_or_topic,bd8c3949-ffd1-4291-8589-ae4d09ff1a69,explicit launch permission
vocabulary_no_lesson_or_topic,a2d31159-fcac-4eae-bdc1-5970d7f43943,exponential backoff
vocabulary_no_lesson_or_topic,34bec28b-353a-4cfd-8434-78ba2baa686c,expression
vocabulary_no_lesson_or_topic,943e508e-d888-415a-9ac0-43eca6c0eaae,"extract, transform, and load (ETL)"
vocabulary_no_lesson_or_topic,44b889b2-81a2-4658-b8f4-4245d3b2ea6c,facet
vocabulary_no_lesson_or_topic,ed7ae6ad-e43b-425e-9245-f8c78ab49a94,facet enabled
vocabulary_no_lesson_or_topic,6caa214f-a74b-4270-a41f-29e9985c24b7,AWS Health
vocabulary_no_lesson_or_topic,06627768-7d32-4aa8-8074-1ff80a830f78,GameKit
vocabulary_no_lesson_or_topic,13a283e5-820d-45de-8539-3025a29f9a19,feature transformation
vocabulary_no_lesson_or_topic,6e963daa-8eaa-4d5d-837e-b3a5e9e9138c,federated identity management (FIM)
vocabulary_no_lesson_or_topic,bccca570-64cd-4b10-8180-b38b1873b903,feedback loop (FBL)
vocabulary_no_lesson_or_topic,7f28749d-44ac-4d2f-b8a0-bf2b483d319c,field weight
vocabulary_no_lesson_or_topic,f5b71489-464c-46a1-9240-a81526327997,filter
vocabulary_no_lesson_or_topic,29c8db95-1d7c-469f-bea2-df92ed248ab4,filter query
vocabulary_no_lesson_or_topic,76557505-a267-40ec-9b1c-ffd4d84ca5da,FinSpace
vocabulary_no_lesson_or_topic,df9df606-5212-411d-bece-9bf7f9e4cb6e,Firewall Manager
vocabulary_no_lesson_or_topic,cc4da576-bff4-4c0c-9243-31623470ff5a,Public Key Infrastructure
vocabulary_no_lesson_or_topic,08b6e1f2-41f2-4b1e-8849-1c939f87beef,Amazon GameLift Servers
vocabulary_no_lesson_or_topic,270c394c-fd7c-4ddf-a33d-a9e89932c65e,GameSparks
vocabulary_no_lesson_or_topic,84a0a579-afe8-40ff-bb49-cccd6e44eb64,geospatial search
vocabulary_no_lesson_or_topic,cf6e532a-a770-4706-92cf-612d2d917d0c,gibibyte (GiB)
vocabulary_no_lesson_or_topic,18cb504a-0c94-411e-af21-2c5361a6586e,GitHub
vocabulary_no_lesson_or_topic,b58528eb-0c24-4511-b5b5-319ce7fdd4df,Global Accelerator
vocabulary_no_lesson_or_topic,45d4f16a-73e6-4c2b-b91c-846e13659097,global consistency
vocabulary_no_lesson_or_topic,b6fbc8a6-5210-4c8c-8fdf-f59118e9d053,global secondary index
vocabulary_no_lesson_or_topic,66294389-6ff6-4813-8b4a-3ea2507ec8cc,Image Builder
vocabulary_no_lesson_or_topic,51483c26-2a9d-4160-b560-c2d385480112,AWS Glue
vocabulary_no_lesson_or_topic,1c515d96-f705-4fe1-9ccc-29bb4d4278c4,AWS GovCloud (US)
vocabulary_no_lesson_or_topic,31c8d286-4778-43f2-8411-d52f48d6a3c6,grant
vocabulary_no_lesson_or_topic,528ebb25-f583-4b63-bb1c-4cb6589ea84b,grant token
vocabulary_no_lesson_or_topic,77af80a9-008f-42c3-97f9-6fe4b9005a71,ground truth
vocabulary_no_lesson_or_topic,fc5374c3-3fbe-45e2-87ff-187783e940c1,GuardDuty
vocabulary_no_lesson_or_topic,1c45d2d5-6b5c-4a58-aaf4-6edb27517768,Hadoop
vocabulary_no_lesson_or_topic,98229a01-c2cf-4dda-b698-aef98385b53e,hard bounce
vocabulary_no_lesson_or_topic,d80e06be-7775-4863-8ac5-45ed51ccc57c,high-quality email
vocabulary_no_lesson_or_topic,efb15efb-0fce-4352-acae-a9297a70395c,hit
vocabulary_no_lesson_or_topic,5f1d3e58-bcca-41a6-a334-7c3417e170a7,Non-Uniform Memory Access
vocabulary_no_lesson_or_topic,6e143900-8e97-4303-8841-4b34b4b11a5e,input data
vocabulary_no_lesson_or_topic,7892162a-4ff6-4246-b62f-56a57f87a659,HMAC
vocabulary_no_lesson_or_topic,7fc4131b-6daa-40c4-97be-f82a6dc8cd2d,hosted zone
vocabulary_no_lesson_or_topic,69b52a3d-97dc-43be-8ce3-7ca48071fff7,hot standby
vocabulary_no_lesson_or_topic,d2040010-b016-46a5-b9b6-acdc3fa0c2cf,HRNN
vocabulary_no_lesson_or_topic,4be893bd-fc82-4506-a6ba-4a66f2a74b07,HVM virtualization
vocabulary_no_lesson_or_topic,83fbe39d-a294-4944-9d04-8a977b71e851,IAM
vocabulary_no_lesson_or_topic,c736582b-0a77-4eaf-84df-e7043f68eae7,index field
vocabulary_no_lesson_or_topic,dfdc99a9-48b7-495a-a64a-694927e4591e,IAM Access Analyzer
vocabulary_no_lesson_or_topic,b7131ae2-4a62-446f-81c2-1102b8cfb3d0,AWS IoT Greengrass
vocabulary_no_lesson_or_topic,65ef8a6e-1a36-4287-8b50-0daa0a8ab06c,internet service provider (ISP)
vocabulary_no_lesson_or_topic,f832eb49-6b0a-4a97-97f5-b27229025ad0,IAM Identity Center
vocabulary_no_lesson_or_topic,c1857200-18ec-4c7e-b36a-95a31517e3dd,implicit impressions
vocabulary_no_lesson_or_topic,c663b7ee-b905-4505-acdd-a9235ae1c565,import log
vocabulary_no_lesson_or_topic,539c7fbb-fe56-4f95-8f20-252346d7241f,Import/Export
vocabulary_no_lesson_or_topic,e416578f-4e2b-43ed-9d10-e255e32eb2a3,import/export station
vocabulary_no_lesson_or_topic,eba604d6-d0dc-41f6-a939-f59a63013405,impressions data
vocabulary_no_lesson_or_topic,a664e60c-a659-4a4b-ba71-1aa60a982a4c,master node
vocabulary_no_lesson_or_topic,dce85bf8-0591-4744-be55-48da4e221146,indexing options
vocabulary_no_lesson_or_topic,77c524c6-e131-444e-ab3b-a7cedb147760,inline policy
vocabulary_no_lesson_or_topic,d788e503-60e9-4ba1-8eb2-bfe0d15dadec,in-place deployment
vocabulary_no_lesson_or_topic,e6b00fa9-a0f7-498a-894d-9fa284a797c0,GNU Debugger
vocabulary_no_lesson_or_topic,f32a393a-4e65-46f8-8b5f-cfd6d06654a0,Amazon Inspector
vocabulary_no_lesson_or_topic,3e0052c7-d2f4-447d-8d76-83e717b308d8,instance family
vocabulary_no_lesson_or_topic,ef1955dc-e4dc-42b9-a779-0db8172a1ec2,instance group
vocabulary_no_lesson_or_topic,e9c69af3-895e-4788-b7be-14c70472786c,instance profile
vocabulary_no_lesson_or_topic,0506bb1c-afa0-488a-908f-9ce507e70359,instance store
vocabulary_no_lesson_or_topic,40a0d2c4-64f8-4f4a-97e2-957acc6f954c,instance store-backed AMI
vocabulary_no_lesson_or_topic,7b19bbcf-d8dc-4965-8fea-bfb45e590c75,instance type
vocabulary_no_lesson_or_topic,0a0bbd7a-8a12-47d1-b998-23e516b1af61,micro instance
vocabulary_no_lesson_or_topic,921bbc90-6e93-4f37-94f2-64f1ede2c19a,AWS IoT RoboRunner
vocabulary_no_lesson_or_topic,4e3b9992-78fa-474d-9019-98fa45f663d2,Interactions dataset
vocabulary_no_lesson_or_topic,ba6775ce-146f-4044-b895-2c18f7c77193,internet gateway
vocabulary_no_lesson_or_topic,12a8ec8a-5191-4886-b496-ae87e97f0fb5,pluggable
vocabulary_no_lesson_or_topic,8053c25a-bc4c-42f7-9f08-490cef8d8705,intrinsic function
vocabulary_no_lesson_or_topic,d0260d7a-680c-4884-810e-e206ad15b8a6,Nvidia
vocabulary_no_lesson_or_topic,25742bba-fc51-4d5e-b290-44feee35dd2a,AWS IoT 1-Click
vocabulary_no_lesson_or_topic,2eb10bd4-bd6b-46f7-969d-b7d46eb440a3,AWS IoT Analytics
vocabulary_no_lesson_or_topic,c5d48a90-af19-48c0-a53b-317ebe01b935,AWS IoT Core
vocabulary_no_lesson_or_topic,28045e7c-78f9-4cd9-bfaa-ed0a6c6abc31,AWS IoT Device Defender
vocabulary_no_lesson_or_topic,88a6cc06-cb59-45f3-958a-37be079f3ea1,AWS IoT Device Management
vocabulary_no_lesson_or_topic,b93e4d56-c4e5-45e0-a42a-de22c9c16995,AWS IoT Events
vocabulary_no_lesson_or_topic,a75d0ec6-e014-4291-bcb7-ed1be28f8231,AWS IoT FleetWise
vocabulary_no_lesson_or_topic,4a5767a0-69bb-40d7-b980-b01bc4d2a601,Open Smart Card
vocabulary_no_lesson_or_topic,85e50e22-2319-4b70-b0c7-9374b37f7c50,AWS IoT SiteWise
vocabulary_no_lesson_or_topic,a9437340-9b6f-471d-9872-c4aa708c2025,AWS IoT Things Graph
vocabulary_no_lesson_or_topic,cd90040c-d311-4022-86e6-551cc78cb672,Poll Mode Driver
vocabulary_no_lesson_or_topic,a59d447b-0a83-4718-9be6-3b92fdfb21c3,IP address
vocabulary_no_lesson_or_topic,c492805a-5d13-49b1-972d-c9a50a9caa76,JSON
vocabulary_no_lesson_or_topic,7d39f648-ceb6-4e70-9e6d-36bdf54faeac,IP match condition
vocabulary_no_lesson_or_topic,dcdd8f14-a4e4-447d-a154-f24a9c9395cc,AWS IQ
vocabulary_no_lesson_or_topic,532751e1-1c56-421e-868b-97b015999c69,issuer
vocabulary_no_lesson_or_topic,4289d551-3a99-4b34-af94-54297ad82632,item
vocabulary_no_lesson_or_topic,6b20beef-db21-4f41-9fe1-9821357b642d,sort enabled
vocabulary_no_lesson_or_topic,6f1a1650-efdf-4c5d-9082-640fbc5b9045,item exploration
vocabulary_no_lesson_or_topic,83e54642-70a4-468c-9742-a896515f662a,Snap
vocabulary_no_lesson_or_topic,aeb93574-9cc3-4cc3-b67c-0efa3e22e7bf,primary key
vocabulary_no_lesson_or_topic,404b0229-741a-4384-9a28-3b3c9ab08ad5,item-to-item similarities (SIMS) recipe
vocabulary_no_lesson_or_topic,c193f83b-b371-43fb-935f-a3bed56bd63f,job flow
vocabulary_no_lesson_or_topic,7f7ad793-cb8a-4666-9133-e620113db000,job ID
vocabulary_no_lesson_or_topic,e48c82cd-ef21-456e-9061-cf5c98510b5c,job prefix
vocabulary_no_lesson_or_topic,1ca5a16b-9b54-4922-afc4-0ab0aa714b89,junk folder
vocabulary_no_lesson_or_topic,b1f03f6d-5cc9-48ea-82bd-c27603f5d976,Amazon Kendra
vocabulary_no_lesson_or_topic,86c780b7-d147-4a9e-8429-34cc5e5044e2,key
vocabulary_no_lesson_or_topic,c9e7a584-5d22-4107-855b-9dd2fe902fa5,key pair
vocabulary_no_lesson_or_topic,6e4bc4c9-6c70-471c-9035-9170716a2c45,key prefix
vocabulary_no_lesson_or_topic,141b7318-68b7-40ba-b809-4f0ed3628219,Amazon Keyspaces
vocabulary_no_lesson_or_topic,5bbb7589-a6a1-4510-89c8-affb94adfd7a,kibibyte (KiB)
vocabulary_no_lesson_or_topic,a64e90aa-f7c4-4a0f-803a-77c8f5230691,Kinesis
vocabulary_no_lesson_or_topic,e1012099-af85-404f-8dbf-e06861b26d5b,Kinesis Data Streams
vocabulary_no_lesson_or_topic,df395047-769b-4185-a3a9-1269f9066555,AWS KMS
vocabulary_no_lesson_or_topic,df1173f1-c136-4faa-a623-d2aa8a8a8633,KMS key
vocabulary_no_lesson_or_topic,1f07094e-70dd-4e3f-a83b-a6925b5af48e,labeled data
vocabulary_no_lesson_or_topic,bf1295b6-6ed2-476b-8491-5f1538ae2880,Lake Formation
vocabulary_no_lesson_or_topic,0f93fd16-1dce-4f65-9fcd-80db14e170c4,Lambda
vocabulary_no_lesson_or_topic,a62b096f-04f4-46c1-807c-02d728534846,Managed Blockchain
vocabulary_no_lesson_or_topic,93e7a4f9-b0d5-4730-b7f3-d07140d2c79d,launch configuration
vocabulary_no_lesson_or_topic,748d089b-14ad-4085-9fcc-6b4509990b24,launch permission
vocabulary_no_lesson_or_topic,cedc9af7-72cd-42b9-b185-29436ebcdcfd,Launch Wizard
vocabulary_no_lesson_or_topic,1c5add97-b7d7-41ed-92d2-53a686b944cf,Amazon Lex
vocabulary_no_lesson_or_topic,8ec558ed-e2a7-408e-8802-bc1394c91c0c,lifecycle
vocabulary_no_lesson_or_topic,6dd71188-47fc-4962-bd60-b67489508757,lifecycle action
vocabulary_no_lesson_or_topic,b04f3d9b-1386-4d84-9182-b45cfd7c2301,SPF
vocabulary_no_lesson_or_topic,dfccc610-f44a-4d15-b920-287cb31d37dc,lifecycle hook
vocabulary_no_lesson_or_topic,036ca712-dc95-401e-a2a8-f0eba2d6f7fd,Lightsail
vocabulary_no_lesson_or_topic,7f025a27-5752-4542-8dad-49077b909d88,local secondary index
vocabulary_no_lesson_or_topic,40bf8b2a-f9ea-4c1a-af68-cdc45919b2e9,Amazon Location
vocabulary_no_lesson_or_topic,bf14dfc5-e1bf-458c-a2e9-a2473613d2cb,mapping
vocabulary_no_lesson_or_topic,beac3746-9734-4798-8f20-6fad4d3051c5,logical name
vocabulary_no_lesson_or_topic,181e28ab-241e-4158-bb5a-6a32e0db422f,Host Bus Adapter
vocabulary_no_lesson_or_topic,26006555-4684-4456-9b8f-0736c7ea8f38,Lookout for Equipment
vocabulary_no_lesson_or_topic,6e8c9add-932a-4127-8405-5dd15fbdcca4,Lookout for Metrics
vocabulary_no_lesson_or_topic,804ff0d9-f67a-41de-a441-c16946364269,AWS Management Console
vocabulary_no_lesson_or_topic,e8325816-3233-4d45-82ac-7fa5280315cf,Multipurpose Internet Mail Extensions (MIME)
vocabulary_no_lesson_or_topic,bbd2c49f-0ccd-4a04-bd7d-3d1f88051d1d,Lookout for Vision
vocabulary_no_lesson_or_topic,424234fb-59dd-48ee-ba4e-e5fefd34d075,Macie
vocabulary_no_lesson_or_topic,783bbc59-7e6b-41f6-9aac-0f0996a11010,Mail Transfer Agent (MTA)
vocabulary_no_lesson_or_topic,03d8ff9f-5bf5-4b0a-a821-bd06447d0b1a,mailbox provider
vocabulary_no_lesson_or_topic,932823aa-ef9f-419a-bf15-f77bf5c068db,mailbox simulator
vocabulary_no_lesson_or_topic,6e8c68c2-f9f3-4318-96bd-c9fb615a0555,main route table
vocabulary_no_lesson_or_topic,9bd141d1-56a2-4faf-b7bc-5fec5aa72d70,AWS Mainframe Modernization
vocabulary_no_lesson_or_topic,48d70778-9dec-42d6-9726-961b063ce993,Amazon Managed Grafana
vocabulary_no_lesson_or_topic,762e58d0-df60-43dc-9d5f-ab2a87a88f42,managed policy
vocabulary_no_lesson_or_topic,2cfb03aa-44b7-4d35-aa2d-b22226b7e929,AWS managed policy
vocabulary_no_lesson_or_topic,09c8ced2-6b7f-42f2-aad4-6d5272021285,Amazon Managed Service for Prometheus
vocabulary_no_lesson_or_topic,8c66b674-63cb-4820-98d8-934a96005b7a,management portal
vocabulary_no_lesson_or_topic,48925b77-45f9-4afe-9afa-babecd81243f,manifest
vocabulary_no_lesson_or_topic,e23d5c9c-621b-44b7-a349-44f6ccb15be8,manifest file
vocabulary_no_lesson_or_topic,502bd900-d261-4876-926a-e872d60220f1,AWS Marketplace
vocabulary_no_lesson_or_topic,7ee04757-0a52-4c37-8e9a-5715357c3cd8,maximum price
vocabulary_no_lesson_or_topic,7cc43ffb-d2c4-4f45-9c55-7029ebfe92fe,maximum send rate
vocabulary_no_lesson_or_topic,644f1e62-19b3-4f9b-a62a-82a8053bc118,snapd
vocabulary_no_lesson_or_topic,6bb78ce8-276d-4c67-a874-96cf0bc5ef94,mean reciprocal rank at 25
vocabulary_no_lesson_or_topic,200a40ad-43ec-45d0-ac17-783d343eb80d,mebibyte (MiB)
vocabulary_no_lesson_or_topic,cb27f86a-308c-403e-a835-a70d380275ff,multipart upload
vocabulary_no_lesson_or_topic,d8a96e75-3f5b-42c8-bb31-bea6e731a9c0,MemoryDB
vocabulary_no_lesson_or_topic,ac4cca19-f616-43d2-89c8-540423511354,message ID
vocabulary_no_lesson_or_topic,63d0a365-4285-4f88-9a1e-48a44aef81c0,systemctl
vocabulary_no_lesson_or_topic,fe93f3e1-9fb8-44ca-a60a-043836bc145e,metric
vocabulary_no_lesson_or_topic,b1200e85-e9af-41fa-a83a-c9902a83164c,metric name
vocabulary_no_lesson_or_topic,b1756050-cd8a-4b31-82eb-a37e6369f1c1,metrics
vocabulary_no_lesson_or_topic,f0b35ac0-a853-46d7-b42d-acb740effc0a,AWS Microservice Extractor for .NET
vocabulary_no_lesson_or_topic,08da602a-ef4f-43b1-b434-c0ddf0913165,snapshot
vocabulary_no_lesson_or_topic,808f7e33-1e07-4391-a97e-7f21e5eeba6c,Migration Hub
vocabulary_no_lesson_or_topic,5dd32fab-fb89-43e7-96fe-b6a46c01c7a7,Amazon ML
vocabulary_no_lesson_or_topic,e26a60c2-a3f4-43d2-bbb2-95f43136d702,ML model
vocabulary_no_lesson_or_topic,80f29520-b7ab-4ace-83b9-bcbc5b4a5548,Mobile Analytics
vocabulary_no_lesson_or_topic,1bb7e460-6cbc-4cc1-ae3d-ada67ead1a1a,Amazon Monitron
vocabulary_no_lesson_or_topic,7eba7592-a7d1-4600-9559-62bfccc75df1,Amazon MQ
vocabulary_no_lesson_or_topic,7ab16642-a856-44de-9877-cbf4688dcdd9,SSL
vocabulary_no_lesson_or_topic,a430324c-0774-4b5c-a226-a935569c4a04,iSCSI Qualified Name
vocabulary_no_lesson_or_topic,ab5f990c-8324-44b6-9178-8050c6d3d766,multiclass classification model
vocabulary_no_lesson_or_topic,7d99feea-ec8b-4737-9d34-4ec1e07ceb03,multi-factor authentication (MFA)
vocabulary_no_lesson_or_topic,5655c236-10a6-4199-a102-d7b96465c137,Multitool
vocabulary_no_lesson_or_topic,7d3106e2-3b4b-4b22-a812-d32293aebd90,multi-valued attribute
vocabulary_no_lesson_or_topic,e83743df-cd47-44ac-a7eb-5d182c2762b9,Amazon MWAA
vocabulary_no_lesson_or_topic,618b094f-1e70-40dc-aa12-84d5a58a65f3,namespace
vocabulary_no_lesson_or_topic,adec0640-8ef4-44a8-8bae-7d0a514b2e85,null object
vocabulary_no_lesson_or_topic,3cba5acf-4859-429c-9d23-72afc35a52bd,NAT
vocabulary_no_lesson_or_topic,2b4fa0c4-0b56-48a7-aff9-5553c1f88f6d,NAT gateway
vocabulary_no_lesson_or_topic,6cf7a06d-9461-45e1-99fb-77187849e792,NAT instance
vocabulary_no_lesson_or_topic,3072b4cf-4c60-43b9-8c7c-80b537136f65,Provisioned IOPS
vocabulary_no_lesson_or_topic,398caa40-7507-4bd8-9972-7f588ee84deb,Neptune
vocabulary_no_lesson_or_topic,68642440-2f11-4182-bb79-dbef285d8712,network ACL
vocabulary_no_lesson_or_topic,8bfa1719-da4c-4537-9afd-ed88e3e40f3d,Network Address Translation and Protocol Translation
vocabulary_no_lesson_or_topic,d5b96526-91aa-4944-8897-8cd6dc1e2a20,return enabled
vocabulary_no_lesson_or_topic,45b938ba-9860-4fff-b95e-b76229edf790,Network Firewall
vocabulary_no_lesson_or_topic,df9015b2-d352-4ede-9bc9-b6e62721e8e9,n-gram processor
vocabulary_no_lesson_or_topic,e34b5d11-19eb-4732-b01b-acd67bf0588c,number of passes
vocabulary_no_lesson_or_topic,3413c59f-cbd1-41ce-b07d-9a61606cf2d5,Systemd
vocabulary_no_lesson_or_topic,efc37bda-c0a2-4a47-b219-48c6e888ae66,n-gram transformation
vocabulary_no_lesson_or_topic,2fd5b04f-8323-4b3a-8a81-8db661b02419,NICE Desktop Cloud Visualization
vocabulary_no_lesson_or_topic,9993b13f-9a78-441a-87c0-e48f8f64f05e,Nimble Studio
vocabulary_no_lesson_or_topic,bb6f4db3-418c-4e4c-b3e2-1aff6b8a3f34,NoEcho
vocabulary_no_lesson_or_topic,12e47546-a742-4a41-ad6c-73d740726cd6,physical name
vocabulary_no_lesson_or_topic,7b87ee53-2b1c-4221-ad12-31c2e781634b,normalized discounted cumulative gain (NCDG) at K (5/10/25)
vocabulary_no_lesson_or_topic,c7e9e9fe-965a-44ee-a62b-33e66e879bad,optimistic locking
vocabulary_no_lesson_or_topic,d33a7a28-c076-4ae2-b351-bd7d4083cd78,NoSQL
vocabulary_no_lesson_or_topic,e794bec1-b921-4c52-9b47-72762f948870,O3DE
vocabulary_no_lesson_or_topic,0a73edb7-a67f-40a5-b01e-b276978d0c5f,observation
vocabulary_no_lesson_or_topic,0e321a51-0b6f-4c56-bfc5-7946e387f1c8,On-Demand Instance
vocabulary_no_lesson_or_topic,fa12a3a2-3763-47b8-a008-dd8d60622560,OpenSearch Service
vocabulary_no_lesson_or_topic,2891fb5d-dc2b-4cd0-8b5d-e7450d638c5c,operation
vocabulary_no_lesson_or_topic,116bcb50-5097-406b-8962-83df7ddc6412,OpsWorks
vocabulary_no_lesson_or_topic,e00eda78-fd0e-4b7a-8b3f-5e51041ff287,sloppy phrase search
vocabulary_no_lesson_or_topic,5f8c40ae-d7f5-4712-8443-705d130ef2e6,opt-in Region
vocabulary_no_lesson_or_topic,14768e47-ed9d-47cd-b7de-dbccc8224e5f,organization
vocabulary_no_lesson_or_topic,24e986ed-d4bb-4382-8b4c-6778f180e32a,Organizations
vocabulary_no_lesson_or_topic,60485fa5-057c-442a-a301-8d7bf0e9fda0,origin access identity
vocabulary_no_lesson_or_topic,cc9468e1-922e-427c-a2f6-c85c85654251,origin server
vocabulary_no_lesson_or_topic,79b2f398-836e-4f66-b90e-ca1845cbb2d0,original environment
vocabulary_no_lesson_or_topic,7a152f3a-f92e-4cfa-b8cd-7eecd8aa9668,OSB transformation
vocabulary_no_lesson_or_topic,fa937644-902b-4bfd-b007-99ce97531e11,OpenSSH
vocabulary_no_lesson_or_topic,1f9df33f-0098-4da7-bcac-3317ed4daed8,Outposts
vocabulary_no_lesson_or_topic,17f8251b-91fe-4e79-8088-137be4aa89a1,output location
vocabulary_no_lesson_or_topic,24d41e6f-9db9-4aee-9db3-6c55869833e7,spam
vocabulary_no_lesson_or_topic,c005ee11-7f6e-4894-ae27-fe0a42d31ab7,pagination
vocabulary_no_lesson_or_topic,ca2b17a4-4ca2-419b-85ca-c0b613e2723f,pagination token
vocabulary_no_lesson_or_topic,3114c60a-cab3-40c2-95e5-eb99762ca16a,paid AMI
vocabulary_no_lesson_or_topic,0b1a0a4d-55f4-4156-9aa9-fece6a9f6ec9,AWS Panorama
vocabulary_no_lesson_or_topic,6312e4f2-0694-427a-a8f9-cf02607a4c54,AWS ParallelCluster
vocabulary_no_lesson_or_topic,00102a50-e780-4248-8b5a-ccf954c3e9eb,part
vocabulary_no_lesson_or_topic,84868a2c-ea25-4d1a-933d-e35ecc92c4f8,Porting Assistant for .NET
vocabulary_no_lesson_or_topic,b71bc205-0ec1-4bba-8ef2-e252b37b0d1b,OpenSSL
vocabulary_no_lesson_or_topic,03dfce72-00f1-453f-9be2-dd9d95c4aa28,pilot light
vocabulary_no_lesson_or_topic,93d185f3-b346-4e97-bb71-4be472ec7a03,return path
vocabulary_no_lesson_or_topic,bd10f10f-6b6a-4edc-95d5-880329bc1d45,personalized-ranking recipe
vocabulary_no_lesson_or_topic,5dfdd323-4a4d-4d8f-a8f7-635b962470bd,quota
vocabulary_no_lesson_or_topic,946cd772-16d9-4402-8fec-e57dde47b045,partition
vocabulary_no_lesson_or_topic,e39e1008-ba3b-43d4-a2f7-10c0f777979b,partition key
vocabulary_no_lesson_or_topic,0a09400d-5337-4c2d-9fa2-fa604b424c6b,PAT
vocabulary_no_lesson_or_topic,7eb2a37d-9245-46ca-a5b9-c6e859308148,pebibyte (PiB)
vocabulary_no_lesson_or_topic,c653e340-ca92-444c-958e-8d7f2d8830c0,permission
vocabulary_no_lesson_or_topic,687f5c9a-1396-4356-ad0b-d76bd22d4a4e,persistent storage
vocabulary_no_lesson_or_topic,82042dfa-2aa4-4abf-bc03-4ea5acaff696,Amazon Personalize
vocabulary_no_lesson_or_topic,b810c5a5-c2f4-4bc4-9d9f-91ef7031394f,PERSONALIZED_RANKING recipes
vocabulary_no_lesson_or_topic,8e8bc68d-b61e-4e64-8815-9c214c27568e,Amazon Pinpoint
vocabulary_no_lesson_or_topic,9c740439-df18-4154-a895-6a31786daa94,policy generator
vocabulary_no_lesson_or_topic,87cb0103-d432-49e5-b96e-c5992d9a485d,policy simulator
vocabulary_no_lesson_or_topic,e9fa6c12-85c4-4466-8089-0225ad3c9e33,policy validator
vocabulary_no_lesson_or_topic,c69ac062-6546-4dcb-b6b8-21c96280e780,Amazon Polly
vocabulary_no_lesson_or_topic,e900103d-26b2-4b42-8366-256dcc10099c,popularity-count recipe
vocabulary_no_lesson_or_topic,6141b3d5-f7fc-437c-addd-8e4623a9b584,OpenStack
vocabulary_no_lesson_or_topic,5fe87747-7b7c-4b77-a94a-f998b311a3d8,precision at K (5/10/25)
vocabulary_no_lesson_or_topic,9113e05d-10ac-4f69-86ff-00930967260b,Premium Support
vocabulary_no_lesson_or_topic,1d27e49c-fa12-4049-9a6d-3d7ed1188339,presigned URL
vocabulary_no_lesson_or_topic,cc70ac52-d203-466a-a33b-f27fcc849b6c,principal
vocabulary_no_lesson_or_topic,5d0577a5-fa84-4b85-bde5-911b7962b6b1,AWS Private CA
vocabulary_no_lesson_or_topic,b557ffed-5410-444c-9c4b-9f4bfa63ce97,private content
vocabulary_no_lesson_or_topic,aab66270-69b4-45fe-a6ba-99256934e8d2,private IP address
vocabulary_no_lesson_or_topic,5cdc4a4c-75aa-408f-9dc0-cb4f86bb60be,private subnet
vocabulary_no_lesson_or_topic,39dae133-06b8-4e63-bb86-ea7aa8f08b10,product code
vocabulary_no_lesson_or_topic,12d9ad63-1b33-4f30-bcc4-78cc0c3610cb,property rule
vocabulary_no_lesson_or_topic,66a9d36a-649a-4067-8aa4-846a5d82b7fb,OpenSUSE
vocabulary_no_lesson_or_topic,280e065c-0f20-4344-812f-1a7310ea82fd,pseudo parameter
vocabulary_no_lesson_or_topic,9d0e386f-6b40-4918-a2ba-cf189ff439a5,public AMI
vocabulary_no_lesson_or_topic,0ce8963d-b852-48b1-ab4e-3b64e0d0c324,End of life
vocabulary_no_lesson_or_topic,dd724afd-b0dc-4aa0-aa1d-7df28a0d0948,AWS RAM
vocabulary_no_lesson_or_topic,802a2e70-a730-4d4a-a20e-ff07ac55c3c5,line ending
vocabulary_no_lesson_or_topic,53b187b8-b339-4fef-b5fb-6d2a953684c4,public dataset
vocabulary_no_lesson_or_topic,c7bd8821-5787-44ea-83d6-96fb6ccfeb0d,public IP address
vocabulary_no_lesson_or_topic,304b9177-fa5c-412b-b5a4-a0f27e95642a,public subnet
vocabulary_no_lesson_or_topic,78019917-5f7f-453d-bcab-3fa247d7bc3f,PV virtualization
vocabulary_no_lesson_or_topic,f5319a04-03aa-4cf8-b592-6c42b45ebe9a,Amazon QLDB
vocabulary_no_lesson_or_topic,69499efb-491c-4847-ae4b-6bc3df298117,quartile binning transformation
vocabulary_no_lesson_or_topic,d33b7759-4003-49f9-8789-b117af5b80db,Query
vocabulary_no_lesson_or_topic,5c0d2f9b-eb71-4dd9-96e2-8d04f7c8271c,query string authentication
vocabulary_no_lesson_or_topic,04135102-ccac-4615-a3f7-08ed6048bd9d,range GET
vocabulary_no_lesson_or_topic,2c5c886b-7605-418a-b7da-ba20e5b2952e,raw email
vocabulary_no_lesson_or_topic,ffa8b325-a9c8-4e4f-9fd1-066182e4adf5,Amazon RDS
vocabulary_no_lesson_or_topic,f3cf8a32-3885-4765-996c-7bc5627a0053,read local/write global
vocabulary_no_lesson_or_topic,499951a0-96cd-46dd-a6b8-f92c309a5472,read local/write local
vocabulary_no_lesson_or_topic,048f1966-9a6c-4673-a68d-a4efb26fdfdb,read replica
vocabulary_no_lesson_or_topic,3962c8d8-643c-4686-8c1a-d9f5a295c175,real-time predictions
vocabulary_no_lesson_or_topic,63760491-feea-4a3f-a9fc-3a9c3a1a7e38,receipt handle
vocabulary_no_lesson_or_topic,cef843bc-f0cd-48fd-87f5-3ef6039989ea,Snap store
vocabulary_no_lesson_or_topic,c342276c-8c42-4e7d-ae60-ee26e4f6d85c,RESTful web service
vocabulary_no_lesson_or_topic,549312ff-c58c-4df5-a4b6-33049726fdfa,Network System Configuration Queue
vocabulary_no_lesson_or_topic,bd914d99-89ba-49a6-8da5-cc55781f0db4,Team plan
vocabulary_no_lesson_or_topic,390aeb6c-abc8-400b-90ca-a8e7667d9b6e,recipe
vocabulary_no_lesson_or_topic,cdb7f3c1-2837-41d2-bb52-c4baa3e885f5,recipient
vocabulary_no_lesson_or_topic,83dbdf85-ece8-4bce-aefd-69f402f01ae5,recommendations
vocabulary_no_lesson_or_topic,349fd00e-43a9-4239-94e8-afc53e947bc2,Redis
vocabulary_no_lesson_or_topic,1757a685-9570-4a84-a09d-8e543a016870,Amazon Redshift
vocabulary_no_lesson_or_topic,b38a7d28-303f-48e8-8514-c201356d344f,OpenVPN
vocabulary_no_lesson_or_topic,ebecd097-c3b5-4c71-b0a5-a84d2246731b,Region that is enabled by default
vocabulary_no_lesson_or_topic,e8958d52-e321-460b-bdd7-31315ee75646,the cloud
vocabulary_no_lesson_or_topic,d5e16863-64d0-4660-8b84-62883e1f4b09,regularization
vocabulary_no_lesson_or_topic,dc1a2400-e00e-423e-aacd-0faf137f3e69,Amazon Rekognition
vocabulary_no_lesson_or_topic,2b43a018-c604-477a-881f-dbb0d42a3b60,RELATED_ITEMS recipes
vocabulary_no_lesson_or_topic,f023b9cf-409c-48c4-b705-e43fce9ade62,replacement environment
vocabulary_no_lesson_or_topic,43121777-48b3-4219-a4dd-ffb3c7067382,reply path
vocabulary_no_lesson_or_topic,b4a108f9-7138-4ef6-8280-de6e94d9f4f4,reputation
vocabulary_no_lesson_or_topic,a6c3e7c1-8f50-49d7-a304-becc412ecc2d,requester
vocabulary_no_lesson_or_topic,81510b90-80cd-447a-bf2d-524adbe4fb2b,Requester Pays
vocabulary_no_lesson_or_topic,3eb68c66-c220-4a43-b954-1c8528aebef8,OpenVZ
vocabulary_no_lesson_or_topic,b520281a-3f91-4e25-b63c-fcf946b782a4,reservation
vocabulary_no_lesson_or_topic,57cde399-170f-447c-8d6e-5c7461227836,Reserved Instance
vocabulary_no_lesson_or_topic,47a93167-e062-4320-b96d-b8dfe827b954,Reserved Instance Marketplace
vocabulary_no_lesson_or_topic,3359f0b6-2417-447c-b569-3332d9b7e514,Resilience Hub
vocabulary_no_lesson_or_topic,c132a2bf-6dfe-485f-b276-d2c6487ccdee,Resource Groups
vocabulary_no_lesson_or_topic,c71031d5-553e-4e78-b19f-40b181c7ac45,Amazon Resource Name (ARN)
vocabulary_no_lesson_or_topic,71d0811a-4e8a-4962-9d62-00e651c60272,resource property
vocabulary_no_lesson_or_topic,3e496f01-ea47-4ffb-b0ba-07201298a132,resource record
vocabulary_no_lesson_or_topic,8b09b20b-f23e-4371-b7b4-76aecef52266,route table
vocabulary_no_lesson_or_topic,641824bb-7274-4d5a-9860-7f41a00381a9,OpenWRT
vocabulary_no_lesson_or_topic,7f37f73b-f904-4f5d-8520-1c40de8574f3,rule
vocabulary_no_lesson_or_topic,48a0b1cd-0d49-405b-83ab-e680d9a1dcf3,REST
vocabulary_no_lesson_or_topic,e165e032-1521-4687-ac27-5a581a75e7d9,revision
vocabulary_no_lesson_or_topic,21f3bcf6-d84e-421b-8ed1-cffbfb689653,AWS RoboMaker
vocabulary_no_lesson_or_topic,8200ee35-c5a7-4ee1-ba83-5b8e0b4e4052,rollback
vocabulary_no_lesson_or_topic,b38eeb8d-d1ae-4fc0-a456-a67f3dca00a1,root
vocabulary_no_lesson_or_topic,497c6324-4dc2-434c-bbea-d01b455746b1,root credentials
vocabulary_no_lesson_or_topic,aab57ac6-47b0-4062-af57-fc9913f060f9,root device volume
vocabulary_no_lesson_or_topic,e9f1943c-f204-4787-8c06-3c45099a9bbc,Operating System
vocabulary_no_lesson_or_topic,c090a996-e419-4b48-9071-03d57ea386b7,Route 53
vocabulary_no_lesson_or_topic,716b60b5-deea-4e70-a3dd-f1ad0a13a6a5,row identifier
vocabulary_no_lesson_or_topic,beafed21-5866-448b-b0fb-e02f4e5697d8,Amazon S3
vocabulary_no_lesson_or_topic,9d2e4d82-6bfc-4539-b532-22248daa9702,tag
vocabulary_no_lesson_or_topic,fcf98e30-a93d-496d-ad5f-2ecdc868d9c0,Amazon Glacier
vocabulary_no_lesson_or_topic,2b8c18f4-bef4-4804-ba27-8321a7c8b338,SageMaker AI
vocabulary_no_lesson_or_topic,dc93b987-8df4-4937-ad57-42593aca4c66,AWS SAM
vocabulary_no_lesson_or_topic,0e039b70-5cd1-4c9b-8171-655f9dc47283,sampling period
vocabulary_no_lesson_or_topic,e385b9a1-bdd9-4ab8-b0c3-34c99f6a7b16,sandbox
vocabulary_no_lesson_or_topic,5a04ee6f-cf98-4438-a066-a4be3bcc98df,scale in
vocabulary_no_lesson_or_topic,19b755c8-ca60-4825-9981-a853f8f98c9d,scale out
vocabulary_no_lesson_or_topic,707a8089-42ae-4e87-b944-aecefff28211,scaling activity
vocabulary_no_lesson_or_topic,86979464-6bcb-4317-a55e-c939634fd810,schema
vocabulary_no_lesson_or_topic,68a3fa0b-3809-48b5-ac5f-066d67f00c3a,server-side encryption (SSE)
vocabulary_no_lesson_or_topic,7d205431-3e62-4635-817b-43bd394df22a,score cut-off value
vocabulary_no_lesson_or_topic,fa668e5a-0036-4832-bc08-8811aa687387,AWS SCT
vocabulary_no_lesson_or_topic,750d110e-faf2-442d-9d74-8afa6b937fbb,AWS SDK for .NET
vocabulary_no_lesson_or_topic,f91c9af6-b1eb-45a3-8699-88d885670578,SDK for C++
vocabulary_no_lesson_or_topic,ce742e2a-6c9d-4cff-ad1a-2b6a5a12fd7a,SDK for Go
vocabulary_no_lesson_or_topic,439657c3-e6bc-4f3c-a697-8b9ca34d92fb,SDK for Java
vocabulary_no_lesson_or_topic,354ea097-e014-4dff-ba90-0e0c4dad0943,sending limits
vocabulary_no_lesson_or_topic,8aac144b-516c-4cbb-8322-08bb6377d337,SDK for JavaScript in Node.js
vocabulary_no_lesson_or_topic,7b44d1d4-863d-4a03-92e3-580301f2b862,Internet Systems Consortium
vocabulary_no_lesson_or_topic,40500e5c-999a-46e6-b86c-33595c19fd74,spamtrap
vocabulary_no_lesson_or_topic,0049261d-71c9-4743-8ef1-fdf2eba04630,SDK for JavaScript in the Browser
vocabulary_no_lesson_or_topic,2eb53406-443e-4d9b-8a34-84193594df07,SDK for PHP
vocabulary_no_lesson_or_topic,3d3fa437-d520-4bdc-922c-900e0c3855a7,SDK for Python (Boto3)
vocabulary_no_lesson_or_topic,2193db8c-0e70-4564-99b4-3bc6e0aad372,SDK for Ruby
vocabulary_no_lesson_or_topic,b3d95a6a-26a5-430b-b87c-cffef9df6204,SDK for Rust
vocabulary_no_lesson_or_topic,11fe1c82-9575-4b4d-8261-093447f3d4cd,SDK for Swift
vocabulary_no_lesson_or_topic,f1526681-c20e-48b0-af68-647a482f1dd4,search API
vocabulary_no_lesson_or_topic,1fbfd490-344f-4e57-a991-1f9e543cbae8,search domain
vocabulary_no_lesson_or_topic,8ca1488d-e5ac-4da6-98b2-4ae66d341ad2,search domain configuration
vocabulary_no_lesson_or_topic,57741a85-72cc-4e7e-9c97-0ea57a753f16,search enabled
vocabulary_no_lesson_or_topic,fadde9c8-6c5e-433f-a9b7-62f35e3a296e,Open Systems Adapter
vocabulary_no_lesson_or_topic,03ff7280-1f7d-4dcc-b2cc-41740e0c1684,search endpoint
vocabulary_no_lesson_or_topic,5fcfa15a-8a36-4f56-ba5a-c70800ba157a,search index
vocabulary_no_lesson_or_topic,83e5b8cf-ec32-4dfa-96d3-b753fab6b7f7,search instance
vocabulary_no_lesson_or_topic,f7fa3d9c-011d-4e47-9ebe-9d9976fffff6,search request
vocabulary_no_lesson_or_topic,233d4f9e-66e6-4c7c-9c14-8e6195516359,search result
vocabulary_no_lesson_or_topic,24c0c9d8-7b2b-4fdc-8fc0-2b66e2f6b9df,secret access key
vocabulary_no_lesson_or_topic,9d92b9ce-eb24-4682-b8af-8f0a65ec426d,Secrets Manager
vocabulary_no_lesson_or_topic,91c5a451-3790-40ec-9183-71c0b27408ab,security group
vocabulary_no_lesson_or_topic,3b03aa12-dd39-4d50-b214-0f3eefb5344e,Security Hub CSPM
vocabulary_no_lesson_or_topic,31c273f2-9f88-4fd0-99a5-88346075e2a3,sender
vocabulary_no_lesson_or_topic,f855d883-a058-4c2b-b1c7-2386308b1742,Sender ID
vocabulary_no_lesson_or_topic,a74ce213-5195-4214-b2ef-ba3126d0e9d7,AWS Serverless Application Repository
vocabulary_no_lesson_or_topic,bec5047c-ee4b-41c7-909f-9fe2487ad629,Service Catalog
vocabulary_no_lesson_or_topic,92269a7e-0097-49b1-a07b-a5320e050c48,service control policy
vocabulary_no_lesson_or_topic,d13a749d-5f2e-4c16-b5ec-31fe29479a3d,service health dashboard
vocabulary_no_lesson_or_topic,7ea0c8a0-9905-441d-9d18-83fefb8f74c1,AWS Service Management Connector
vocabulary_no_lesson_or_topic,2c2fa9fa-482d-4b0d-9770-e852119a4d3c,Service Quotas
vocabulary_no_lesson_or_topic,11e7263f-4cf8-4155-aece-0e101dd2ba02,service role
vocabulary_no_lesson_or_topic,8bc906d0-cb13-40a9-9bb4-597b26904a26,Amazon SES
vocabulary_no_lesson_or_topic,b63afc63-663a-4d5b-98d7-31e037655b27,SHA
vocabulary_no_lesson_or_topic,ca114aab-9dfd-412b-80ef-638673368b91,Open Systems Interconnection
vocabulary_no_lesson_or_topic,843306bb-1899-4917-a7e1-4fdc0ac9f4e2,Single-AZ DB instance
vocabulary_no_lesson_or_topic,425504e6-64f2-4616-bb6b-394ea353f90b,keytool
vocabulary_no_lesson_or_topic,80d1fada-dc47-4a4c-861d-5f6e7d1a4237,Site-to-Site VPN
vocabulary_no_lesson_or_topic,25aa378a-b70c-4f9d-bdea-02b24948ecda,shard
vocabulary_no_lesson_or_topic,0684a8df-f356-463b-8129-0fbe0bbf6103,shared AMI
vocabulary_no_lesson_or_topic,1fc35d79-84d9-43f6-810d-38a4e6784686,Shield
vocabulary_no_lesson_or_topic,6700529f-fe14-43ee-ae03-0cba5f508267,shutdown action
vocabulary_no_lesson_or_topic,7b2a4bee-2bd0-4771-a3c9-da69ab39fc38,signature
vocabulary_no_lesson_or_topic,2930ac4b-c3fa-4cd2-81f5-349babf9adcc,SIGNATURE file
vocabulary_no_lesson_or_topic,353426e4-78f3-4e89-a7d1-a3500fe5afe8,Signature Version 4
vocabulary_no_lesson_or_topic,a01298a3-d5a4-4722-9605-cf96f6c26218,Signer
vocabulary_no_lesson_or_topic,e88c42c6-2e6f-4098-8d10-a0ee622eb403,Silk
vocabulary_no_lesson_or_topic,8710c4a0-79bd-40f9-8ebf-e7d8c08d27b0,SimSpace Weaver
vocabulary_no_lesson_or_topic,2532bf57-e693-4951-bf29-e76014b52970,single sign-on
vocabulary_no_lesson_or_topic,56c4e9d3-8746-40b7-922e-fbeda41d74ca,AWS SMS
vocabulary_no_lesson_or_topic,53a03555-d48d-4766-bbb0-faf22533e00b,SMTP
vocabulary_no_lesson_or_topic,147e673d-3b86-4b32-ae0c-1ef5ddc12705,snapshot
vocabulary_no_lesson_or_topic,7358887f-363a-4952-b9a0-46a028177871,Snowball
vocabulary_no_lesson_or_topic,133c8407-450d-441f-864a-cb81cbf69b73,Transport Layer Security (TLS)
vocabulary_no_lesson_or_topic,36b00870-60a8-4564-b6bd-d705ff9618af,SOAP
vocabulary_no_lesson_or_topic,1b53b8c0-639d-4ad5-bb9b-49f5063e4fce,soft bounce
vocabulary_no_lesson_or_topic,1a950c3e-dbfa-46d6-86dc-65bbe4e2ead7,software VPN
vocabulary_no_lesson_or_topic,96de081e-cc45-4043-897d-8343d4a3bb81,solution
vocabulary_no_lesson_or_topic,30304586-a2e8-4f41-8f0c-3f4a09d0dbfd,solution version
vocabulary_no_lesson_or_topic,02e9d266-fb28-471f-b005-81ec813ded00,sort key
vocabulary_no_lesson_or_topic,5693aca1-52c2-4fd5-b394-ce58865d9509,source/destination checking
vocabulary_no_lesson_or_topic,d7e71c16-c237-4ed3-965a-a30414f93019,SPICE
vocabulary_no_lesson_or_topic,9d6a4a85-1f4c-4cc6-8868-a3a0b064d48e,Spot Instance
vocabulary_no_lesson_or_topic,574f2e6c-145d-4699-9315-f5318bd49fec,Spot price
vocabulary_no_lesson_or_topic,11121e40-63c3-441a-9a57-4c30b144bf5a,step type
vocabulary_no_lesson_or_topic,76685150-a941-4955-ae91-a16460b4fa4d,SQL injection match condition
vocabulary_no_lesson_or_topic,a14695a0-40f7-4b33-a0aa-48516737a662,Amazon SWF
vocabulary_no_lesson_or_topic,1aefc48a-7dd7-4727-b523-c7df747f9218,streaming
vocabulary_no_lesson_or_topic,ca8727a5-ac91-478f-9be9-7958e0c702d4,stack
vocabulary_no_lesson_or_topic,41b0360c-001a-4974-aa8b-06c71a1f6c26,station
vocabulary_no_lesson_or_topic,2dd18da4-9b79-4752-9344-d2718b746d57,statistic
vocabulary_no_lesson_or_topic,8c051e5f-7331-4773-9210-07504e89cc6e,stem
vocabulary_no_lesson_or_topic,3a606cc8-971d-4fc9-b740-cbefdc9392f7,stemming
vocabulary_no_lesson_or_topic,a8d65321-2fab-47ce-bfd3-714e0dd569f8,step
vocabulary_no_lesson_or_topic,68df4f7d-abcb-4487-b838-d1963c33e1ee,Step Functions
vocabulary_no_lesson_or_topic,de1d1d47-8b7b-4439-968a-47674472cadd,sticky session
vocabulary_no_lesson_or_topic,e1b94996-0c8f-4a0e-9f05-58e893f40fe7,stopping
vocabulary_no_lesson_or_topic,5095a2c1-d95c-44d0-8e9f-6da2f300f128,stopword
vocabulary_no_lesson_or_topic,395d72ae-910c-4599-97eb-16a59bac785b,Storage Gateway
vocabulary_no_lesson_or_topic,4d3e670b-d136-44c2-b6c6-c46709c2f09a,filesystem
vocabulary_no_lesson_or_topic,5efc8d0e-202c-4b86-9ca9-4222b721238e,string match condition
vocabulary_no_lesson_or_topic,acb0f643-cc0f-4d0a-8bcc-086b2979db6d,string-to-sign
vocabulary_no_lesson_or_topic,8979a5e6-de32-4d07-889c-4f3f99ba85d9,strongly consistent read
vocabulary_no_lesson_or_topic,a3a04c27-31f9-437e-b8c0-24dc7570bed3,structured query
vocabulary_no_lesson_or_topic,0a3754ae-d82c-4ad9-9c66-f573ce288047,AWS STS
vocabulary_no_lesson_or_topic,d1515d12-b9fd-4bf8-8178-3202eba22709,subnet
vocabulary_no_lesson_or_topic,c1fa3be5-2494-4769-85c0-136d92b7b9b9,suggestions
vocabulary_no_lesson_or_topic,44889c7f-bd26-40bf-a98c-1e5356bed70f,Sumerian
vocabulary_no_lesson_or_topic,94ceb624-9dce-435e-9db5-826e92f29d09,supported AMI
vocabulary_no_lesson_or_topic,066b9927-1238-4bf6-929b-cd521d6ac3e0,Kernel-based Virtual Machine
vocabulary_no_lesson_or_topic,d9989978-b794-48e6-8ca6-ec1f95265fc5,synonym
vocabulary_no_lesson_or_topic,509370c0-5940-4c5c-a553-ecd64a4323c4,Systems Manager
vocabulary_no_lesson_or_topic,2003ab50-35cc-49ba-9df5-98105cb9be36,table
vocabulary_no_lesson_or_topic,9b58597c-c129-49f7-a1b8-96f5b14abc42,tagging
vocabulary_no_lesson_or_topic,3b0f8290-e5db-43da-8bba-d5865f8ad7b5,temporary security credentials
vocabulary_no_lesson_or_topic,753bdabd-03d2-42dd-881f-317fe60bdd45,required pull request review
vocabulary_no_lesson_or_topic,2da6f0a2-bc3a-46c0-a6a0-be2ab2020d0b,target attribute
vocabulary_no_lesson_or_topic,396b688f-a0fe-4de7-9102-2fec7ff0bf94,topic
vocabulary_no_lesson_or_topic,088bf313-fffb-4e15-b303-1c441378ed8d,target revision
vocabulary_no_lesson_or_topic,c65a3afb-76c4-436c-a086-ccba28a1eeaa,task
vocabulary_no_lesson_or_topic,33fbc8a8-6c73-4909-bd02-1761cb763cdd,task definition
vocabulary_no_lesson_or_topic,dc2cef3b-ae3d-42ec-bf94-fb9eb84926ec,Amazon Transcribe
vocabulary_no_lesson_or_topic,d2fc3f3d-67aa-4e1c-8463-48bba6f0c5ba,task node
vocabulary_no_lesson_or_topic,9c9e3b6f-1c36-4796-896c-217b6cf9e775,tebibyte (TiB)
vocabulary_no_lesson_or_topic,6ea0f407-4914-41f2-a243-50a15c267ee4,template format version
vocabulary_no_lesson_or_topic,c1ab4144-a04f-40ff-9e70-0972b1c0f9da,template validation
vocabulary_no_lesson_or_topic,6bad9aba-fd5f-4259-8227-d9ce276e9b16,Eviction
vocabulary_no_lesson_or_topic,2b83c6c9-d74c-4064-9bff-241178bad743,Amazon Textract
vocabulary_no_lesson_or_topic,8dddf533-34bc-4a93-818e-b4e3785aa77b,throttling
vocabulary_no_lesson_or_topic,b66355d5-11ab-45b9-97f5-47141d5f82f9,time-series data
vocabulary_no_lesson_or_topic,a7e49f86-576e-41fa-a924-fa2bd27d911f,timestamp
vocabulary_no_lesson_or_topic,d74d3bee-bb10-4de9-acba-651362341844,Timestream
vocabulary_no_lesson_or_topic,be44bdb2-4686-4c4f-b37f-3b467d50e02c,tokenization
vocabulary_no_lesson_or_topic,5e745ff7-bf6d-478a-ab0e-40c1d22ae948,AWS Toolkit for Eclipse
vocabulary_no_lesson_or_topic,44a2c6ec-282a-4aa3-99c0-8292a41036af,hostgroup
vocabulary_no_lesson_or_topic,5d386841-7f56-40c4-b409-480cbec1209b,AWS Toolkit for JetBrains
vocabulary_no_lesson_or_topic,2f3badb7-ca85-43fa-ac02-8e6e2ace07cd,AWS Toolkit for Microsoft Azure DevOps
vocabulary_no_lesson_or_topic,e294601d-0070-470b-9e9a-15ff0de54967,AWS Toolkit for Visual Studio
vocabulary_no_lesson_or_topic,a193b220-18f9-4787-b685-895978da13b0,AWS Toolkit for Visual Studio Code
vocabulary_no_lesson_or_topic,74946cdd-aa93-486e-8788-8bd55fad58d3,AWS Tools for PowerShell
vocabulary_no_lesson_or_topic,ccbdfd6f-28ee-44f7-a2d1-a90be02f6b0e,Traffic Mirroring
vocabulary_no_lesson_or_topic,5e7bc35f-896c-4686-8efa-76d02c3484cc,training datasource
vocabulary_no_lesson_or_topic,c679ea2c-dd27-4d7c-9aa2-925dc874fbc3,Amazon Transcribe Medical
vocabulary_no_lesson_or_topic,928e19d1-c364-4171-a384-8d3bf7d0dd4d,Transfer Family
vocabulary_no_lesson_or_topic,58d162c7-6d5b-4a22-9eee-241a7b674c93,transition
vocabulary_no_lesson_or_topic,252283ef-69d3-4fa9-bafa-960317611912,Internet Messages Access Protocol
vocabulary_no_lesson_or_topic,8d5feb74-47c8-4fa2-a5fd-358ca01fce89,Amazon Translate
vocabulary_no_lesson_or_topic,a9928e8a-1793-41b7-a022-107d31de4fdd,trust policy
vocabulary_no_lesson_or_topic,71dc3dc1-2f17-4041-80ca-4163b9209161,Trusted Advisor
vocabulary_no_lesson_or_topic,f5c13fe6-e9e5-41f7-9e45-363d943f8ee3,trusted key groups
vocabulary_no_lesson_or_topic,897478fc-bf2c-4058-b236-391c24e3db9c,tuning
vocabulary_no_lesson_or_topic,8bf95abb-4c8f-48ee-bc76-0e5e7082bfd0,tunnel
vocabulary_no_lesson_or_topic,63ddb3ba-ed94-4a90-a18d-74fd18ba4d72,unbounded
vocabulary_no_lesson_or_topic,b11f9710-73fb-48a9-a3be-3f053d861349,unit
vocabulary_no_lesson_or_topic,c11a7a2b-fc54-49f2-999e-5788f2c096a6,usage report
vocabulary_no_lesson_or_topic,2279173b-8297-4091-b5ec-436b9ff41409,USER_PERSONALIZATION recipes
vocabulary_no_lesson_or_topic,3361a8b7-f6e0-4ac5-bc3d-fb595bc3c52e,Fully Qualified Domain Name
vocabulary_no_lesson_or_topic,709e41ab-f387-4bb7-9a77-c17e91cf8c72,Job
vocabulary_no_lesson_or_topic,bbf6a744-490b-4b2d-835e-d7f97b4eac73,user-personalization recipe
vocabulary_no_lesson_or_topic,2d4347ce-6ae2-4277-87a7-5c9db3eed244,Users dataset
vocabulary_no_lesson_or_topic,8db9ee32-db30-42f8-b6ab-b9bbd43f9dac,verification
vocabulary_no_lesson_or_topic,a1e57957-f62e-4fae-be98-2b5d096d584d,Site-to-Site VPN CloudHub
vocabulary_no_lesson_or_topic,1786227b-b840-45a3-8894-e8a12ac5e1b4,VERP
vocabulary_no_lesson_or_topic,a396fdd8-d272-4e58-812d-2527b5e07fa4,versioning
vocabulary_no_lesson_or_topic,693726ab-26d6-47e9-b617-45ddc7cf25bb,virtual private gateway (VGW)
vocabulary_no_lesson_or_topic,5830f06c-7ad2-4966-8caa-259c94bf074c,virtualization
vocabulary_no_lesson_or_topic,b3b1fa7d-c94c-4aa8-a36a-a02c3ff2a06c,visibility timeout
vocabulary_no_lesson_or_topic,fe95ff20-8f4c-4d14-93bd-056e77bedc87,VM Import/Export
vocabulary_no_lesson_or_topic,aa92c635-b5e3-4d22-9d32-da60f0e9f813,volume
vocabulary_no_lesson_or_topic,704dc920-1dd2-4347-857c-55c64961ca02,Amazon VPC
vocabulary_no_lesson_or_topic,b91e58ad-91d4-4b90-bf87-c82b507e109c,VPC endpoint
vocabulary_no_lesson_or_topic,de735f9d-49da-4585-9e2b-8362af5e93f8,VPN connection
vocabulary_no_lesson_or_topic,5c5ca11e-4b0a-421c-a8a1-f504cd671010,AWS WAF
vocabulary_no_lesson_or_topic,4f66e85a-15ff-422c-ac55-651e2d690639,X.509 certificate
vocabulary_no_lesson_or_topic,d3291766-a52b-4392-8ffb-142b476eaa06,Amazon WAM
vocabulary_no_lesson_or_topic,bbd42914-61bd-47a3-9782-5e5abe7b7027,cloud computing
vocabulary_no_lesson_or_topic,8ebcaf54-8454-4cde-aadb-6fb22f468855,yobibyte (YiB)
vocabulary_no_lesson_or_topic,44909ee4-46d5-48a3-a8c5-93b5d8762f25,warm standby
vocabulary_no_lesson_or_topic,641424cc-b540-4539-a729-e4af9796c9b2,AWS Wavelength
vocabulary_no_lesson_or_topic,3e379a75-3db2-4897-9d85-050b1ae38629,web access control list (web ACL)
vocabulary_no_lesson_or_topic,57ebec2c-b829-443c-8d27-c766d36174ab,WorkDocs
vocabulary_no_lesson_or_topic,6d820292-837e-44c9-8db4-d85c0e964d92,Amazon WorkLink
vocabulary_no_lesson_or_topic,06e76d48-a247-4a25-a4a6-d2994b152edb,WorkMail
vocabulary_no_lesson_or_topic,20cc6a1d-7e23-41e4-9ce1-4923c6cf677d,backend
vocabulary_no_lesson_or_topic,38ca4bf9-2891-446e-8b9d-d279b5f7e8ea,Backports
vocabulary_no_lesson_or_topic,b5895b94-6b5a-48b5-9334-c45c36f75c73,WorkSpaces
vocabulary_no_lesson_or_topic,893869b5-6873-4839-b27e-52c806c4b053,WSDL
vocabulary_no_lesson_or_topic,ef7b5f23-2560-46dc-9119-ac2cebc9e9fa,Lightweight Directory Access Protocol
vocabulary_no_lesson_or_topic,605ee9cf-bee2-4fa0-95b9-2e69c51f9153,X-Ray
vocabulary_no_lesson_or_topic,2c9af106-29f6-44ee-a659-19c89a29dce1,initialization
vocabulary_no_lesson_or_topic,a6808c77-3ed8-4223-8105-2dfb4e66e81e,zebibyte (ZiB)
vocabulary_no_lesson_or_topic,2610a770-f862-40eb-8ca7-d0cacffaa225,zone awareness
vocabulary_no_lesson_or_topic,11acada7-fbb2-4938-b254-5b11d210be10,Application Binary Interface
vocabulary_no_lesson_or_topic,9dcea46c-cb23-4512-9186-60bd2698ee61,Access Control List
vocabulary_no_lesson_or_topic,831c8535-f706-43f3-b08c-bc5e7eefe3fb,Active Directory
vocabulary_no_lesson_or_topic,0224f698-985e-4e9f-ae92-ef38705f0653,Backtrace
vocabulary_no_lesson_or_topic,f5607df4-7998-4563-9072-af13a4f24d4f,Postcopy
vocabulary_no_lesson_or_topic,9d37ca58-1eaf-4555-a897-ab7a8feec7e8,ADSys
vocabulary_no_lesson_or_topic,f03b4b4d-ddc3-41f2-9e4b-57576311fae2,Advanced Encryption Standard
vocabulary_no_lesson_or_topic,6ed11666-1488-48fd-8478-d7c85a854fe7,LDAP Data Interchange Format
vocabulary_no_lesson_or_topic,21221d4f-8274-42fe-ac81-d3f7e0ca24a9,Alertmanager
vocabulary_no_lesson_or_topic,3eb02a8f-af84-4e59-99c4-1a0acfd4f287,Network Functions Virtualization
vocabulary_no_lesson_or_topic,b659a744-da71-4f41-b26a-7e1edf6066aa,Asymmetric Logical Unit Access
vocabulary_no_lesson_or_topic,2c239aa1-496f-4318-a7ae-26ad70c02cbb,Advanced Micro Devices
vocabulary_no_lesson_or_topic,20e64289-633d-419a-8de6-49c2a6a6064f,AMD Secure Memory Encryption
vocabulary_no_lesson_or_topic,ca8541be-3871-4d3a-869b-7ad3dca337d1,AMD Secure Encrypted Virtualization
vocabulary_no_lesson_or_topic,a922507d-1419-472a-97cc-dda2d1f8ce8f,chrony
vocabulary_no_lesson_or_topic,191c42f6-0f7d-4363-9aab-05d3282896fc,chroot
vocabulary_no_lesson_or_topic,33411387-3597-477f-956d-50454d6ac1b3,Classless Inter-Domain Routing
vocabulary_no_lesson_or_topic,22e5bb77-0f20-43a7-a6b0-e10f7f663879,AMD Secure Encrypted Virtualization - Encrypted State
vocabulary_no_lesson_or_topic,ba8ff3a4-7e64-4371-92a9-4d32b0d60478,Discretionary access control
vocabulary_no_lesson_or_topic,f797622d-9c0d-4f74-a66b-4b443a5e3cd0,AMD Secure Encrypted Virtualization - Secure Nested Paging
vocabulary_no_lesson_or_topic,f667e2b8-f5d7-468f-9295-ccf94c69a427,Ansible
vocabulary_no_lesson_or_topic,eb8ddc59-8e68-4df6-8bc5-d9da8dabe847,Apache2
vocabulary_no_lesson_or_topic,9b658bd9-cbbd-4044-872a-09648548e3fa,Application Programming Interface
vocabulary_no_lesson_or_topic,f942cc8b-bcab-4283-8f1e-91bb83ad4211,AppArmor
vocabulary_no_lesson_or_topic,2fd668b9-a2c7-4caa-8648-73ce766473cb,Common Internet File System
vocabulary_no_lesson_or_topic,34e7d9de-4b7e-4bf5-84f0-5e2bc80f9d2e,Center for Internet Security
vocabulary_no_lesson_or_topic,9923ad49-d1a5-4825-a445-56f2eb5e3c21,Clustered Logical Volume Manager
vocabulary_no_lesson_or_topic,9ee1e2c3-9405-440e-b7f9-99412c0d866f,daemonize
vocabulary_no_lesson_or_topic,ed4cf395-b683-41c9-82f1-10367e678842,Defense Advanced Research Projects Agency
vocabulary_no_lesson_or_topic,94b0be28-d112-4999-bc7b-70401991a60a,Backup Domain Controller
vocabulary_no_lesson_or_topic,c77051a9-0ce9-4e0f-b4e7-d3c8dcc6b370,Apport
vocabulary_no_lesson_or_topic,fd86a763-36d5-46f9-bf02-8f3fd31cafe8,Advanced Package Tool
vocabulary_no_lesson_or_topic,c42a7e11-6452-40b4-bf60-cdf00d5ba76f,ARM hard-float
vocabulary_no_lesson_or_topic,04ca9885-f66c-46c2-8be3-d3e949e9db92,Address Resolution Protocol
vocabulary_no_lesson_or_topic,f7d03c90-80d9-467e-960d-737c38d15468,American Standard Code for Information Interchange
vocabulary_no_lesson_or_topic,eab11ae2-9146-4665-b68b-ab99bb223158,bootloader
vocabulary_no_lesson_or_topic,b0dc243f-e8dc-4af5-b963-ad86b9b67655,Bootstrap Protocol
vocabulary_no_lesson_or_topic,e9f17950-01e4-4bb9-b3f1-19aa46f88cca,bootstrap
vocabulary_no_lesson_or_topic,1b96f609-c56a-4ab6-b436-e928441fbad4,asynchronous
vocabulary_no_lesson_or_topic,6a207c94-21e8-45f6-a54a-36f22f83f3d9,attestation
vocabulary_no_lesson_or_topic,cc52c009-ff24-44ad-9fb3-ab170c223b77,Configuration Management System
vocabulary_no_lesson_or_topic,82f204bc-050e-40c1-9602-4713fd340525,Common Name
vocabulary_no_lesson_or_topic,50f305c0-297c-4331-92d7-f885ae576224,Authenticator
vocabulary_no_lesson_or_topic,3e30f924-7829-4964-89b1-645a7f59319c,autocommit
vocabulary_no_lesson_or_topic,8fff3710-ebde-4b37-b8ba-66feca828bfb,B-tree File System
vocabulary_no_lesson_or_topic,9bd4d917-b47d-41be-b324-53e891602c6f,Certificate Authority
vocabulary_no_lesson_or_topic,ae3a2a8c-e043-4a6d-a19b-9133043779cc,autodetect
vocabulary_no_lesson_or_topic,43a08093-06e4-4e0e-82a3-762ff744d819,autoinstall
vocabulary_no_lesson_or_topic,e56ee71e-d793-421b-8a3a-f78a7acd40b7,autorid
vocabulary_no_lesson_or_topic,52aca4b5-16e3-444a-ab93-7291a9f66c8a,Amazon Web Services
vocabulary_no_lesson_or_topic,82fbea0a-1059-41b1-9e9a-1540d2fde506,bindDN
vocabulary_no_lesson_or_topic,3fa7c99a-99f9-48b7-976f-7f2acad5f803,Basic Input/Output System
vocabulary_no_lesson_or_topic,b40b113e-1296-4561-a3fb-1c27200e7029,Baseboard Management Controller
vocabulary_no_lesson_or_topic,04dcde62-6b82-4c64-96e1-b47c6e5cf883,Common Access Card
vocabulary_no_lesson_or_topic,4786bdc8-4699-4af5-b83d-951ef50532f5,Direct Attached Storage
vocabulary_no_lesson_or_topic,38dc03ec-70f0-4125-a925-14b388554092,Direct Access Storage Device
vocabulary_no_lesson_or_topic,ceeb780b-b6ed-429a-9027-a25ed502bcf7,Database link
vocabulary_no_lesson_or_topic,9a4a1dc5-60b9-4b04-96ec-8194839e855f,Domain Component
vocabulary_no_lesson_or_topic,e85a149c-88c2-4a8b-bfec-5416c079a2b4,Dynamic Domain Name System
vocabulary_no_lesson_or_topic,3ba12f11-0283-425c-b637-27f808c00999,deb822
vocabulary_no_lesson_or_topic,66cca8ee-e84d-4543-85a8-538eeae4cf5a,debconf
vocabulary_no_lesson_or_topic,9edad0f1-50f5-42b4-b778-b2869e483dae,deduplication
vocabulary_no_lesson_or_topic,54f724d9-daec-44ee-9df7-23cdf0e1a32b,denylist
vocabulary_no_lesson_or_topic,ea1e54d5-48a0-4ad6-9d1b-c2dd2acc6f26,Distinguished Encoding Rules
vocabulary_no_lesson_or_topic,139ee2bc-9825-4f0c-af00-247f2865384a,Distributed Garbage Collection
vocabulary_no_lesson_or_topic,dfe7da3d-acb4-4361-96b6-5de9fd520744,Filesystem Hierarchy Standard
vocabulary_no_lesson_or_topic,ae3e3830-f2dc-4df3-b49f-e5beae87e2e6,Dynamic Host Configuration Protocol
vocabulary_no_lesson_or_topic,28e8d0e3-5929-41a9-863a-102213e565f5,lightervisor
vocabulary_no_lesson_or_topic,c10c1145-4551-4585-98c8-07042d802861,Directory Information Tree
vocabulary_no_lesson_or_topic,c37dd650-b37e-4eb0-b69e-6d3d2ee3de45,Dynamic Kernel Module Support
vocabulary_no_lesson_or_topic,44bcdee4-2140-4b4b-bf19-4dba71318323,nginx
vocabulary_no_lesson_or_topic,aa98b2a4-a54a-4dfa-a187-da4eade5dd76,Direct Memory Access
vocabulary_no_lesson_or_topic,3eab6619-6834-403f-9aed-8db7395a8e07,Direct Memory Access Remapping
vocabulary_no_lesson_or_topic,613d7439-f958-4155-ab17-df9272ebe111,dmesg
vocabulary_no_lesson_or_topic,32a07f89-9c36-46da-b285-905718cb874a,Distinguished Name
vocabulary_no_lesson_or_topic,7fd9c894-1939-4e8f-bc09-cb584096e50c,dnsmasq
vocabulary_no_lesson_or_topic,aac51179-4daa-4dfb-b58c-6b92f0ab12b1,Domain Name System Security Extensions
vocabulary_no_lesson_or_topic,85452b71-5d55-4231-aabd-f2e76cc26558,Portable Operating System Interface (for UNIX)
vocabulary_no_lesson_or_topic,814686b0-f225-498f-b309-8ba0e6244c0a,Docker
vocabulary_no_lesson_or_topic,46a5fd11-8337-4029-80fd-e5870ce61b68,DocumentRoot
vocabulary_no_lesson_or_topic,2e1c44f9-88ac-4aa9-9e2e-fb7b570bae8b,LinuxONE
vocabulary_no_lesson_or_topic,8ad13627-c109-485b-ab85-abd189826d93,DNS over TLS
vocabulary_no_lesson_or_topic,ab7473ca-781b-4433-a6d7-c82bbd9adf79,Enterprise Ready Drivers
vocabulary_no_lesson_or_topic,062ac06d-b01f-4902-93a1-a3461c52760d,DNS over HTTPS
vocabulary_no_lesson_or_topic,fc430c23-ebb7-4ae1-a094-2dca456ae44b,dpkg
vocabulary_no_lesson_or_topic,e5ec59d4-13c6-4fb0-bb0f-a8ee7fd0a5b9,Distributed Replicated Block Device
vocabulary_no_lesson_or_topic,2e45287e-68f1-4d10-923d-415ced0b5e78,Differentiated Services Code Point
vocabulary_no_lesson_or_topic,6f648cfd-c029-4391-bbeb-f190b7086f2f,Datagram Transport Layer Security
vocabulary_no_lesson_or_topic,184f7b02-f233-4b7a-a73a-e800d0de1b51,Environment Abstraction Layer
vocabulary_no_lesson_or_topic,91b3c545-5f21-451e-addf-8296bc2552bc,Extended Count Key Data
vocabulary_no_lesson_or_topic,64b2290f-dacb-4daf-99dd-7ce52e3cb5ea,GNU’s Not Unix Transport Layer Security
vocabulary_no_lesson_or_topic,f414547f-59ef-4ebd-aabf-7594147fbf9d,Extensible Firmware Interface
vocabulary_no_lesson_or_topic,98eeaae6-e350-4312-839a-bebc59222e31,ELinks
vocabulary_no_lesson_or_topic,53edf53d-92d0-40c6-a531-b97079759e1e,Engenio
vocabulary_no_lesson_or_topic,2b8f04a4-c13e-4f29-90c9-2576df8680ca,Expanded Security Maintenance
vocabulary_no_lesson_or_topic,48bfbe1b-b1ac-4336-a353-a61a77016df8,ESXi
vocabulary_no_lesson_or_topic,d71471eb-c3f2-47f6-8dc2-48c12fadfb7e,failover
vocabulary_no_lesson_or_topic,ba2480f7-c06c-485b-ba48-7b4ec8a0911a,fallbacks
vocabulary_no_lesson_or_topic,400f1e9d-2089-40c0-8f8a-75129ebaffcd,Fast Common Gateway Interface
vocabulary_no_lesson_or_topic,4cf8ccd2-b6f6-4bdf-a1f1-f7470e07403f,Fiber Channel
vocabulary_no_lesson_or_topic,bb8b70cd-8e8a-48e6-9988-b5c917d8c38b,Full-Disk Encryption
vocabulary_no_lesson_or_topic,135ded72-3919-4c89-ad61-7ef6632caf83,API Group
vocabulary_no_lesson_or_topic,2ee33fff-8d11-49c5-a9bf-4dfcd4476ccb,Fileset
vocabulary_no_lesson_or_topic,100c298d-38f8-48f5-b9d8-5bae7f3dd1cb,File Transfer Protocol
vocabulary_no_lesson_or_topic,c748b9c7-5afc-45d1-843e-2dca8e1395df,Load-balancing
vocabulary_no_lesson_or_topic,b1c57fb8-1d0c-4d1f-8b80-d50c6d654b41,Federal Information Processing Standard
vocabulary_no_lesson_or_topic,950c499b-033a-4330-a1fa-328a0039c130,Fluentd
vocabulary_no_lesson_or_topic,4680107b-b477-47ff-a25c-6e9d09326dc4,Network Interface Card
vocabulary_no_lesson_or_topic,8ab4583c-e19e-46b7-9eca-225a5b2da40d,"Free Identity, Policy, and Audit"
vocabulary_no_lesson_or_topic,8f94f5cc-d256-480e-bd7d-7ceb0097b2a8,Freenode
vocabulary_no_lesson_or_topic,22a46e4f-a4bb-4c96-8988-5b727e59f403,frontend
vocabulary_no_lesson_or_topic,438a9c9a-b778-4f50-ae5f-19766128f66e,File System Check
vocabulary_no_lesson_or_topic,14376dca-1b0e-4890-a792-e6243c6fe227,Graphics Library
vocabulary_no_lesson_or_topic,5e8b04b0-9961-4879-bafb-50d0224d82b5,JSON Web Token (JWT)
vocabulary_no_lesson_or_topic,4da1b3ce-bc5a-4daf-a64f-6b4420557cd1,FULLTEXT
vocabulary_no_lesson_or_topic,3cebed39-5d56-4043-81a5-381756a89aa5,Highly-available Storage Virtualization
vocabulary_no_lesson_or_topic,4b16955b-4875-4812-9668-1515d6c2162a,gcplogs
vocabulary_no_lesson_or_topic,7009a237-d9f5-417e-8c91-ae61120888a5,gcrypt
vocabulary_no_lesson_or_topic,d1496962-df20-4b6c-bd0e-fe6b105f1984,Graylog Extended Log Format
vocabulary_no_lesson_or_topic,fb6f7769-31f1-4318-9707-ea424e92a222,Group Policy Object
vocabulary_no_lesson_or_topic,9f9348de-04d0-4be3-9467-74930c6d1a32,GFS2
vocabulary_no_lesson_or_topic,50c6f33c-8178-43be-8f83-db56394878ba,Group ID
vocabulary_no_lesson_or_topic,6ed273be-ae6a-4f95-8643-5e1940c97992,gitolite
vocabulary_no_lesson_or_topic,3c12866a-189e-4743-9878-a9f2879d78fb,Google Kubernetes Engine
vocabulary_no_lesson_or_topic,3c75c267-9a93-4b14-b584-716d50baf476,High-availability Storage Group
vocabulary_no_lesson_or_topic,149c0618-5c4e-4f08-b776-d08a97544dc4,GNU’s Not Unix
vocabulary_no_lesson_or_topic,de943add-1b1b-42f4-8934-862ecc0baa99,pockets
vocabulary_no_lesson_or_topic,4f903b66-49f5-466d-980a-ed60256e5f71,GNU Privacy Guard
vocabulary_no_lesson_or_topic,106cc3c5-1a73-422d-befb-7ba6d76f9e3a,Global Positioning System
vocabulary_no_lesson_or_topic,2f8b6f92-37ec-45ab-a44c-8f7b4c7ac1bb,GPS daemon
vocabulary_no_lesson_or_topic,1fd6d6e1-db77-41ad-a193-f870847819eb,Graphics Processing Unit
vocabulary_no_lesson_or_topic,8ef08cfe-4605-4056-93f9-cf7a8d955f32,Graylog
vocabulary_no_lesson_or_topic,f3c86890-1fe1-446c-a5bc-5d5f8d60f443,GRand Unified Bootloader
vocabulary_no_lesson_or_topic,2fcbfb69-ccc5-4c0c-920a-a78c749f4a87,Generic Security Services Application Program Interface
vocabulary_no_lesson_or_topic,386a3764-e38b-4688-b83b-e5cc8755aff4,GIMP Toolkit
vocabulary_no_lesson_or_topic,0fadc97b-153f-44e8-8581-58cb0a7cc4dd,Graphical User Interface
vocabulary_no_lesson_or_topic,bed26c7d-aea6-4297-b1ad-e01216dc8180,Hyper Text Caching Protocol
vocabulary_no_lesson_or_topic,c6595bcf-53e0-419e-8fd4-2d551b8e6f38,GNU Zip
vocabulary_no_lesson_or_topic,7538ce53-c8de-4017-aa41-1e63b9682bc7,High Availability
vocabulary_no_lesson_or_topic,2270d679-54e9-4b99-831e-6296944128b6,Mail Delivery Agent
vocabulary_no_lesson_or_topic,0f398f09-94ce-4141-a161-6be931d2a98b,Hash-based Message Authentication Code
vocabulary_no_lesson_or_topic,b7d5c74c-95b1-44e0-86ed-86514adbae3b,Hardware Management Console
vocabulary_no_lesson_or_topic,bf0ebd86-039b-490f-8c71-b6b825330718,hostname
vocabulary_no_lesson_or_topic,1de27023-79d5-479e-9a94-4ca5f8fe0bff,HMAC-based One-Time Password
vocabulary_no_lesson_or_topic,cbd5e84e-e0e5-4cd4-960e-3e03e58deaa9,hotplug
vocabulary_no_lesson_or_topic,f7c85709-7bdb-4ba1-a1f7-8d801f97c8e0,Host Physical Bits
vocabulary_no_lesson_or_topic,ec805fc9-6a90-4e71-b6a0-efae1a82353d,High Performance Computing
vocabulary_no_lesson_or_topic,2902c8b2-e4f5-48cc-a47f-e1cf5e282240,HyperText Markup Language
vocabulary_no_lesson_or_topic,a1604237-3479-4fa7-a399-b98338b6b7c0,HyperText Transfer Protocol
vocabulary_no_lesson_or_topic,2b831099-dc7c-442b-a877-507d76302743,HyperText Transfer Protocol Daemon
vocabulary_no_lesson_or_topic,f87fbd9c-bbf8-416e-860b-beb9eff55e84,HyperText Transfer Protocol Secure
vocabulary_no_lesson_or_topic,dcac8838-f1d0-4cc1-8b6b-5784f31e607d,Minimal Device Manager
vocabulary_no_lesson_or_topic,af6b14c6-c13e-42d8-b0ac-f256215c6591,hugepage
vocabulary_no_lesson_or_topic,558bd9b3-89ef-466e-bd5e-f7f7edc63bd1,Hardware Enablement
vocabulary_no_lesson_or_topic,96edc929-fdd6-4e50-842c-8aea04e2f9cb,Internet Control Message Protocol
vocabulary_no_lesson_or_topic,0462db26-ffbc-44fe-b269-932f640fe3b3,Internet Cache Protocol
vocabulary_no_lesson_or_topic,7173e942-09ba-4e5d-b446-be1aede4051c,Identification Protocol
vocabulary_no_lesson_or_topic,6bc0c2d8-3f6d-4df0-bd37-385e0a6fbf76,Intel Trust Domain Extensions
vocabulary_no_lesson_or_topic,86020e6a-8662-4370-bb1a-0e991b7b8b1e,Input/Output
vocabulary_no_lesson_or_topic,aded8972-d35e-4b91-9bfe-2cd8852242b0,Input-Output Memory Management Unit
vocabulary_no_lesson_or_topic,f98598e6-1bab-4d70-90fe-9a895da787bd,Internet of Things
vocabulary_no_lesson_or_topic,950ed7e9-8532-4466-ab4e-ad37e543bb35,Multipath Input/Output
vocabulary_no_lesson_or_topic,6afc5106-a8dd-4763-8752-20615b4e0c49,Inter-Process Communication
vocabulary_no_lesson_or_topic,7159f669-b849-422b-b83e-07491ee26883,Initial Program Load
vocabulary_no_lesson_or_topic,3a6529ab-50a8-449f-a4c7-abdbdcf0fbb0,Intelligent Platform Management Interface
vocabulary_no_lesson_or_topic,1792edf9-9414-421b-a53c-affe7e1f4fcc,Internet Printing Protocol
vocabulary_no_lesson_or_topic,887f68cf-2af2-4700-820e-9764ccb30730,Internet Protocol Security
vocabulary_no_lesson_or_topic,b6ccf53d-2ec8-4350-bdcb-ef1d32824711,IP Virtual Server
vocabulary_no_lesson_or_topic,39260fc2-4086-4bfd-97a4-5a0e7461b13e,commit message
vocabulary_no_lesson_or_topic,71f2d5e4-97fa-4908-b356-6a7ae798cd50,Internet Small Computer System Interface
vocabulary_no_lesson_or_topic,4ffe1c3f-513d-4231-bf9c-59061f3076a6,International Organization for Standardization
vocabulary_no_lesson_or_topic,f53da9e1-31c2-448b-b453-d7f0da67e404,Internet Service Provider
vocabulary_no_lesson_or_topic,01b0a339-b123-4d3b-bd3d-02a348bd727e,jitter
vocabulary_no_lesson_or_topic,87ddf00f-3a8b-4028-9c06-cf4673143d90,Network Information Service
vocabulary_no_lesson_or_topic,1b156985-908a-4500-95d9-ca7c0ec691f2,journald
vocabulary_no_lesson_or_topic,5dc272b9-b274-436b-be6d-30a805bfe87a,JavaScript Object Notation
vocabulary_no_lesson_or_topic,b1a6b9b9-6f2a-40be-a229-8d5edab071ec,Key Distribution Center
vocabulary_no_lesson_or_topic,2cd24a2e-8eb3-40bf-a885-605cfa970bd8,keepalive
vocabulary_no_lesson_or_topic,ee295234-09be-4c92-8bde-82fdc088c253,Kerberos
vocabulary_no_lesson_or_topic,f8471d75-1c59-4a68-92ff-4bff0a1fba1f,keypair
vocabulary_no_lesson_or_topic,00f9bc88-4f70-45f5-9f11-dd0dff75bf97,keyring
vocabulary_no_lesson_or_topic,d50a3541-3d3d-4c2c-8565-4514b91d1c2d,keysalt
vocabulary_no_lesson_or_topic,79de203e-7cbc-461a-94ef-308e6ac91345,keyservers
vocabulary_no_lesson_or_topic,b318550d-3c45-42ee-9891-85138cc0bfec,keytab
vocabulary_no_lesson_or_topic,500b3fe7-82f8-4cac-a2f3-71ebf024b6bb,localhost
vocabulary_no_lesson_or_topic,d52a1055-df08-4ac7-837f-761d5d799476,Logstash
vocabulary_no_lesson_or_topic,6a1733c2-0a08-43a8-bf3c-8de0d95e95b1,Logwatch
vocabulary_no_lesson_or_topic,4448da98-91c7-414a-9e00-c687fc4f5b2a,Logical Partition
vocabulary_no_lesson_or_topic,121698b3-0f5e-42be-9c75-367a773f310e,Logic Systems Incorporated
vocabulary_no_lesson_or_topic,d490f326-788b-45bf-8110-4460d864fc0c,Mail Transfer Agent
vocabulary_no_lesson_or_topic,7808142b-693d-4f48-ab3d-7f58651ef2c8,Non-Maskable Interrupt
vocabulary_no_lesson_or_topic,7e824b2c-ef53-49ac-b1ce-9afbe9b52370,Long-Term Support
vocabulary_no_lesson_or_topic,8bfce8da-092b-4271-b519-7444149bb0c0,Logical Unit
vocabulary_no_lesson_or_topic,68ab9dea-0764-4cb2-b31b-b123934f78c6,Lua Scripting Language
vocabulary_no_lesson_or_topic,70c826a4-5115-49cb-a136-de71708893f2,Linux Unified Key Setup
vocabulary_no_lesson_or_topic,99a63791-dc7b-4232-a21b-c9ad53f901f1,Logical Unit Number
vocabulary_no_lesson_or_topic,072b92a5-ac78-4c68-a4bb-5906095ba382,Logical Volume
vocabulary_no_lesson_or_topic,6f7a232c-cb2f-4bc8-99c1-4000e75f475f,Logical Volume Manager
vocabulary_no_lesson_or_topic,972cdee2-1379-4b85-89b2-6f36d6fdc456,Linux Containers
vocabulary_no_lesson_or_topic,60834498-6569-4f4c-8622-11b05ce431a7,Linux Container Daemon
vocabulary_no_lesson_or_topic,079d3c5e-25c6-4aa7-ab79-a29b47056c80,Metal as a Service
vocabulary_no_lesson_or_topic,17f52e78-739d-4ea7-8126-17a2c4879ac9,Message Authentication Code
vocabulary_no_lesson_or_topic,0336258e-0105-424a-9ae5-beae01537d81,manual page
vocabulary_no_lesson_or_topic,cc5ee1ea-a19e-483b-84bb-1d3ae2bf102d,Machine Check Exception
vocabulary_no_lesson_or_topic,df83d314-2601-40d4-adaa-901878f6d556,Message Digest Algorithm 5
vocabulary_no_lesson_or_topic,d30d8567-af21-4544-87c6-3bbb23065cec,Network Attached Storage
vocabulary_no_lesson_or_topic,98536cd0-015c-41ab-b0c9-2faa6bd6c52e,Network Address Translation
vocabulary_no_lesson_or_topic,8de51de5-4cd2-4e36-9387-70f2db3a5b90,Netboot
vocabulary_no_lesson_or_topic,04b52232-7e10-480d-800f-d8587f82a69d,Netfilter
vocabulary_no_lesson_or_topic,7ff03fe0-060a-4b57-91a4-fcc1d136fb48,Netplan
vocabulary_no_lesson_or_topic,f1f9e85c-b07f-4e3c-81f3-32d4f61905ed,Network File System
vocabulary_no_lesson_or_topic,c43a830e-a7ac-45c7-9542-157737f4fa37,Non-Volatile Memory Express
vocabulary_no_lesson_or_topic,1de71af3-d4e1-4207-8742-7043cadb7ce9,Non-Volative Random Access Memory
vocabulary_no_lesson_or_topic,cf47a929-cfa1-446a-9d3f-113676cb3d8d,NVIDIA NVLink Switch
vocabulary_no_lesson_or_topic,36eb98e7-6df3-428a-b069-6f74fc0c1c23,Open Shortest Path First
vocabulary_no_lesson_or_topic,7410d82d-a370-4e5c-941a-64b636aa32f8,Operational Test and Evaluation
vocabulary_no_lesson_or_topic,e5a2dd20-a18b-40b6-8ac7-bf8c1471b0c1,One-Time Password
vocabulary_no_lesson_or_topic,d28e0cc7-2274-4e25-883a-5cd34d51ec3b,Organizational Unit
vocabulary_no_lesson_or_topic,da02b54c-6242-4cf4-bd8b-25e5bde07a55,OverlayFS
vocabulary_no_lesson_or_topic,63ebb9b3-97c6-40ba-bc48-ba0385eb1b5b,Open vSwitch
vocabulary_no_lesson_or_topic,b5539db7-253f-4042-9c75-c709208793db,Pluggable Authentication Module
vocabulary_no_lesson_or_topic,b43a7d74-d496-4556-8c0a-97105b8a7a21,passthrough
vocabulary_no_lesson_or_topic,275742d3-e334-43aa-aa36-470bbfe59c89,PB
vocabulary_no_lesson_or_topic,5e7d7fcd-4a7f-4670-a7f8-dcb2219dce83,Peripheral Component Interconnect
vocabulary_no_lesson_or_topic,89c871e7-0f8b-4340-95cd-eca5a86917b5,Peripheral Component Interconnect Express
vocabulary_no_lesson_or_topic,f820c373-089c-4302-8338-9a80929fd5cd,Pacemaker/Corosync Stack
vocabulary_no_lesson_or_topic,007d7158-d34f-4905-9515-36a9290f20e5,Primary Domain Controller
vocabulary_no_lesson_or_topic,c9479b8b-a8a7-411e-81f0-19ded95d4dc3,Privacy Enhanced Mail
vocabulary_no_lesson_or_topic,601e91d7-ab47-4e4e-a3ec-459780551994,Petitboot
vocabulary_no_lesson_or_topic,7b65d39b-a559-4524-9b3e-2a0ae578059a,PgSQL
vocabulary_no_lesson_or_topic,45f4ea84-72b4-4e1d-8651-8214a5de1d21,PHP: HyperText Preprocessor
vocabulary_no_lesson_or_topic,15b2c725-17f5-46d3-871d-d3a9ff00bad7,Process Identifier
vocabulary_no_lesson_or_topic,902042cc-1de1-46bc-96f5-c8adb90e8a2b,pingable
vocabulary_no_lesson_or_topic,c9b6113b-2e4f-4599-b1b1-3975351dd18b,Personal Identity Verification
vocabulary_no_lesson_or_topic,4a14c9ec-9a61-4d8d-8dbf-8485f476ae11,Public-Key Cryptography Standards
vocabulary_no_lesson_or_topic,cb95f131-7276-43f1-9fa8-7fcfea874598,Point-to-Point Protocol over Ethernet
vocabulary_no_lesson_or_topic,31621a52-9b81-4721-819a-c6d1325f6681,Pulse Per Second
vocabulary_no_lesson_or_topic,a7a1d8e1-268e-40b6-85f5-ef7887db2d12,Preboot
vocabulary_no_lesson_or_topic,1a35fdf0-6cff-4b68-bf03-90d2e0fada4c,preseed
vocabulary_no_lesson_or_topic,3e95bdb1-745d-4f8a-a8b6-63f45765a266,Prometheus
vocabulary_no_lesson_or_topic,53dcc0ca-410a-42ee-b25b-227f6cfe73af,proxy
vocabulary_no_lesson_or_topic,993742a3-8c6b-452a-9730-5da9ed96c72f,Precision Time Protocol
vocabulary_no_lesson_or_topic,d333d638-bd99-4f8e-bc61-bdf33630f425,Pointer Record
vocabulary_no_lesson_or_topic,b2a5f914-e92e-4352-aed8-5d6aa288e974,Preboot Execution Environment
vocabulary_no_lesson_or_topic,f98e542d-6980-4116-9626-3c1ff488c30b,PXE Linux Loader
vocabulary_no_lesson_or_topic,ddde6d1d-e38f-4175-b458-2f8c89ba86c7,Quality Assurance
vocabulary_no_lesson_or_topic,18748e24-fcb2-4579-9788-5d034b88e866,Quorum Device
vocabulary_no_lesson_or_topic,2aaba8bf-1c96-40d5-9b1f-05eeb269ea2c,Quick Emulator
vocabulary_no_lesson_or_topic,4bad975f-f082-40fc-a1bb-d4028a1089f1,QDIO Ethernet
vocabulary_no_lesson_or_topic,fa82522d-ff78-46cb-81e4-d738a6eec2dd,quickstart
vocabulary_no_lesson_or_topic,19bfb416-8d77-41ef-bd79-7dfaead4bd63,Random Access Memory
vocabulary_no_lesson_or_topic,d875af6c-0e0c-4784-8b52-f1eecfc105d1,RangeSize
vocabulary_no_lesson_or_topic,9ad00e6b-f597-42fa-a97b-891929fce49d,Redundant Disk Array Controller
vocabulary_no_lesson_or_topic,e5d083a1-22a7-4b40-ba85-02d34ac19ef4,Relational Database Management System
vocabulary_no_lesson_or_topic,840bffce-fc67-4198-bc36-c170d06444e9,Relative Distinguished Name
vocabulary_no_lesson_or_topic,79fccd59-cc16-4189-8290-d8ff6f3c6efa,renderer
vocabulary_no_lesson_or_topic,82009caf-a3ac-4748-9ce7-9c6f3e8ef0ef,Restructured Extended Executor
vocabulary_no_lesson_or_topic,ff93adc3-5fb7-4ad0-99c8-fefb8cc30b1e,Request For Comments
vocabulary_no_lesson_or_topic,2b314567-9b3c-472a-98ed-b302420846ce,Relative Identifier
vocabulary_no_lesson_or_topic,deb5c3a3-bf81-459a-98aa-91ea5e007efc,SSH File Transfer Protocol
vocabulary_no_lesson_or_topic,3972e6ca-a596-4979-b89a-53d3abe7713e,Silicon Graphics Inc.
vocabulary_no_lesson_or_topic,a5b3596d-a035-40d1-a037-ec764ab223ba,Router Information Protocol
vocabulary_no_lesson_or_topic,fa8d52cc-4297-45bd-8743-dda4cc5096a6,Reduced Instruction Set Computing - Version Five
vocabulary_no_lesson_or_topic,796133a4-0eab-4f1a-8cd1-f5c0ca5420cd,Rocks
vocabulary_no_lesson_or_topic,9ae8b97f-631e-41d1-90a7-be0c09ec6ef3,Read-Only Memory
vocabulary_no_lesson_or_topic,281f7bcd-8979-471b-8cc6-70715ee5605a,Root Distinguished Name
vocabulary_no_lesson_or_topic,f73a6e60-a1c2-4026-ba2c-f8228bbdf086,Root File System
vocabulary_no_lesson_or_topic,af3d15ff-db28-4116-bc12-d3379b330090,routable
vocabulary_no_lesson_or_topic,3b36ded5-62fc-47b1-a4b5-d59fe289c630,Rivest–Shamir–Adleman
vocabulary_no_lesson_or_topic,5206cf4a-80c6-46f1-9374-1279853e903e,Remote Sync
vocabulary_no_lesson_or_topic,af486456-8080-434f-92f6-2e71dedf88a7,Real-Time Clock
vocabulary_no_lesson_or_topic,49549ba6-464d-4ee1-904a-fad0f8f4df33,runtime
vocabulary_no_lesson_or_topic,070f82b1-2fac-421e-aadb-9bc69508b62d,Samba
vocabulary_no_lesson_or_topic,75c087b5-327b-43b6-aab4-c3d291b9c7cc,superblock
vocabulary_no_lesson_or_topic,eafaa2bf-dc86-417d-8a49-93ca1c87fe85,symlink
vocabulary_no_lesson_or_topic,62ac1579-ab68-44f1-85d9-10f908698082,schema
vocabulary_no_lesson_or_topic,eccbc862-aabb-4eaa-95db-ddb2a38c8a9c,Storage Area Network
vocabulary_no_lesson_or_topic,aba57234-5051-434e-8f10-5dddaf9ca48a,SCSI Primary Commands
vocabulary_no_lesson_or_topic,72d5f552-47ef-4ecd-ba7f-f5c5612b7e4b,Splunk
vocabulary_no_lesson_or_topic,54f5b180-bf54-44b2-9013-2c643f4e1128,Small Computer System Interface
vocabulary_no_lesson_or_topic,b992ff46-b9b5-4cd2-932b-4f27973d4e45,sandboxed
vocabulary_no_lesson_or_topic,8b7eaaf0-a8d1-4ab4-acd4-b9701bfe1faf,Storage Area Network Locking Daemon
vocabulary_no_lesson_or_topic,707b471d-7bff-4839-a86c-fcc5d2c3329b,Simple Authentication and Security Layer
vocabulary_no_lesson_or_topic,704f7a50-c680-4a0f-adec-8437d783b341,Storage-Based Death
vocabulary_no_lesson_or_topic,fdb3605b-db15-45b7-8b9e-eda5ed5e6100,System Binaries
vocabulary_no_lesson_or_topic,16f51655-0f62-408c-94ba-3db9ccdbc812,subvolume
vocabulary_no_lesson_or_topic,691acf62-a471-475c-9b2b-1e9395ccf506,Secure Copy Protocol
vocabulary_no_lesson_or_topic,b95d7fab-e98b-470f-96f8-217da62c95fc,Scrollback
vocabulary_no_lesson_or_topic,2da2a99f-fbb9-451c-99da-da1d87b80329,Stable Release Update
vocabulary_no_lesson_or_topic,640b25cf-ac5a-4322-9b27-b9e2cfb0fe29,Solid State Drive
vocabulary_no_lesson_or_topic,b6221685-fcbd-4ac4-a59a-7298849c3ba0,Secure Shell
vocabulary_no_lesson_or_topic,da49953f-ff2b-42bc-954c-37c41f1e8cb3,Secure Shell Key
vocabulary_no_lesson_or_topic,bca6d87e-7833-4f6f-b329-19e6982a7da1,Server-Side Includes
vocabulary_no_lesson_or_topic,f8b9fccb-9dbf-466c-ad65-50e955fd94df,Secure Sockets Layer
vocabulary_no_lesson_or_topic,65b5fc38-2cdc-47b0-971c-2d2d7c8701bb,Single Sign-On
vocabulary_no_lesson_or_topic,58dd5171-6506-4f9a-ac5e-932e8bcf6584,System Security Services Daemon
vocabulary_no_lesson_or_topic,dbb52ad4-0654-4166-baf4-3758f6a54f25,stateful
vocabulary_no_lesson_or_topic,09bfd53c-7312-4275-bd23-199d4d1d7a8b,Standard Input
vocabulary_no_lesson_or_topic,b7a6ac34-0bd2-420f-8009-f020de9ca2c7,Standard Output
vocabulary_no_lesson_or_topic,24563c84-b618-45f9-9630-301528d753ea,Standard Error
vocabulary_no_lesson_or_topic,a5fac685-675e-41ef-b1d6-1d2f80083cdb,StorageTek
vocabulary_no_lesson_or_topic,87645984-710a-45a0-92f5-3c1dbc0d9504,storage
vocabulary_no_lesson_or_topic,f81d70dc-5ccf-4039-985f-705052e725a1,subcommand
vocabulary_no_lesson_or_topic,90d32811-f654-4954-a178-dd3fd1b6fa67,Subiquity
vocabulary_no_lesson_or_topic,3bdefc05-1d4b-4bc3-ac0a-dc5ef2612c53,substring
vocabulary_no_lesson_or_topic,f247f724-2aa4-4fe4-850a-54eb7500daa0,uptime
vocabulary_no_lesson_or_topic,6ccfd42f-f3e6-443f-9a6e-a6d1fa04b334,Transport Layer Security
vocabulary_no_lesson_or_topic,eaf7465d-2630-4a17-9442-cf02b02e9669,Task selector
vocabulary_no_lesson_or_topic,db2f535a-8847-45d9-b56e-ed884cedb6b1,TB
vocabulary_no_lesson_or_topic,3d90504f-60f6-42b7-a0c7-a7df9637c110,Transmission Control Protocol
vocabulary_no_lesson_or_topic,443a02ae-a79f-4e74-a320-31749488d68b,Trust domain extensions
vocabulary_no_lesson_or_topic,253871a7-38ce-4dfe-a99d-2f739a69f05f,Trusted Execution Environment
vocabulary_no_lesson_or_topic,673e5891-5ae0-42f3-9e67-da3feadd2200,Trivial File Transfer Protocol
vocabulary_no_lesson_or_topic,f2b4ada2-b340-4219-9ec5-bd4d29491ebb,Ticket Granting Service
vocabulary_no_lesson_or_topic,97c4d748-00e5-41be-8376-bf7198703a8e,Ticket Granting Ticket
vocabulary_no_lesson_or_topic,055bdc72-133c-457f-af6e-5ed202e772c8,Translation Lookaside Buffer
vocabulary_no_lesson_or_topic,1c8d7168-1e66-4b4b-8da1-2b68c003ed3c,Volume Group
vocabulary_no_lesson_or_topic,5e305e3b-0f79-4c2f-a7a6-f2895b51cc1a,Temporary Filesystem
vocabulary_no_lesson_or_topic,1e241bd5-4c93-4e30-b73f-50ae9cefe045,Terminal Multiplexer
vocabulary_no_lesson_or_topic,b9000bb0-69cb-44d6-a3ec-7bd1556fda6b,topologies
vocabulary_no_lesson_or_topic,01973542-1545-4299-a9d1-b174e30f7389,Time-based One-Time Password
vocabulary_no_lesson_or_topic,b3a261b7-cf0b-4fc9-8c1a-f47b537c0e5c,Trusted Platform Module
vocabulary_no_lesson_or_topic,17f430fc-2848-40c4-8e09-cb9270526729,Traceback
vocabulary_no_lesson_or_topic,4ec657af-769e-4264-87f0-2ebecec305ed,Traceroute
vocabulary_no_lesson_or_topic,f1fc408d-ed74-4c05-8d94-fc0a64a78f56,unicast
vocabulary_no_lesson_or_topic,a94510af-9691-4adb-9855-ba5c7523028f,Teletype Terminals
vocabulary_no_lesson_or_topic,3fd8a552-7ced-4386-bbec-2d7745974f81,code of conduct
vocabulary_no_lesson_or_topic,964ffaeb-ae06-4584-865c-b12df05c3ce3,Uniform Resource Identifier
vocabulary_no_lesson_or_topic,7b75bca9-318d-462e-afa4-1a91b7a3a3f4,Trusted Execution Technology
vocabulary_no_lesson_or_topic,72f4402c-ece8-4bb7-b43b-5f5c62006f8b,Unified Data Architecture
vocabulary_no_lesson_or_topic,2ceefb80-da3d-458f-b9bc-cd77984f684a,User Datagram Protocol
vocabulary_no_lesson_or_topic,c30733ff-f439-48c4-9bd2-f8e7fd70b036,Unified Extensible Firmware Interface
vocabulary_no_lesson_or_topic,13f492f4-56c0-49d7-b56d-11e959196789,Uncomplicated Firewall
vocabulary_no_lesson_or_topic,e6ceae1c-21b4-4eb0-81d7-241ad7d11ed9,User Identifier
vocabulary_no_lesson_or_topic,7718b569-0003-4242-a056-67cad8c6c6ba,User Interface
vocabulary_no_lesson_or_topic,70aa0b05-189a-4160-8151-1a2b389ad9ec,unmount
vocabulary_no_lesson_or_topic,77965730-4940-4e24-8bb3-1225808b81b2,untrusted
vocabulary_no_lesson_or_topic,de77857c-c5bd-4b83-973f-df1ba0f81616,Uniform Resource Locator
vocabulary_no_lesson_or_topic,97695394-23df-430c-aee2-7df1ea835e3c,userspace
vocabulary_no_lesson_or_topic,70e0c04c-d33d-46f1-89e4-e821aa8d0ea0,Update Sequence Number
vocabulary_no_lesson_or_topic,3f08c3e2-1ec5-4cb1-9def-f8d50fb9ce6d,usr
vocabulary_no_lesson_or_topic,da9f529d-d7e5-4e54-8ef7-10c8065ca5e3,Universally Unique Identifiers
vocabulary_no_lesson_or_topic,49cdba79-39ab-4ccc-bf26-e588114e321d,Virtual Central Processing Unit
vocabulary_no_lesson_or_topic,2fb66a32-3061-4854-8e48-59f8c1f5eaa0,Version Control System
vocabulary_no_lesson_or_topic,1d0e9f57-96c2-4eae-9f48-6c4605346ba9,fenced code block
vocabulary_no_lesson_or_topic,8a4649fb-1bbf-42bf-b40e-48a6af4698f2,Virtual Ethernet
vocabulary_no_lesson_or_topic,419bf71b-3f00-45a8-bd57-80b5fd8377f3,Virtual Function I/O
vocabulary_no_lesson_or_topic,8dcbec89-ca34-4575-9f9f-bdf991749971,Virtual File System
vocabulary_no_lesson_or_topic,50c8fe3e-b9e3-40d8-82bf-cbb01d0aefc1,Virtual Functions
vocabulary_no_lesson_or_topic,7282bd29-b2ac-405c-9d1d-c801d669f742,following (users)
vocabulary_no_lesson_or_topic,dc7eca45-aa11-4a65-87dc-ffad17fb9da0,Virtual Graphics Processing Unit
vocabulary_no_lesson_or_topic,875006ec-24f0-48db-916c-37e04b157377,Virtual Shell
vocabulary_no_lesson_or_topic,528b571c-9e0c-4616-988e-92e162a9bedf,Virtualization I/O
vocabulary_no_lesson_or_topic,6442c8ec-efbe-4fdd-b4f4-2a29dac8b1ad,virtual
vocabulary_no_lesson_or_topic,32e71e39-0679-440b-844e-90e3fe2c0e91,virtualization
vocabulary_no_lesson_or_topic,a4c0ffe8-3e86-4fb0-a2cb-b71385497d4d,file system
vocabulary_no_lesson_or_topic,c00ac8ff-a70d-4e67-8587-e02bdc10c81f,Virtual Local Area Network
vocabulary_no_lesson_or_topic,3918b41f-cf30-4f0e-bc47-0e07745475e1,Virtual Network Computing
vocabulary_no_lesson_or_topic,20076c04-a44c-4426-ac53-2f9024c1db36,root directory
vocabulary_no_lesson_or_topic,304eae9e-3114-480e-9286-4eed1f40ef70,Virtual Private Network
vocabulary_no_lesson_or_topic,d4834371-a656-46ef-bd41-ca0afa94a6de,Wireless Local Area Network
vocabulary_no_lesson_or_topic,cd4a76c2-e9e6-4190-9212-b215a2730450,Zip File
vocabulary_no_lesson_or_topic,b250f029-b78b-427f-b6db-437d5df92304,billing email
vocabulary_no_lesson_or_topic,5cbd3491-5219-4ff6-85ae-b930d63679a3,Virtual Router Redundancy Protocol
vocabulary_no_lesson_or_topic,9d9c5839-1d52-4013-9d48-2e17359cba9f,Very Secure FTP Daemon
vocabulary_no_lesson_or_topic,0f90b4d3-ab61-4d23-99a2-4b15a83be391,Open Source
vocabulary_no_lesson_or_topic,2a17fd7a-880d-4edb-9707-4d98f56cc66e,Git archive
vocabulary_no_lesson_or_topic,7ddd95c0-8fd4-4a6d-988b-f81988d427e7,Write-Ahead Log
vocabulary_no_lesson_or_topic,cda200a9-9bb2-42ad-97b2-7b7cd7816de7,Wide Area Network
vocabulary_no_lesson_or_topic,12a3280c-6292-4738-b01d-2a4234c5aef4,Web Cache Communication Protocol
vocabulary_no_lesson_or_topic,6e24fe32-0888-4e93-a752-a61e1846b7c6,Windows Bind
vocabulary_no_lesson_or_topic,ddbf387e-dee4-4874-9669-378741ef9056,WireGuard
vocabulary_no_lesson_or_topic,38bb8d62-1975-4eea-9c3b-88a20c172751,basic authentication
vocabulary_no_lesson_or_topic,95bd074c-d936-4ab4-9c8e-fca450713b5e,Web Server Gateway Interface
vocabulary_no_lesson_or_topic,b6096727-9e6f-483c-b503-74ebdd5742d0,World Wide Identifier
vocabulary_no_lesson_or_topic,bd815f3d-057a-414f-b90c-eaefb6e7112b,billing manager
vocabulary_no_lesson_or_topic,233acba2-bb73-4f70-90a8-ff3ee6e376e0,X.509
vocabulary_no_lesson_or_topic,39ac5467-ca07-48c5-b590-78c89657cc12,Extensible HyperText Markup Language
vocabulary_no_lesson_or_topic,25a55c7b-7445-4f17-b45c-b2fb3a1e03ed,Extensible Markup Language
vocabulary_no_lesson_or_topic,bc853ff7-75fe-4922-bd8c-c03ac5531cf6,YAML Ain’t Markup Language
vocabulary_no_lesson_or_topic,ca3b0159-aa7f-4655-a92f-a15ac898ee98,Computer Program
vocabulary_no_lesson_or_topic,ebbf77c6-7ac0-4a2a-80df-268e16663859,Best Practice
vocabulary_no_lesson_or_topic,e4796424-2bbd-4545-a5a2-7be912accad6,Yubikey
vocabulary_no_lesson_or_topic,30100033-0406-43bc-b0a0-430f9918f33e,zSeries Fibre Channel Protocol
vocabulary_no_lesson_or_topic,1feb733a-40f8-46d3-a400-c1150bffe3f2,Zettabyte File System
vocabulary_no_lesson_or_topic,615258c2-bfa8-4d8f-9f6a-0873e7757865,billing cycle
vocabulary_no_lesson_or_topic,53e7bd3d-bcb2-4b6e-9a4a-0929f94bd1ba,z/VM
vocabulary_no_lesson_or_topic,627ded1a-93d2-4fa5-952c-57e5ec613d26,Introduction
vocabulary_no_lesson_or_topic,bce1e030-766d-4fe9-addd-a5903b32bcb7,Wireless Access Point
vocabulary_no_lesson_or_topic,d6fbf0fe-e007-455a-a3cb-48e2ff2a09b7,a qubit
vocabulary_no_lesson_or_topic,475912c0-5196-43be-9587-4b67a68a396a,Multiplatform Phone
vocabulary_no_lesson_or_topic,66f3efe2-7f21-4ded-89f3-6a348d620ce7,Administration Guide and Quick Start Guide
vocabulary_no_lesson_or_topic,a318c7b5-c0ba-409b-a768-9f532cd0c983,Default Settings
vocabulary_no_lesson_or_topic,41cdbee3-d87f-45c3-9cad-117a28b96035,dangling object
vocabulary_no_lesson_or_topic,4d1d9235-7558-4c8c-aa41-a9edc521483a,Default Username and Password
vocabulary_no_lesson_or_topic,edb12909-8ddd-4a3e-ba9d-0cfabdb24e21,Default IP Addresses
vocabulary_no_lesson_or_topic,d7fa7243-a874-4cc3-9f37-901269033466,Reset to Factory Default
vocabulary_no_lesson_or_topic,cf5a36df-12ac-4307-bcc4-77e1e89552f7,Web User Interface (UI)
vocabulary_no_lesson_or_topic,852b8f72-e0bc-4285-8571-0b16be86802d,Setup Wizard
vocabulary_no_lesson_or_topic,51bbd30a-7722-4f30-992b-3b622bc09602,Cisco Proprietary
vocabulary_no_lesson_or_topic,9a7bca70-5680-4d26-93a6-ebb40ff204a0,Command Line Interface (CLI)
vocabulary_no_lesson_or_topic,59fd2f8c-5ca1-4ea9-84fb-1f4ca0c7cad2,Models in a Series
vocabulary_no_lesson_or_topic,e37ef7d6-82df-42f1-9dd9-4ffe08c46a09,Firmware
vocabulary_no_lesson_or_topic,5e2e03ae-ca4b-41d4-9668-20a8b1244591,Upgrade Firmware
vocabulary_no_lesson_or_topic,d4218df4-b57e-467f-ae1b-c685f25e664a,Node
vocabulary_no_lesson_or_topic,11399f84-4d46-4599-9d4f-eeb4892d21d8,Configure
vocabulary_no_lesson_or_topic,91126eea-9c1f-4457-a19a-5e0fd3fb50dd,subnetwork
vocabulary_no_lesson_or_topic,46610a64-aafc-4170-9ec5-bb98e64e704d,Virtual Machine
vocabulary_no_lesson_or_topic,d2b24f9b-1d60-475c-9c8c-99baf1fcdcaf,Cisco Business Dashboard (CBD)
vocabulary_no_lesson_or_topic,45627cc8-65df-4df4-841a-cd962e65f979,FindIT Network Discovery Utility
vocabulary_no_lesson_or_topic,c66c3ddb-20a7-4550-af87-15e4edc3e5f9,Web Browser
vocabulary_no_lesson_or_topic,4fdac53a-3f27-4798-847d-62540521684d,Uniform Resource Locator (URL)
vocabulary_no_lesson_or_topic,9ed336f2-2416-4ad5-9ca0-aac34ce1183c,AnyConnect (RV34x series routers/ VPNs)
vocabulary_no_lesson_or_topic,7aeb9d9b-5250-49fa-ba9b-b3f713deeab6,Latency
vocabulary_no_lesson_or_topic,1fe3de55-0307-48bc-b876-4028ad2d5823,Redundancy
vocabulary_no_lesson_or_topic,bf6a8b62-a29d-4f1d-b68e-e3cdbb76fe43,parent team
vocabulary_no_lesson_or_topic,aa260ec9-2904-4a73-93a3-072dc81434bc,SSID
vocabulary_no_lesson_or_topic,a83294ef-9264-44e7-b97c-e5944cf4a2d6,Quality of Service (QoS)
vocabulary_no_lesson_or_topic,247d3e46-2c58-4433-8288-5a91e9c29ebe,Internet Service Provider (ISP)
vocabulary_no_lesson_or_topic,12d88fb7-2ecc-4de6-a673-b501aa373573,force push
vocabulary_no_lesson_or_topic,c10d5b33-8413-4d7f-8c2a-a7cb02f8d116,Access Control Lists (ACLs)
vocabulary_no_lesson_or_topic,d0aa927e-488f-47ff-86c5-cd0e32d964c0,Bandwidth
vocabulary_no_lesson_or_topic,b667b1a1-4e9e-4c76-9714-fc91b8ad879e,Ethernet Cable
vocabulary_no_lesson_or_topic,d836107c-d62f-47c7-8647-2d8519430633,Wide Area Network (WAN)
vocabulary_no_lesson_or_topic,21e4eecb-0f8c-4d9a-9738-8802fd2e44cc,Network Address Translation (NAT)
vocabulary_no_lesson_or_topic,6808b869-7c1a-4fd4-8399-de4f2d301ccc,Static NAT
vocabulary_no_lesson_or_topic,24d0b94b-c782-4dec-bd8e-d86c04d4e21d,CGNAT
vocabulary_no_lesson_or_topic,5ce27f85-b7da-4469-9819-01fef230f5ca,VLAN
vocabulary_no_lesson_or_topic,fd6eb16d-2509-4e2a-8ef1-5c3b5296886d,Virtual Private Networks (VPNs)
vocabulary_no_lesson_or_topic,15059b63-2cda-4657-8a9f-4332bea14ef7,Conclusion
vocabulary_no_lesson_or_topic,d0fd79dc-84f8-43d9-ba9f-8dd979cf4112,alternate object database
vocabulary_no_lesson_or_topic,99b9acc4-1ac5-46a3-a40b-04270eb313c8,bare repository
vocabulary_no_lesson_or_topic,952ba632-41ba-4554-939d-e20c94193faf,blob object
vocabulary_no_lesson_or_topic,da985192-c2a0-4f20-b16c-bdca1afec8c8,commit object
vocabulary_no_lesson_or_topic,a7047b5e-9651-448f-960e-f963066ae24c,branch
vocabulary_no_lesson_or_topic,32bcbba8-4492-409b-bad1-d2fd3b19564e,chain
vocabulary_no_lesson_or_topic,67780e69-4f3c-4e73-8be8-da14a3a300b7,changeset
vocabulary_no_lesson_or_topic,3c3033f4-2944-4239-a347-e57648b9ec2a,cherry-picking
vocabulary_no_lesson_or_topic,ea531430-5e38-4f3c-93ec-f38086d22a4c,clean
vocabulary_no_lesson_or_topic,88e0ea92-1539-4089-95ee-2f0e197d6343,"commit graph concept, representations and usage"
vocabulary_no_lesson_or_topic,bc2e0aea-9083-4e7e-ad61-190dd1e129b3,commit-graph file
vocabulary_no_lesson_or_topic,76671f10-2949-4c30-8d6d-7875501244a6,Mirror Pod
vocabulary_no_lesson_or_topic,5004b9b3-8f81-48b1-bf0f-a50ac029e8e6,commit-ish (also committish)
vocabulary_no_lesson_or_topic,abc3667a-cd25-47d4-b075-6bf631fd4aed,core Git
vocabulary_no_lesson_or_topic,33b9ab00-0924-40b3-82e7-f93b8a183e77,pack index
vocabulary_no_lesson_or_topic,df7f4e33-604b-4515-be6f-007cd1e2f0c2,DAG
vocabulary_no_lesson_or_topic,e3ba30ad-2bb7-4861-a885-112cf9150b08,gitfile
vocabulary_no_lesson_or_topic,92405205-e5ae-46bb-a03c-256e3ab0f4d5,dereference
vocabulary_no_lesson_or_topic,e2714954-824d-43c9-9f2f-f6062e2d8206,detached HEAD
vocabulary_no_lesson_or_topic,5227e4b4-e065-4fef-8eaf-9473ebdfb9d8,directory
vocabulary_no_lesson_or_topic,aab94970-068c-478d-a921-cacbb2e4ed40,dirty
vocabulary_no_lesson_or_topic,e296c349-d642-4ca6-a4a9-20dbb3c3b882,evil merge
vocabulary_no_lesson_or_topic,6e60e4e8-e72d-4cf7-89a2-98ace10bf2de,fast-forward
vocabulary_no_lesson_or_topic,5fa20d81-3237-4044-8fec-34e4b1fbe9dc,fetch
vocabulary_no_lesson_or_topic,0399ebc8-7b84-4ec4-9cee-30080be754cd,timeline
vocabulary_no_lesson_or_topic,2756d0e6-6ac6-4165-a6a8-bdd36b6ec2c1,authentication code
vocabulary_no_lesson_or_topic,55026a41-f9e8-457f-a230-a89ab4784981,grafts
vocabulary_no_lesson_or_topic,7e66684d-2174-4a7c-8d61-072031d9b5ad,hash
vocabulary_no_lesson_or_topic,7c357d24-efa4-41ac-884b-1d52457f925f,Head
vocabulary_no_lesson_or_topic,c38c249a-9ba6-44a4-ade4-13b4e3482203,head ref
vocabulary_no_lesson_or_topic,3202d263-3202-47c3-a64b-265f35942fae,hook
vocabulary_no_lesson_or_topic,3a92c6f4-141b-44f6-b37a-2f525668d25b,index entry
vocabulary_no_lesson_or_topic,46ef3a02-5f54-46da-9f9b-d14f49de1e01,master
vocabulary_no_lesson_or_topic,6a05276c-d687-4cde-92e4-670b66e6f2a4,parent
vocabulary_no_lesson_or_topic,744f5305-fc89-49cb-9acf-7fcb616b853a,peel
vocabulary_no_lesson_or_topic,c48a3c4d-3169-4df3-aa47-57f900dff02f,shallow clone
vocabulary_no_lesson_or_topic,abc303f9-430d-4680-8223-06c4471a0d9e,child team
vocabulary_no_lesson_or_topic,eb1cd05e-3e84-4ec5-9a13-1119c1d7b4ee,base branch
vocabulary_no_lesson_or_topic,26e993c5-8917-4e45-9850-2cb87424d277,merge
vocabulary_no_lesson_or_topic,dd1990f8-4f99-42e1-b8b1-c8087ebb5285,Object
vocabulary_no_lesson_or_topic,8109b2a4-f6e8-4df1-9244-db0ee67f23f8,object database
vocabulary_no_lesson_or_topic,bb5f7ba3-b2e9-47cb-83e6-d5b8405613de,"object identifier, object ID, oid"
vocabulary_no_lesson_or_topic,7c41a846-3b3a-492c-8bc6-0b9070629c59,object name
vocabulary_no_lesson_or_topic,efad5c7c-d5b9-4f34-b3ad-c1db08a67a50,object type
vocabulary_no_lesson_or_topic,22567880-2e51-4555-aaf6-d5638082451f,octopus
vocabulary_no_lesson_or_topic,5772175d-1597-4d51-be64-5d4b42af2404,root filesystem
vocabulary_no_lesson_or_topic,3d7da4f1-cccb-42ed-81f6-f6fbde38ecd6,orphan
vocabulary_no_lesson_or_topic,e875fa07-169c-411c-aad0-018910db4f21,Origin
vocabulary_no_lesson_or_topic,12de2b4c-5bf5-454f-8d91-b8a04e6116cb,squash
vocabulary_no_lesson_or_topic,54b02d5f-3c2b-444a-a19b-be57a4831eb2,overlay
vocabulary_no_lesson_or_topic,70ab6191-151c-4fdf-bcb3-adcdd453087b,pack
vocabulary_no_lesson_or_topic,6c39298e-9ca0-46b7-ad7c-7136465015d2,assignee
vocabulary_no_lesson_or_topic,12f8157d-657c-4d6c-9f88-3369e5357608,pathspec
vocabulary_no_lesson_or_topic,bec4a99e-fb72-4eca-bd73-56e4c1292e41,top
vocabulary_no_lesson_or_topic,087a1f63-8787-40e5-b70e-c3811b403718,Literal
vocabulary_no_lesson_or_topic,a54d8162-f2c8-4ede-b084-56fe1e546794,pseudoref
vocabulary_no_lesson_or_topic,7262a6b4-3893-4120-a25f-4f7bfc247a75,glob
vocabulary_no_lesson_or_topic,65a543ac-1d53-4c34-8b49-5fe9989a4bc1,attr
vocabulary_no_lesson_or_topic,a042aa43-1e8b-4a60-8739-eeacd0926c1e,exclude
vocabulary_no_lesson_or_topic,d4f7aec9-d78d-4cee-894f-35e23c33173f,pickaxe
vocabulary_no_lesson_or_topic,2778ec9a-a089-471f-877b-3c110813f1cd,plumbing
vocabulary_no_lesson_or_topic,b91c4a52-4a77-44b2-8c41-85c8f63ff9b7,porcelain
vocabulary_no_lesson_or_topic,aa174e0f-6bc2-42ca-a54a-0d9f431648be,per-worktree ref
vocabulary_no_lesson_or_topic,72c83e20-c892-4b74-8932-050c513ed920,pull
vocabulary_no_lesson_or_topic,aeb4643e-8b6e-4e79-8516-dc98f92bd0a9,symref
vocabulary_no_lesson_or_topic,165aedf8-8e8f-4457-bde8-fe0dfee44864,push
vocabulary_no_lesson_or_topic,bbb7eda6-3545-4519-b193-bb8bd7f551b8,cron
vocabulary_no_lesson_or_topic,f7fbc773-488c-4638-9bf0-025a13764eaf,reachable
vocabulary_no_lesson_or_topic,dd0fd09a-4132-44b8-94c1-d23bbd694283,reachability bitmaps
vocabulary_no_lesson_or_topic,a8703f4d-0f32-443a-b4ce-3bc214e22c9e,rebase
vocabulary_no_lesson_or_topic,6923eca9-e057-42e1-952c-6df13c1ba35c,ref
vocabulary_no_lesson_or_topic,2878454c-e5db-4409-8062-7768a9c1dd90,reflog
vocabulary_no_lesson_or_topic,ad5eef37-0e09-46b0-a91a-57d5547a0154,refspec
vocabulary_no_lesson_or_topic,8be0f103-89f3-418b-b3c7-727fcddc2d69,remote repository
vocabulary_no_lesson_or_topic,ec7dfbec-ced4-44e1-8255-b0ddf16ea2df,Tag
vocabulary_no_lesson_or_topic,187e9b5d-3392-46d5-9d2c-d52f701f40e2,remote-tracking branch
vocabulary_no_lesson_or_topic,bf0a8833-27db-4925-b3e8-4ac7063575a2,rewind
vocabulary_no_lesson_or_topic,5b72844e-5252-4892-9cd1-383e3ef384b6,SCM
vocabulary_no_lesson_or_topic,7ec4d36a-3d5a-402a-8e5e-0051a3c581b1,SHA-1
vocabulary_no_lesson_or_topic,71eeae67-95cf-43f0-8ea9-cdb00960b270,shallow repository
vocabulary_no_lesson_or_topic,300b63e6-49e5-4681-97ee-53fb3d1c056f,stash entry
vocabulary_no_lesson_or_topic,f8a10c8c-52d0-489a-b737-269204a4cd5e,submodule
vocabulary_no_lesson_or_topic,652f46b0-0bb8-4364-a7c2-c4b00033eac4,superproject
vocabulary_no_lesson_or_topic,766116ba-e88d-4f60-8e47-8f27f10f89c7,cURL
vocabulary_no_lesson_or_topic,46a5029c-9bea-4b29-8df4-db6ee080a4bd,tag object
vocabulary_no_lesson_or_topic,19093862-1fa7-4964-9b2c-8465534c689e,Fork
vocabulary_no_lesson_or_topic,8107278e-44ea-46e3-8e0c-124f76d13f94,topic branch
vocabulary_no_lesson_or_topic,c9ca91b1-ed5d-4848-a814-ef21274a003d,trailer
vocabulary_no_lesson_or_topic,3c9d15f1-c6b9-4280-b9b6-a1cd07a4b946,tree
vocabulary_no_lesson_or_topic,b43db903-d17c-4de7-9967-3330bfcc6746,tree object
vocabulary_no_lesson_or_topic,ffb3f148-5681-4abc-90a2-954dd00260a0,GitHub Jobs
vocabulary_no_lesson_or_topic,1d810997-800f-4a9e-96e1-5e6320b285f5,tree-ish (also treeish)
vocabulary_no_lesson_or_topic,899eee4c-7293-49e4-ba78-c8be96ec791c,unborn
vocabulary_no_lesson_or_topic,dac4c150-e011-4b5b-81b0-310ecddfb0d2,unmerged index
vocabulary_no_lesson_or_topic,89686dbe-771e-4f36-8935-56d0c02ae7ba,unreachable object
vocabulary_no_lesson_or_topic,18c72455-9e41-403e-9da2-76d34a55986e,upstream branch
vocabulary_no_lesson_or_topic,5cb95d20-5b90-4d4a-bf38-fad86b5e6f17,working tree
vocabulary_no_lesson_or_topic,2b783de9-a619-4ace-8c22-3f3f2d87a948,worktree
vocabulary_no_lesson_or_topic,896d1bc3-29b4-40b5-a354-4b15d2a6f7ae,@mention
vocabulary_no_lesson_or_topic,6972a7f5-7b99-4c64-92aa-e9a54d94dcc6,API preview
vocabulary_no_lesson_or_topic,04c4b81f-4997-4648-b2ad-cd7024caf54c,appliance
vocabulary_no_lesson_or_topic,750709f6-173b-4483-bf81-9d8a60f78841,blame
vocabulary_no_lesson_or_topic,bf6654a9-478f-418d-a105-29fbe811942a,Block
vocabulary_no_lesson_or_topic,ff45c4ed-1ec8-47d5-8f7b-e6dffa7c246d,branch restriction
vocabulary_no_lesson_or_topic,6b9ac067-982a-4b0f-a0db-eecc9e88ea35,Business plan
vocabulary_no_lesson_or_topic,e6afecd3-a507-4fae-857a-d3d2e8839ac7,CA certificate
vocabulary_no_lesson_or_topic,17d7fca6-776c-41d2-ac5a-e66b1f865dfc,clone
vocabulary_no_lesson_or_topic,a6ca04a6-12ae-4eec-83a9-5caa4f4507ea,clustering
vocabulary_no_lesson_or_topic,6518fbe7-0a6b-4af3-a765-0622c3b044cd,code frequency graph
vocabulary_no_lesson_or_topic,3903c50c-a9b8-4e0c-8de3-2ec989681687,code owner
vocabulary_no_lesson_or_topic,6d1e08cf-4a34-4efd-b044-9f9b5859b298,collaborator
vocabulary_no_lesson_or_topic,6ae14b88-6959-4bbe-a133-2a16574dd930,commit author
vocabulary_no_lesson_or_topic,f20d05e4-7bfc-4da5-937c-06c049b95af4,compare branch
vocabulary_no_lesson_or_topic,faa50a3f-d2ef-4c2d-924c-1e0cda6dc32c,Continuous integration
vocabulary_no_lesson_or_topic,88d4109d-d20a-42b2-b312-acf5eb763b5c,contribution graph
vocabulary_no_lesson_or_topic,f03f4553-90d8-4bab-a5b0-360d95689089,contribution guidelines
vocabulary_no_lesson_or_topic,097f9757-64fd-4056-beed-e2825459d631,contributions
vocabulary_no_lesson_or_topic,921268bd-a42d-4c55-942f-374f0f9963da,contributor
vocabulary_no_lesson_or_topic,9496ba1a-2e77-438e-95bd-7f84f782ff5e,contributors graph
vocabulary_no_lesson_or_topic,8a7aaa2c-e7bb-4b18-9357-5c4ea73fdac3,coupon
vocabulary_no_lesson_or_topic,8c13cd7e-c58c-4608-ba92-3a42e0fe843a,dashboard
vocabulary_no_lesson_or_topic,cefa2d08-74ab-423d-ba66-96d4eda7587d,default branch
vocabulary_no_lesson_or_topic,11fab840-a959-4b77-804a-0f019d999a82,dependency graph
vocabulary_no_lesson_or_topic,29ac7e16-d1e2-4979-af1c-a5344173158e,dependents graph
vocabulary_no_lesson_or_topic,4d411ef2-54f1-4f77-98db-e04926ed5d72,deploy key
vocabulary_no_lesson_or_topic,9910a3e9-1d36-4663-8225-4faf743b0856,diagnostics
vocabulary_no_lesson_or_topic,56c37065-0730-421c-812d-7503ec533a92,diff
vocabulary_no_lesson_or_topic,c1d5b454-2db0-4da8-93d2-7629dc6bf23b,email notifications
vocabulary_no_lesson_or_topic,8f51336d-c24e-436b-ab1b-b6a17ad1cdf8,GitHub Marketplace
vocabulary_no_lesson_or_topic,65339305-294c-4139-ac78-eea30b987724,enterprise account
vocabulary_no_lesson_or_topic,61adf542-fa1a-4d70-a66a-5827007d20d2,Explorer
vocabulary_no_lesson_or_topic,d2700f64-de1c-411a-a6d6-2bbc73d8b018,feature branch
vocabulary_no_lesson_or_topic,58838a5a-4df4-4897-b89d-2f38ce3c0294,Free plan
vocabulary_no_lesson_or_topic,2f68807d-829a-4e92-a96b-dbe789ed7b76,gist
vocabulary_no_lesson_or_topic,3ebf26f0-8d31-48f8-910a-62aa26d52884,integration
vocabulary_no_lesson_or_topic,29bf6738-d971-4e4c-bbcb-c32614f30445,Git
vocabulary_no_lesson_or_topic,246ef874-6bc8-4bac-8a98-733cdece4cb2,GitHub App
vocabulary_no_lesson_or_topic,a93fa1ee-f450-4497-8d33-1fc4f8bc7a51,GitHub Flavored Markdown
vocabulary_no_lesson_or_topic,a6ca75b7-3981-4cd1-8c1f-2d4b9254dba3,GitHub Importer
vocabulary_no_lesson_or_topic,616a76ce-22c6-4c22-b6c2-eb96e0e67475,GitHub Pages
vocabulary_no_lesson_or_topic,c3684b88-836e-4568-98b1-0405d79dc1e9,GitHub Wiki
vocabulary_no_lesson_or_topic,8d34374d-60a8-4a4a-87f3-05d4116f55b7,GraphQL
vocabulary_no_lesson_or_topic,b8bf1de1-7fd7-4eec-a97e-db4093fcb9ff,head branch
vocabulary_no_lesson_or_topic,5438d36b-6403-4129-a2e7-4d78cc4e1050,Linguist
vocabulary_no_lesson_or_topic,ad13e75f-0015-4226-a483-266c790d3bd3,"Hello, World"
vocabulary_no_lesson_or_topic,9a6fcf88-2b08-4edd-960e-3d866e54bd8d,high-availability
vocabulary_no_lesson_or_topic,361d2ccd-42d1-42ec-a081-6bdacb088540,hostname
vocabulary_no_lesson_or_topic,f7332fb2-89cd-4b76-8c8e-b3945106e4d8,identicon
vocabulary_no_lesson_or_topic,b7edf6d0-48ab-42fd-b0d2-d12eb9adacfe,identity provider
vocabulary_no_lesson_or_topic,f60aaeee-6488-422d-adb1-e2c40125709d,Jekyll
vocabulary_no_lesson_or_topic,388f23da-6ed9-48ec-93cf-98a3b90ac32e,Jekyll Theme Chooser
vocabulary_no_lesson_or_topic,f1121f76-0f0f-4ba7-8ccd-de551f8ba57d,key fingerprint
vocabulary_no_lesson_or_topic,f38839a2-6094-4f75-9d32-be27e05ec184,keychain
vocabulary_no_lesson_or_topic,8e965ca0-43d4-4a7a-82c4-ab941bcbc5bd,Keyword
vocabulary_no_lesson_or_topic,192f08ed-5515-4c7d-868b-8d201a0aa64a,LFS
vocabulary_no_lesson_or_topic,f4e54ff9-3d32-4d41-8967-77142d3c4575,license
vocabulary_no_lesson_or_topic,1f9d384a-ba19-478c-a144-6200957af151,line comment
vocabulary_no_lesson_or_topic,3ac6ebfb-3cb5-4181-8657-2f92e789040e,locked personal account
vocabulary_no_lesson_or_topic,069922a6-1d64-4451-82fe-65008859da0a,main
vocabulary_no_lesson_or_topic,f6f75330-47ea-43eb-b612-9ccd53961ddd,management console
vocabulary_no_lesson_or_topic,ca3fba33-7ca0-4e52-859f-ced1f7d64ea3,OAuth token
vocabulary_no_lesson_or_topic,cd9f1440-2246-488b-a1f0-d3890cbc5566,Markdown
vocabulary_no_lesson_or_topic,39623dd1-77bd-4033-9144-dea474aac042,Markup
vocabulary_no_lesson_or_topic,39742e96-9e94-4173-9a48-eef8dedee74f,members graph
vocabulary_no_lesson_or_topic,0f2f1009-d2e3-4198-ba19-5ca253fb81cb,mention
vocabulary_no_lesson_or_topic,fbb4b3dc-8cab-47f7-9b74-02b1179a8295,merge conflict
vocabulary_no_lesson_or_topic,7174ada2-ca3d-42f1-96c5-b5a6a6cbd052,milestone
vocabulary_no_lesson_or_topic,e3140267-fd38-4999-8f3e-0c4bd634dd9a,mirror
vocabulary_no_lesson_or_topic,7922c795-5558-491f-a347-8df9450398a4,nested team
vocabulary_no_lesson_or_topic,793f8c28-aacd-4955-b4e1-09bac6a38789,network graph
vocabulary_no_lesson_or_topic,62947ae9-747d-4caa-8149-43f1c227bfc3,news feed
vocabulary_no_lesson_or_topic,85cc2792-d378-4c90-a9f1-b0715521406f,private repository
vocabulary_no_lesson_or_topic,c8b04554-e5ef-4747-8bdf-e30e007de02d,non-fast-forward
vocabulary_no_lesson_or_topic,26252b10-493c-4637-bc43-3b55f2c1856c,OAuth app
vocabulary_no_lesson_or_topic,67a2c88c-a8db-4456-b1db-9819df76fa2e,open source
vocabulary_no_lesson_or_topic,c5b47f49-e672-4a1b-a0e1-4622e375dc49,organization
vocabulary_no_lesson_or_topic,da0fa31f-a030-468f-af79-c8c3f155c23b,organization owner
vocabulary_no_lesson_or_topic,3843c6c7-aeea-4e14-b6d0-09631fb3e993,outside collaborator
vocabulary_no_lesson_or_topic,1b69ac42-71eb-4f62-877f-4604b5aae279,participating notifications
vocabulary_no_lesson_or_topic,c807370d-7b54-40d1-8a6b-3bad795f92f8,permalink
vocabulary_no_lesson_or_topic,6e1f1a4c-8bd1-449c-a90d-1325fa70dc59,personal account
vocabulary_no_lesson_or_topic,2c982211-9a43-4fa4-a7d3-0a99a691d50a,pinned repository
vocabulary_no_lesson_or_topic,0b6096b7-af7c-4670-bcdd-b16ff1b23607,pre-receive hooks
vocabulary_no_lesson_or_topic,b8802b6f-2fa0-40c3-99ff-9da73367b465,primary email address
vocabulary_no_lesson_or_topic,47da637e-47dd-49e6-b9b9-50bb685b501c,private contributions
vocabulary_no_lesson_or_topic,5fb854c4-0321-4ada-8230-2fd2940a1f8f,production branch
vocabulary_no_lesson_or_topic,76d7e759-b29e-4ad2-894b-ca62ec9ed62a,profile
vocabulary_no_lesson_or_topic,8480abf2-607a-405a-b512-9d6322838dec,profile picture
vocabulary_no_lesson_or_topic,b561f8df-54f8-4d79-b672-e2140c51b695,project board
vocabulary_no_lesson_or_topic,0412c161-9531-41bf-a057-016ab6f892f2,protected branch
vocabulary_no_lesson_or_topic,95b3443f-53ad-45b7-8eb0-e1d2fc2c3fdc,public contributions
vocabulary_no_lesson_or_topic,247eb51a-bf23-42f0-bc33-f21a3d780a07,public repository
vocabulary_no_lesson_or_topic,fe3f2e91-1437-4f2d-89a2-07ec4179548f,pull access
vocabulary_no_lesson_or_topic,7faed652-43e1-4f9a-810d-7eabfec34048,pull request
vocabulary_no_lesson_or_topic,4409e24b-3ea8-4c2a-8589-3f8ec00a671e,pull request review
vocabulary_no_lesson_or_topic,d5e432c4-8498-41ee-bd53-b6c4cd003aeb,pulse graph
vocabulary_no_lesson_or_topic,71579982-5a99-4461-9467-c0bbf6791979,punch graph
vocabulary_no_lesson_or_topic,fa55068b-676d-4c5a-a67d-121568de07a5,push a branch
vocabulary_no_lesson_or_topic,d1eed251-05e9-4430-98d1-3b5e40a8df4c,push access
vocabulary_no_lesson_or_topic,42b88f97-5393-4f2a-aa44-3319cf4abba7,computer vision
vocabulary_no_lesson_or_topic,6fdb04e2-200e-4d63-8910-b41dadfb2d65,read access
vocabulary_no_lesson_or_topic,b1ae1162-8e5c-4c04-8a9f-c6366908d1f1,README
vocabulary_no_lesson_or_topic,39d6b36e-c14f-4c1f-8050-f63d3598359f,remote
vocabulary_no_lesson_or_topic,38d3ce50-ca0c-47e2-8e48-ca4904fe03f0,remote URL
vocabulary_no_lesson_or_topic,7ace2e7f-8398-4e5f-9a82-b9e1c44e61c1,replica
vocabulary_no_lesson_or_topic,0ceb2ae7-2f3c-4167-be7b-9735492caac8,repository cache
vocabulary_no_lesson_or_topic,3afcc7a0-3f7a-4124-a418-81b353f5c387,repository graph
vocabulary_no_lesson_or_topic,07151371-1ce8-406b-8dc0-e360fabe5771,AI
vocabulary_no_lesson_or_topic,4712d7a6-a57f-4cf7-ae11-977b3fa08b17,repository maintainer
vocabulary_no_lesson_or_topic,35e06f33-44ce-43c0-98ef-36fd6a6b447e,required status check
vocabulary_no_lesson_or_topic,4a4ee160-fa2a-43ee-a831-2b8846f441bc,revert
vocabulary_no_lesson_or_topic,59bfcaaa-7663-4c08-9e06-0a522b6bf183,deep learning
vocabulary_no_lesson_or_topic,7edb1af9-fe19-46e5-a754-460bcd9c7790,saved reply
vocabulary_no_lesson_or_topic,ab1f4904-f92f-48f9-b0b4-71923fb3246f,machine learning
vocabulary_no_lesson_or_topic,638ddb9f-4817-45c0-b880-dcf957a04201,seat
vocabulary_no_lesson_or_topic,c0ba637e-08b5-4ea0-82f7-edc216e6785b,secret team
vocabulary_no_lesson_or_topic,ffc99f81-4b3d-422b-8c7b-00a0691c1bb1,security log
vocabulary_no_lesson_or_topic,87e400c5-8864-430e-ab42-63303f2553ca,topics
vocabulary_no_lesson_or_topic,2db5b42f-fbf7-42ba-8166-9bad2b7f3d56,traffic graph
vocabulary_no_lesson_or_topic,ff84b8c5-97ad-43dd-9c79-b6782c2e55c5,team maintainer
vocabulary_no_lesson_or_topic,3a72ccde-3836-474f-abd2-21b34bd4a5f0,server-to-server request
vocabulary_no_lesson_or_topic,a485b5f3-e671-4597-83df-1eed230f53d7,service hook
vocabulary_no_lesson_or_topic,246d0074-9d0f-4d01-9b45-b820a758b0bf,large language models (LLMs)
vocabulary_no_lesson_or_topic,f22d9e38-e337-4c77-8987-ce04e162610a,single sign-on
vocabulary_no_lesson_or_topic,e7c3deb7-a396-437a-978f-576ee23407a7,snapshot
vocabulary_no_lesson_or_topic,42e76166-eca1-4156-b358-b581a76a6fc2,Machine learning algorithms—the math and logic behind machine learning
vocabulary_no_lesson_or_topic,b65ae5e4-7a9a-4081-85d4-c2b0409934c9,SSH key
vocabulary_no_lesson_or_topic,b90eccf0-7320-4912-ab40-95da41f03a3c,staging instance
vocabulary_no_lesson_or_topic,f862f0da-e97f-4a72-85a5-e7850b406d23,star
vocabulary_no_lesson_or_topic,5c173254-ae71-4c27-96b2-e5a8464cbe82,status checks
vocabulary_no_lesson_or_topic,03293e29-d1a6-4880-bc32-afa4c8a63bb4,subscription
vocabulary_no_lesson_or_topic,da2ad9e1-e849-41b7-858b-686075775786,upstream
vocabulary_no_lesson_or_topic,9f45add7-b4bc-4d88-83fb-0ef5a0a956be,Approver
vocabulary_no_lesson_or_topic,7a86d347-a712-402a-b7c3-ee359ca38a12,model as a service (MaaS)
vocabulary_no_lesson_or_topic,06572ebc-c34e-4ac6-9f99-806af464c986,retrieval-augmented generation (RAG)
vocabulary_no_lesson_or_topic,4ab46c8a-d9a0-4fb8-b591-6d46ff1df65b,user-to-server request
vocabulary_no_lesson_or_topic,2fbd5e05-13b7-4edb-a3f5-d49b3e84360e,username
vocabulary_no_lesson_or_topic,b1e99057-0f2c-41e5-a625-879bb2d627a9,visible team
vocabulary_no_lesson_or_topic,11a5759a-d627-448d-8716-0d0b025c250c,watch
vocabulary_no_lesson_or_topic,4d66d3d6-ee4b-45eb-b91c-3365cce2aabe,watching notifications
vocabulary_no_lesson_or_topic,41893477-3db3-4ec4-9543-b816b342bf9d,web notifications
vocabulary_no_lesson_or_topic,6390917f-aa1d-43d4-86c1-74b4231bce43,webhooks
vocabulary_no_lesson_or_topic,3abbf7cb-7709-4d51-832f-b84cfc883c1f,write access
vocabulary_no_lesson_or_topic,e2fdfcaf-ea88-4029-93cc-d97bfef20cd7,small language models (SLMs)
vocabulary_no_lesson_or_topic,3df8bd52-6c73-4271-8cf6-81288fa7f50a,AI vs. machine learning
vocabulary_no_lesson_or_topic,0abfa177-fa02-440d-9018-2689206b389d,AI as a service (AIaaS)
vocabulary_no_lesson_or_topic,33020158-4465-457e-ad1f-b0d3a62a6dc9,face recognition
vocabulary_no_lesson_or_topic,b152f756-55ca-4df5-b1e0-7e85fd117f1b,a GPT
vocabulary_no_lesson_or_topic,14ee4f19-4323-4c5c-85f8-29a6dd10a795,cognitive AI
vocabulary_no_lesson_or_topic,3fa7adb9-dbf5-4ab0-b1a5-bbfc0287f3e4,multimodal LLMs
vocabulary_no_lesson_or_topic,26ed62ff-6b18-4d57-82b2-f4e47c219947,natural language processing (NLP)
vocabulary_no_lesson_or_topic,5d6b7409-c28c-4bbb-8e28-1802b463542f,reinforcement learning
vocabulary_no_lesson_or_topic,ab81166c-4c1d-43a1-bf2e-87099e189f31,an AI model
vocabulary_no_lesson_or_topic,3b75d8b0-2de3-44fb-a3ad-18d547fcedad,an AI platform
vocabulary_no_lesson_or_topic,c7c92633-a66f-42b4-91f3-506c2ac527bb,enterprise AI
vocabulary_no_lesson_or_topic,3995e1c5-bfbd-46be-8b7b-326428154159,LLM evaluation
vocabulary_no_lesson_or_topic,19ac20da-7fd9-4cc9-9c7b-318aa8ab397a,big data analytics
vocabulary_no_lesson_or_topic,79d5d240-5051-439a-a5cc-9f8c01903e92,data governance
vocabulary_no_lesson_or_topic,f9bc20f0-3f8a-4bd9-a8a6-f5e33674b533,data integration
vocabulary_no_lesson_or_topic,d73e702a-5f73-47d8-9981-8a59401b7de9,a data lake
vocabulary_no_lesson_or_topic,75670b83-bb1a-4971-b032-b20a98078924,data migration
vocabulary_no_lesson_or_topic,5b1cd64e-afaa-4560-a6d0-efbd300a8a2e,data science
vocabulary_no_lesson_or_topic,d957b736-ca19-4e33-a49e-f130f343587e,a data warehouse
vocabulary_no_lesson_or_topic,d823edbc-976c-403f-8a82-02d108959ebb,database sharding
vocabulary_no_lesson_or_topic,f8c2985f-036d-4db9-b75a-686beb13bf52,databases
vocabulary_no_lesson_or_topic,0358c141-dace-4212-b167-cab2fcd5130a,NoSQL databases
vocabulary_no_lesson_or_topic,16001919-26f5-4c1d-89e1-faf3fa1d1f07,PostgreSQL
vocabulary_no_lesson_or_topic,1dc6bc2d-d6ff-4c63-a210-6285a117fa18,a relational database
vocabulary_no_lesson_or_topic,0336e761-0fc3-4c79-9612-8e1c21aa3db0,SQL database
vocabulary_no_lesson_or_topic,469bea05-ef1f-4dd9-9ecf-0e3e7e50eb7e,a vector database
vocabulary_no_lesson_or_topic,73b89400-d29e-47b2-aaea-b52a286beb0f,Scaling up vs. scaling out
vocabulary_no_lesson_or_topic,aa6b9384-bd47-457c-8cc5-12badadb220f,cloud migration
vocabulary_no_lesson_or_topic,f6e244b6-e45c-482d-a738-0bce3dd050ac,a cloud service provider
vocabulary_no_lesson_or_topic,ad5ff328-35df-4bfd-83ab-60cd508cd662,a cloud server
vocabulary_no_lesson_or_topic,3b40fef6-e789-4393-85ec-19b4f8c4dcb8,cloud storage
vocabulary_no_lesson_or_topic,d736f5ea-4593-4198-8aa7-aea20d253f19,cloud infrastructure
vocabulary_no_lesson_or_topic,6e2dd4d1-3ee8-4212-901a-512ec4c4256a,multicloud
vocabulary_no_lesson_or_topic,f28cce2d-d16b-4dd6-9c07-13f9f2e24965,a hybrid cloud
vocabulary_no_lesson_or_topic,51441cfb-5e2d-4ada-9825-012361ac2dc3,a private cloud
vocabulary_no_lesson_or_topic,71c3f186-7ac9-4a40-96dd-3019a67c359d,a public cloud
vocabulary_no_lesson_or_topic,0bc95ee0-29c1-4be3-a95b-890298df238c,platform as a service (PaaS)
vocabulary_no_lesson_or_topic,890d31bf-e1ed-4a78-9da0-cf2fa25fabb5,software as a service (SaaS)
vocabulary_no_lesson_or_topic,fe6b3981-529d-4d8f-8f56-0375a979d5e0,infrastructure as a service (IaaS)
vocabulary_no_lesson_or_topic,7308c9b7-739b-4a57-a452-1b72061cc3ba,edge computing
vocabulary_no_lesson_or_topic,966474e0-b271-459a-85b9-007b9fc48da3,elastic computing or cloud elasticity
vocabulary_no_lesson_or_topic,1c2eb077-b9c7-4e57-b79a-8c68f529ebf6,grid computing
vocabulary_no_lesson_or_topic,262823b1-f980-4c6b-a692-784a14bf7aac,cloud bursting
vocabulary_no_lesson_or_topic,de245c52-1ab9-4fe5-bd6f-98bdbafbac18,serverless computing
vocabulary_no_lesson_or_topic,9caadaec-0c88-4c15-9703-4699899e9a1e,cloud architecture
vocabulary_no_lesson_or_topic,99395c7c-f727-4a82-98d0-4e751e890d58,cloud native
vocabulary_no_lesson_or_topic,2886f224-6b06-4dd6-a859-b2aec494d5a1,Types of cloud computing
vocabulary_no_lesson_or_topic,0307b3e5-57d2-4e2d-8aca-71ff5c828c55,cloud scalability
vocabulary_no_lesson_or_topic,06a7917d-2c1c-4df4-b34d-12259df2dc35,IaaS vs. PaaS vs. SaaS
vocabulary_no_lesson_or_topic,abf0a8b2-41fe-47d0-b5de-4d707c490298,Benefits of cloud migration
vocabulary_no_lesson_or_topic,494c0c6c-74c2-4ff6-8261-15581aee2090,How to choose a cloud service provider
vocabulary_no_lesson_or_topic,bf546210-5387-4066-9610-af4e2d5850fc,Public vs. private vs. hybrid clouds
vocabulary_no_lesson_or_topic,25e51b32-13e0-453d-82de-757e7c11e60c,a container
vocabulary_no_lesson_or_topic,ceda84ea-087e-491f-8aea-fa8d7cd59277,disaster recovery
vocabulary_no_lesson_or_topic,74ff3ee3-2d1f-4be3-82a6-53a77b5e7eda,Kubernetes
vocabulary_no_lesson_or_topic,7e0b065e-da94-40e7-8787-da68f0ce4020,Kubernetes vs. Docker
vocabulary_no_lesson_or_topic,f3cbac68-1b50-4440-887b-7005b8505f94,virtual desktop infrastructure (VDI)
vocabulary_no_lesson_or_topic,859ba47d-75f8-4ece-b2f1-f99b402e8a98,a virtual machine
vocabulary_no_lesson_or_topic,fe473237-38ca-413d-9e79-81660408b74f,a virtualization
vocabulary_no_lesson_or_topic,0e33790c-8faa-4dc9-9007-6bc04e272eb7,a virtual private network (VPN)
vocabulary_no_lesson_or_topic,d7dd1973-ee5e-486e-99dc-d2507ad2d3bf,distributed computing
vocabulary_no_lesson_or_topic,78b9e6e1-65fc-4929-93d8-4e79a4a8949b,a computer network
vocabulary_no_lesson_or_topic,fbe20460-c504-4572-abf1-b5d37d939e2e,parallel computing
vocabulary_no_lesson_or_topic,f785a837-5038-403d-bfee-a2d6f53fc03e,application modernization
vocabulary_no_lesson_or_topic,0fd45506-d783-4d69-bb24-38c3573c4701,DevOps
vocabulary_no_lesson_or_topic,25c1fd4f-cf0f-4e3c-b58b-9293c7177c9d,Internet of Things (IoT)
vocabulary_no_lesson_or_topic,2a3543f6-fab1-4d77-a4ce-dc6f39b08659,Java Spring Boot
vocabulary_no_lesson_or_topic,3f3a51bc-1228-4eed-95fb-3c2f8b1db0b2,middleware
vocabulary_no_lesson_or_topic,326af1b9-89cc-4cc0-bd6e-27ceee401d67,mobile application development
vocabulary_no_lesson_or_topic,d697be32-4674-413c-8a0f-195e39640812,application migration
vocabulary_no_lesson_or_topic,d54620c2-4aa3-4786-954b-e27ed30ad5c5,quantum computing
vocabulary_no_lesson_or_topic,282940ba-e952-4347-a30c-40d430cccee9,Admission Controller
vocabulary_no_lesson_or_topic,3da8cf3b-3649-4bc2-8f3c-ffb932000ff0,Affinity
vocabulary_no_lesson_or_topic,4f636f2f-62a5-4d88-b6a3-f1f3c482fbad,Aggregation Layer
vocabulary_no_lesson_or_topic,5210186a-d6f4-48c4-8b6f-a423e71a3828,Annotation
vocabulary_no_lesson_or_topic,5e9703f1-d91f-42c1-97d7-6c2e6966f624,Cluster
vocabulary_no_lesson_or_topic,50a80ccf-d761-4d64-a285-edc6c3456193,API resource
vocabulary_no_lesson_or_topic,09e0aadf-1a1e-43a1-9146-30e7d615ef92,API server
vocabulary_no_lesson_or_topic,b68f1b4d-c532-4d97-b8e5-461f4dc85e54,API-initiated eviction
vocabulary_no_lesson_or_topic,25277da6-a4b2-498f-9d31-797cb545ee33,App Container
vocabulary_no_lesson_or_topic,f2e89a8d-bdac-4bcc-be41-b6cc4a7b1dee,Application Architect
vocabulary_no_lesson_or_topic,603255e9-1b7a-4f65-a814-910c64027eb3,Application Developer
vocabulary_no_lesson_or_topic,327c6f90-6f5a-474e-b299-31b330cdf197,Applications
vocabulary_no_lesson_or_topic,7f43ad7f-a3ef-4856-8a04-d738cc29ff9b,cAdvisor
vocabulary_no_lesson_or_topic,1e8b8a1e-c56c-4aec-99b3-faafe8db602e,Certificate
vocabulary_no_lesson_or_topic,be10eb1b-4bd9-4afd-a0a6-1f6bd156b834,cgroup (control group)
vocabulary_no_lesson_or_topic,71a6c432-018f-4e2f-abd1-e4a22c5ad1c0,CIDR
vocabulary_no_lesson_or_topic,7c68c1bb-099d-447b-acca-866973940af1,Event
vocabulary_no_lesson_or_topic,6159f4fc-0c1d-46fc-ba01-47199c568713,CLA (Contributor License Agreement)
vocabulary_no_lesson_or_topic,6a4f393a-ed6e-40e0-b3e3-ade82626cde1,Cloud Controller Manager
vocabulary_no_lesson_or_topic,a6ffcd6e-15db-4b7e-bdb7-a8fdc19cfc40,Cloud Native Computing Foundation (CNCF)
vocabulary_no_lesson_or_topic,a03f1051-0b62-42e9-bd77-fc9e9b8dcda4,Cloud Provider
vocabulary_no_lesson_or_topic,fc687e22-1a62-475d-aad8-f7c0360cf9cb,Cluster Architect
vocabulary_no_lesson_or_topic,1eea949f-0c82-44ec-b80b-07ba96663096,Cluster Infrastructure
vocabulary_no_lesson_or_topic,09500947-3101-4c01-8e2a-a4b719d5ea7b,Cluster Operations
vocabulary_no_lesson_or_topic,f2b56fea-0401-4812-a939-8495473849a9,Cluster Operator
vocabulary_no_lesson_or_topic,6fda6940-add5-4127-b51b-75c4288e6ec5,Code Contributor
vocabulary_no_lesson_or_topic,77bc786d-b4ce-4f37-bd94-c45179588b5a,Common Expression Language
vocabulary_no_lesson_or_topic,f683778b-4109-4d01-8e9e-58cd9ff0b1fa,Condition
vocabulary_no_lesson_or_topic,8b121cfa-29e7-4e41-8a1e-fd0e74f5a7c7,ConfigMap
vocabulary_no_lesson_or_topic,b2895456-b193-429d-ba8b-5cd8139a3602,Container Device Interface (CDI)
vocabulary_no_lesson_or_topic,f7d61952-21f8-4eb8-bc01-3d3d6116e773,Container Environment Variables
vocabulary_no_lesson_or_topic,ae6b35a1-1d2b-40d9-b0ba-3859b2570ace,Container Lifecycle Hooks
vocabulary_no_lesson_or_topic,e2561a3b-a5fe-4fda-9245-d1cf5192e8aa,Container network interface (CNI)
vocabulary_no_lesson_or_topic,be540366-5f9b-4f33-81a0-94e59b88aab9,etcd
vocabulary_no_lesson_or_topic,f7754936-c9df-40a0-92be-6721c4988a33,Container Runtime
vocabulary_no_lesson_or_topic,a5f30cd3-c280-4ee5-a8f8-d10394097b57,Container Runtime Interface (CRI)
vocabulary_no_lesson_or_topic,cd12ec60-521c-4ccc-a7b3-dc5aebf59048,Container Storage Interface (CSI)
vocabulary_no_lesson_or_topic,9fb00963-71cd-4818-b0f7-14d6fe012fce,containerd
vocabulary_no_lesson_or_topic,4c3f9453-66d6-4573-954b-5463d681d512,Contributor
vocabulary_no_lesson_or_topic,c69b1e54-7a8b-4462-9b6a-73ab47ec886e,Control Plane
vocabulary_no_lesson_or_topic,7db0e7ff-3072-49c1-a2c1-16e66b8b850d,Controller
vocabulary_no_lesson_or_topic,b333b83b-6963-4b05-8b83-90b62be0efa7,CRI-O
vocabulary_no_lesson_or_topic,065fbbe4-49ed-40ec-be31-ac2481f4e639,CronJob
vocabulary_no_lesson_or_topic,c5b60191-db02-47ce-aaf6-543afc0ce915,CustomResourceDefinition
vocabulary_no_lesson_or_topic,28e35ad4-9ab6-456b-82e1-53a83dbaa3d6,DaemonSet
vocabulary_no_lesson_or_topic,871b6796-d0e0-409f-8d05-44f62679af61,Master
vocabulary_no_lesson_or_topic,5e19c2c8-f791-4997-8f91-d13a82524fff,Data Plane
vocabulary_no_lesson_or_topic,f10392e4-7004-4651-8ea5-bd6eff10ebe3,Developer (disambiguation)
vocabulary_no_lesson_or_topic,81cb0822-1973-4ddc-ba08-c8ae52e03349,Device
vocabulary_no_lesson_or_topic,8ed8c5bb-a713-43d1-aab4-3008338ee407,Device Plugin
vocabulary_no_lesson_or_topic,aa9e6133-e0e6-46d2-bc44-946061dccc3e,DeviceClass
vocabulary_no_lesson_or_topic,be0d5256-4c17-4b4d-9760-50605d85c632,Disruption
vocabulary_no_lesson_or_topic,2030f1e2-f83a-40ca-97e2-afb2a3200b30,Docker
vocabulary_no_lesson_or_topic,a3d30039-c693-4d5f-bef3-55589b208c21,Volume Plugin
vocabulary_no_lesson_or_topic,6b90df51-c034-41ef-8a47-f62896b35454,Dockershim
vocabulary_no_lesson_or_topic,56f4942d-eb38-4c23-831b-11831f080bd6,Downstream (disambiguation)
vocabulary_no_lesson_or_topic,5847b9f8-8978-4892-a917-157bb266d7e3,Downward API
vocabulary_no_lesson_or_topic,129ead7f-a6a8-4d60-af20-1ea932ffcc54,Drain
vocabulary_no_lesson_or_topic,aafe63fd-2f99-4205-918c-ca9573c25391,Duration
vocabulary_no_lesson_or_topic,405fd750-9e7a-4690-b9f5-7b3014170fc2,Dynamic Resource Allocation
vocabulary_no_lesson_or_topic,451e850b-ca33-4554-8177-a258aa74f4ec,Dynamic Volume Provisioning
vocabulary_no_lesson_or_topic,8d25c03d-1fea-4a2d-83a8-eea11bc465a1,Endpoints
vocabulary_no_lesson_or_topic,d9d41402-a832-445b-803b-bbd9f7de3c72,Member
vocabulary_no_lesson_or_topic,75a119fa-ba5b-43c5-a589-3f3768ed9024,EndpointSlice
vocabulary_no_lesson_or_topic,be102581-f227-4bfd-9a87-aa6648b5ec4c,Ephemeral Container
vocabulary_no_lesson_or_topic,f826314f-abe4-4c85-b941-73882dd6f62f,Extensions
vocabulary_no_lesson_or_topic,524d3dc9-a8bf-43d8-b12f-74e8c0f4e089,Feature gate
vocabulary_no_lesson_or_topic,80c12194-5575-4ba8-84f8-682f17ae7e74,Finalizer
vocabulary_no_lesson_or_topic,b4e8b20b-179d-4334-8adc-1f5b4b8fa10a,FlexVolume
vocabulary_no_lesson_or_topic,a0dbe07e-2fb5-434c-8624-eb989fc10c00,Garbage Collection
vocabulary_no_lesson_or_topic,0221af83-42d4-4900-bb54-64677a5f7547,Gateway API
vocabulary_no_lesson_or_topic,9301960c-24da-4f4a-8391-817197acad23,Group Version Resource
vocabulary_no_lesson_or_topic,79a78bdd-1372-4383-9aa5-085cdeb9cb30,Helm Chart
vocabulary_no_lesson_or_topic,115946ec-c6fe-43e9-9dd9-1fa7875419c5,Horizontal Pod Autoscaler
vocabulary_no_lesson_or_topic,a483ccbb-26aa-450f-9150-dd67c3985272,HostAliases
vocabulary_no_lesson_or_topic,808e511d-be0e-4600-9975-efe9d185e816,Immutable Infrastructure
vocabulary_no_lesson_or_topic,424ac410-a88b-4591-8aff-5799126471fe,Ingress
vocabulary_no_lesson_or_topic,5b7f1e50-a008-4f54-8704-b6b78f92f065,Init Container
vocabulary_no_lesson_or_topic,6eb1b6cb-d4ab-4003-8b09-54f781fedc6f,Istio
vocabulary_no_lesson_or_topic,46cf34ec-8678-4fbd-aee7-aafbf1d5ff72,kOps (Kubernetes Operations)
vocabulary_no_lesson_or_topic,c835e168-5f48-43fc-abd1-a41aced7a0f9,kube-controller-manager
vocabulary_no_lesson_or_topic,139839a5-2579-42a0-a5d0-44819776526d,kube-proxy
vocabulary_no_lesson_or_topic,232b23e5-03f6-4240-aabd-3c830cba04fc,kube-scheduler
vocabulary_no_lesson_or_topic,5f31aa41-4183-4d56-bdc2-fb0a7c2866e4,Kubeadm
vocabulary_no_lesson_or_topic,94eda02a-d401-4d9f-87aa-68f7c56f55e8,Kubectl
vocabulary_no_lesson_or_topic,c43cd72d-77dd-4507-8943-909e62b08db2,Kubelet
vocabulary_no_lesson_or_topic,92132723-28c2-479f-859c-4a54c9b21871,Kubernetes API
vocabulary_no_lesson_or_topic,51a81f61-32c4-4674-ae2e-1f0de4dff97a,Label
vocabulary_no_lesson_or_topic,eeb8e884-ebf8-485b-b661-36ab3177d969,LimitRange
vocabulary_no_lesson_or_topic,72613dea-8cd4-4e7b-8e7a-d7056304e287,Logging
vocabulary_no_lesson_or_topic,f1e85001-9fc7-4237-be9a-2d2a7e3dbec3,Managed Service
vocabulary_no_lesson_or_topic,9b69150b-5eb8-4d89-ad8b-a851f9a158b4,Manifest
vocabulary_no_lesson_or_topic,49064bdf-d7de-492c-8c8c-461260de85b3,Minikube
vocabulary_no_lesson_or_topic,42985ed2-539a-4396-bb92-59aa4bb98355,Mixed Version Proxy (MVP)
vocabulary_no_lesson_or_topic,eafeae2b-0186-4bf2-aecc-c4994baeffd5,Name
vocabulary_no_lesson_or_topic,82257b49-62e1-463f-a6ad-bb79f8cc1d58,Namespace
vocabulary_no_lesson_or_topic,cd212ec7-b9aa-42ec-a8d9-93cd2009a502,Network Policy
vocabulary_no_lesson_or_topic,257c89c7-4be8-4d5b-b75f-cea7055af89a,Node-pressure eviction
vocabulary_no_lesson_or_topic,3ffbea76-415e-405d-b088-ddd34bdceeec,Object
vocabulary_no_lesson_or_topic,0483e6a3-7426-4f93-9eed-ddf16d01176a,Operator pattern
vocabulary_no_lesson_or_topic,181ca0da-a63f-4c7d-a58d-da2d93488e15,Persistent Volume
vocabulary_no_lesson_or_topic,5b271b2e-fbb6-47b9-b174-c34aaff06a64,Persistent Volume Claim
vocabulary_no_lesson_or_topic,67aec0c9-d4e4-4fc1-9fe5-6e52d8115498,Platform Developer
vocabulary_no_lesson_or_topic,1bb0e1b0-12b6-439d-adb3-ecb74d39de0f,Pod Disruption
vocabulary_no_lesson_or_topic,7309e7d3-f9f5-4ec4-bbfb-62a473a708ff,Pod Disruption Budget
vocabulary_no_lesson_or_topic,f6226ee0-5ecf-4959-ba0d-d6e2eab07104,Pod Lifecycle
vocabulary_no_lesson_or_topic,bebcaddd-99fc-438b-81a9-9f6f7fc20322,Pod Priority
vocabulary_no_lesson_or_topic,6f8c721a-53f9-4112-8c1b-4d9dbf737e31,Pod Security Policy
vocabulary_no_lesson_or_topic,29e3f6af-ea13-4272-848e-81bdf693c5f6,PodGroup
vocabulary_no_lesson_or_topic,b0c1354e-8afb-4c72-b416-db112a8b3dc0,PodTemplate
vocabulary_no_lesson_or_topic,4dd6bbf4-5818-4ecc-88c8-24be90a3d0cf,Preemption
vocabulary_no_lesson_or_topic,6f30587d-1488-419b-a848-95d3e1676b6e,PriorityClass
vocabulary_no_lesson_or_topic,a5e0ad19-a2da-4eb9-bdca-2f65ed1596b4,Proxy
vocabulary_no_lesson_or_topic,8cb3bc84-d812-48d8-9026-f8e4880d8da1,QoS Class
vocabulary_no_lesson_or_topic,b08687d5-95b4-4b95-b25b-2afbce885b56,Quantity
vocabulary_no_lesson_or_topic,2f071a14-a840-4ffc-a49a-dd46be14045c,RBAC (Role-Based Access Control)
vocabulary_no_lesson_or_topic,e2ce7ade-3a31-4de2-8103-d3335a7b5ef5,Replica
vocabulary_no_lesson_or_topic,b3f91c1e-db7d-4a1a-a63d-fe47c6a77051,ReplicaSet
vocabulary_no_lesson_or_topic,51af7efa-354c-4bb5-a3f6-86d83eac676e,ReplicationController
vocabulary_no_lesson_or_topic,0591dabc-2b6f-4333-912e-c2ab55aff38f,Resource (infrastructure)
vocabulary_no_lesson_or_topic,dfa125f6-c4d0-47e9-9b76-0aecf21e2702,ResourceClaim
vocabulary_no_lesson_or_topic,1056043c-ca1d-4a85-800d-051b9e60d6cc,Storage Class
vocabulary_no_lesson_or_topic,1b2fcb23-782e-47b6-b6f7-b1f24bf08bbc,ResourceClaimTemplate
vocabulary_no_lesson_or_topic,1d9c9e21-0016-4886-89d2-1a6dd9b15d4f,ResourceQuota
vocabulary_no_lesson_or_topic,22ea9e62-7732-4b19-813c-d31136e75fa6,ResourceSlice
vocabulary_no_lesson_or_topic,7c34ab5a-bf96-428a-af79-46ddc48b7374,Reviewer
vocabulary_no_lesson_or_topic,b4ed6aa0-dda6-486b-accc-72ce4664fd14,Secret
vocabulary_no_lesson_or_topic,c535f2d8-2628-4d9b-b720-82fc27a9f50d,Security Context
vocabulary_no_lesson_or_topic,d59e6a9e-09ab-427e-a0cd-ecd3ee85adf9,Selector
vocabulary_no_lesson_or_topic,235c1b76-d882-4c19-9f57-5606cf77a6bf,Service Catalog
vocabulary_no_lesson_or_topic,a283c1d2-cf0f-4720-b56c-5a9911eadfb4,ServiceAccount
vocabulary_no_lesson_or_topic,f9ea81c4-e74f-495c-980e-4ae05683e2f4,Shuffle-sharding
vocabulary_no_lesson_or_topic,662a4217-5bac-4959-b136-4c5a8f2f149b,Sidecar Container
vocabulary_no_lesson_or_topic,fdc0a227-71c8-4abf-ab73-d95b1b60f2e8,SIG (special interest group)
vocabulary_no_lesson_or_topic,8755b0e5-dd5d-4741-b2da-a02f18a22d73,Spec
vocabulary_no_lesson_or_topic,33611d30-5170-4431-adfb-555cae33142f,StatefulSet
vocabulary_no_lesson_or_topic,821f105d-b2ec-49c4-b2d3-a899dd0a33dc,Static Pod
vocabulary_no_lesson_or_topic,005436f9-2106-4393-bb44-c22dcb93ebd1,Subject Alternative Name
vocabulary_no_lesson_or_topic,8f36d88e-df16-4a7f-8595-3eaea3cdb259,sysctl
vocabulary_no_lesson_or_topic,8afcac74-beb8-4d44-86fa-22736fb651ee,Taint
vocabulary_no_lesson_or_topic,b139aadb-c86b-40cd-bd7a-12ddf863fb23,Toleration
vocabulary_no_lesson_or_topic,b3e38d06-f141-4722-acb1-e6d98435d056,UID
vocabulary_no_lesson_or_topic,1d6c1089-de78-4a85-a1f5-218510b02839,Upstream (disambiguation)
vocabulary_no_lesson_or_topic,780432f3-e7f6-4c65-b6f5-0d08e267c231,user namespace
vocabulary_no_lesson_or_topic,74376209-bb10-4516-b3f3-c92f59bb3b84,Volume
vocabulary_no_lesson_or_topic,c6f0d3eb-49d3-4a79-904a-2ec0e6519257,Watch
vocabulary_no_lesson_or_topic,7043c6ec-a693-4b8f-be19-13d1bca57c87,WG (working group)
vocabulary_no_lesson_or_topic,0a87450b-c8e1-464f-a07d-c735e6c17a68,Workload
vocabulary_no_lesson_or_topic,fa13447e-c9b1-425f-ba13-37c1f520afed,Docker CLI
vocabulary_no_lesson_or_topic,dee3b921-4b2f-4596-917f-7bcc83269c5d,Docker Compose
vocabulary_no_lesson_or_topic,22e6ea77-a6c6-4f1d-8642-390ac0c8b64a,Docker Desktop
vocabulary_no_lesson_or_topic,5dbab9eb-d983-4ee8-9894-60956276b0ad,Docker Engine
vocabulary_no_lesson_or_topic,b4046119-dd72-49c1-8089-b49df21ecc48,Docker Hub
vocabulary_no_lesson_or_topic,734e66fa-e628-4e65-b9a7-5d7ddc45314a,base image
vocabulary_no_lesson_or_topic,b38c0dd5-cb03-4f18-869a-bfa364e41bb5,context
vocabulary_no_lesson_or_topic,89b85242-e26b-4497-920d-56bdeb6ec749,layer
vocabulary_no_lesson_or_topic,066ee722-d7b4-4588-9e82-5b7e550d9ce0,multi-architecture image
vocabulary_no_lesson_or_topic,496b85cc-0f73-48ce-80a9-ee8578a7c77b,persistent storage
vocabulary_no_lesson_or_topic,1c70f01c-2205-42e6-8f4c-846e77fd929d,registry
vocabulary_no_lesson_or_topic,d81df3f6-50cb-41cc-99a7-bb044690059c,function
vocabulary_no_lesson_or_topic,c0e62fbf-2ab6-4aa7-bc8a-dcf15e427dde,trusted signers
vocabulary_no_lesson_or_topic,d0c2286d-767a-4b63-879d-a8437f7047fd,Streams
vocabulary_no_lesson_or_topic,7b11d716-5448-43c3-a0bb-7c7f94544d08,ETL
vocabulary_no_lesson_or_topic,c461e91a-ffee-4a3b-9d02-e3230dd3c89d,IAM policy simulator
vocabulary_no_lesson_or_topic,1e76ee65-2182-447f-bda1-66e944daec59,access identifiers
vocabulary_no_lesson_or_topic,57962c74-8ca6-4d30-9ba5-d5d7efd69c7c,IdP
vocabulary_no_lesson_or_topic,a7ea73b4-5a1c-4dac-9905-3ddf73f69b9c,ACL
vocabulary_no_lesson_or_topic,b9bb921e-ebd7-4801-80a7-8f484701f266,active trusted signers
vocabulary_no_lesson_or_topic,ef3cad86-27b9-432b-bd19-45cc99725dc7,image
vocabulary_no_lesson_or_topic,f0024072-341f-4b69-b87a-342bebadca0d,AMI
vocabulary_no_lesson_or_topic,9aade263-e9aa-4d30-92c0-c4078f0d98d3,AppSpec file
vocabulary_no_lesson_or_topic,61517e08-9034-43fb-ace2-7647ffb3e316,ARN
vocabulary_no_lesson_or_topic,82b46724-3531-4ac2-a14f-e9be78c5cc2b,Border Gateway Protocol Autonomous System Number
vocabulary_no_lesson_or_topic,5a312ec0-3ffa-4272-b6bd-fb7937d4500e,batch
vocabulary_no_lesson_or_topic,3b98d287-bc44-4e15-849d-66045bcf9cf9,billing
vocabulary_no_lesson_or_topic,62b1d704-eefd-47e6-9842-2617b3783481,AWS Blockchain Templates
vocabulary_no_lesson_or_topic,f92ef91b-21a4-454f-96b6-f9f32793636e,ephemeral store
vocabulary_no_lesson_or_topic,6a86d64e-7e58-49cc-9c95-dc17429dc123,conditional parameter
vocabulary_no_lesson_or_topic,330c532f-2fef-4d80-aa9d-7b793652c640,console
vocabulary_no_lesson_or_topic,621a5a6e-beb0-4deb-baac-350a7f9ad7cc,dashboard
vocabulary_no_lesson_or_topic,7f6d68f3-9906-4921-a417-303e3a9aa1bd,DNS
vocabulary_no_lesson_or_topic,56574108-38a1-4348-a315-fc7492be861d,Elastic Block Store
vocabulary_no_lesson_or_topic,0f31b1ea-205a-40e1-bebf-8b7780c70a75,FBL
vocabulary_no_lesson_or_topic,8ebd8d67-142d-4fa0-851b-39a4116a0670,format version
vocabulary_no_lesson_or_topic,fbcdf663-2e1c-440f-bbfc-ba84668db73a,forums
vocabulary_no_lesson_or_topic,3689555c-7158-4b82-9ea9-d2f805dc17b5,federated user
vocabulary_no_lesson_or_topic,da6d7d51-d33c-4459-bc96-6bfd4300d20b,federation
vocabulary_no_lesson_or_topic,a3d9d4b9-ecd8-4643-b01c-8ab3106fe46d,FIM
vocabulary_no_lesson_or_topic,883a1577-685a-43ed-a7d9-3af0e49333ef,Firehose
vocabulary_no_lesson_or_topic,3c7c371a-5a2b-4f1e-91f9-ef0261343b15,index
vocabulary_no_lesson_or_topic,2e6676dd-5d0d-48bd-a01f-c3f702700e31,ISP
vocabulary_no_lesson_or_topic,3ce059f3-0852-437c-b433-13af028cfc50,SSE
vocabulary_no_lesson_or_topic,71b2178f-1551-43d2-a153-3358c940cab6,marker
vocabulary_no_lesson_or_topic,cdae6a12-a9aa-4832-b37a-08ca2a994e57,member resources
vocabulary_no_lesson_or_topic,d4dded95-ffc5-484d-84a5-b6158f0a06a4,Mobile SDK for iOS
vocabulary_no_lesson_or_topic,39267a1b-bddf-4a94-9f39-443bef9f91c9,MFA
vocabulary_no_lesson_or_topic,b1db995c-67a6-4348-aea1-ad4e7edc2b6a,MIME
vocabulary_no_lesson_or_topic,bb22b95a-702c-4aef-a59e-7a6326a242f7,Mobile Hub
vocabulary_no_lesson_or_topic,0ff23e06-b8c7-4a54-be6d-1f615d89ddab,AWS Mobile SDK
vocabulary_no_lesson_or_topic,0c456ba4-2bc2-4020-b8ec-fd6faea7ffbd,Mobile SDK for Android
vocabulary_no_lesson_or_topic,540476ba-12bb-4685-96fa-de35aa3ebfc7,MTA
vocabulary_no_lesson_or_topic,c44d217b-fb71-4ca4-8fbe-405f8a446010,OU
vocabulary_no_lesson_or_topic,54127612-d556-457a-b73d-66349ab6eef8,paravirtual virtualization
vocabulary_no_lesson_or_topic,97ddb26b-c9eb-46aa-8c4c-e6bb3a831a56,period
vocabulary_no_lesson_or_topic,31219c78-3b30-4e09-977e-6c20ec8b4e8f,prefix
vocabulary_no_lesson_or_topic,1cc3330e-2ea5-4f12-8eca-8e446dc7a52f,properties
vocabulary_no_lesson_or_topic,83d300e1-a993-4d36-9c12-0e3e2b340fad,Amazon S3-Backed AMI
vocabulary_no_lesson_or_topic,fbb15111-a32e-4f81-b4ad-221f1503f6d6,SCP
vocabulary_no_lesson_or_topic,07955b76-c330-4199-85fa-93b4f6c3d960,service endpoint
vocabulary_no_lesson_or_topic,c9a9273f-837c-46b5-bde5-34f73ec792ae,SIMS recipe
vocabulary_no_lesson_or_topic,22e762c2-ff4d-4608-8990-8369f98b1825,SWF
vocabulary_no_lesson_or_topic,90f73bbe-e2ec-46cb-820e-251fabc54408,TLS
vocabulary_no_lesson_or_topic,629d41f4-9f30-4488-b405-85dfebbffd39,VPG
vocabulary_no_lesson_or_topic,ed1709e1-9835-48c3-b999-ddff5c7cbeab,validation
vocabulary_no_lesson_or_topic,fd2dd055-bb8b-416b-b98e-37385b451c01,VGW
questions_short_explanation_under_80_chars,57ca68a2-ac7a-44ed-b0e0-e3f264984cb9,Which features are included in the AWS Business Support Plan? (Choose TWO)
questions_short_explanation_under_80_chars,f9801707-8e62-4ba1-a3e2-9cbfdf6c6c4f,Which SQL clause is used to filter rows based on a condition?
questions_short_explanation_under_80_chars,86523f84-9c85-4bc6-a195-5491b26344f1,What do you gain from setting up consolidated billing for five different AWS accounts under another master account?
questions_short_explanation_under_80_chars,13fa90f1-bb37-43ea-bf10-2d7f09fa782f,Which of the following AWS services can be used as a compute resource? (Choose TWO)
questions_short_explanation_under_80_chars,c2c26af8-6306-4fc8-8126-2e1df97827e0,Which of the following activities may help reduce your AWS monthly costs?
questions_short_explanation_under_80_chars,b1a1bed9-500d-4369-afc1-5e820db170f1,What does Amazon Elastic Beanstalk provide?
questions_short_explanation_under_80_chars,ec40c9a0-d4fc-4479-b11a-2c45cd9c0e2d,Which of the following has the greatest impact on cost? (Choose TWO)
questions_short_explanation_under_80_chars,1e3fd9a5-b564-465b-a7c0-ae9aaa7916cd,Which TWO are AWS storage services?
questions_short_explanation_under_80_chars,6ef4b91e-bb74-4ad1-9684-20f861c10ec6,A company has decided to migrate its Oracle database to AWS. Which AWS service can help achieve this without negatively impacting the functionality of the source database?
questions_short_explanation_under_80_chars,7ae6184b-6df8-43cd-bed1-996c959e1534,Who from the following will get the largest discount?
questions_short_explanation_under_80_chars,cb6728f1-0023-4c58-b414-b4e8757c9100,Adjusting compute capacity dynamically to reduce cost is an implementation of which AWS cloud best practice?
questions_short_explanation_under_80_chars,c6774dce-e9b0-47f4-bb3f-92e45843a677,What are the benefits of having infrastructure hosted in AWS? (Choose TWO)
questions_short_explanation_under_80_chars,96db355c-7792-40bf-b846-318b12fd9331,Which AWS concept or service best matches this description? The ability to experiment and deliver technology resources quickly.
questions_short_explanation_under_80_chars,a54015e6-2c4f-41a9-a278-9df3333060f9,A team needs this capability: The ability to experiment and deliver technology resources quickly. Which option should the team identify?
questions_short_explanation_under_80_chars,a8206c54-84d4-4eb3-9b4e-7cf3cdc423b1,Which AWS concept or service best matches this description? Granting only the permissions required to perform a task.
questions_short_explanation_under_80_chars,6b507734-96d6-45b4-8f9f-d51e2abc6f03,A team needs this capability: Granting only the permissions required to perform a task. Which option should the team identify?
questions_short_explanation_under_80_chars,bad8bb1f-9420-494e-8b5f-e4c4bc698b51,Which AWS concept or service best matches this description? Resizable virtual compute capacity in the AWS Cloud.
questions_short_explanation_under_80_chars,df202b22-62d1-4a5e-9903-7fc785a37e0c,Which AWS concept or service best matches this description? A serverless compute service that runs code in response to events.
questions_short_explanation_under_80_chars,f15debeb-1de6-460d-a4e1-326c2ee409f0,Which AWS concept or service best matches this description? A managed relational database service for common database engines.
questions_short_explanation_under_80_chars,9c8aa0ea-69ce-4bf0-878c-19fbc6e12473,"Which AWS concept or service best matches this description? A serverless, fully managed NoSQL key-value database service."
questions_short_explanation_under_80_chars,22393d40-585f-41e7-abd0-ca14efb442c8,Which AWS concept or service best matches this description? A logically isolated virtual network for AWS resources.
questions_short_explanation_under_80_chars,1d3d1ead-05d9-483d-9b61-35ec5c850ead,Which AWS concept or service best matches this description? A scalable DNS and domain registration service.
questions_short_explanation_under_80_chars,0497d580-b7fa-42ea-9a0d-cb5a1ab196c0,Which AWS concept or service best matches this description? Persistent block storage volumes for Amazon EC2 instances.
questions_short_explanation_under_80_chars,abeb619d-745d-47d4-ac3a-4367e9a020d0,What is the AWS service that performs automated network assessments of Amazon EC2 instances to check for vulnerabilities?
questions_short_explanation_under_80_chars,b61d1d08-dd1d-43df-a22b-616edd1b3798,A team needs this capability: Resizable virtual compute capacity in the AWS Cloud. Which option should the team identify?
questions_short_explanation_under_80_chars,299d6b3f-89e2-4be3-b502-af8e852d8c34,A team needs this capability: A serverless compute service that runs code in response to events. Which option should the team identify?
questions_short_explanation_under_80_chars,9aec54b8-c841-41c4-8584-22a549a3a20c,Which AWS concept or service best matches this description? Paying for compute capacity without long-term commitments.
questions_short_explanation_under_80_chars,609fe152-7543-4412-a5cc-f47e2a62359b,A team needs this capability: Paying for compute capacity without long-term commitments. Which option should the team identify?
questions_short_explanation_under_80_chars,9d87c607-2816-4102-9de5-9dd8df975eee,What is the benefit of using an API to access AWS Services?
questions_short_explanation_under_80_chars,2d2e7700-e500-4948-bd0b-42da76da8571,"In CLF-C02 Topic 3.4, which option matches this requirement? A managed relational database service for common database engines."
questions_short_explanation_under_80_chars,570276e3-6b6b-4322-bcc4-14ef5d45b02b,"In CLF-C02 Topic 3.4, which option matches this requirement? A serverless, fully managed NoSQL key-value database service."
questions_short_explanation_under_80_chars,6b6fcb83-e992-4509-993e-97442df4959d,"In CLF-C02 Topic 3.4, which option matches this requirement? A managed relational database service for common database engines."
questions_short_explanation_under_80_chars,c4ceea58-09d9-4738-a9ae-6438b27fc6ca,"In CLF-C02 Topic 3.5, which option matches this requirement? A logically isolated virtual network for AWS resources."
questions_short_explanation_under_80_chars,d5952cb3-4904-4b1d-872f-ceb928f6d0b7,"In CLF-C02 Topic 3.5, which option matches this requirement? A scalable DNS and domain registration service."
questions_short_explanation_under_80_chars,011b060b-d332-42f4-bf11-81d6fc7bfb78,"In CLF-C02 Topic 3.5, which option matches this requirement? A logically isolated virtual network for AWS resources."
questions_short_explanation_under_80_chars,2a5b73ad-1b0b-415b-844b-d2c652c0da4c,"In CLF-C02 Topic 3.6, which option matches this requirement? Persistent block storage volumes for Amazon EC2 instances."
questions_short_explanation_under_80_chars,cb35dbb7-7ebf-47d2-85ca-5fb2ec16455c,"In CLF-C02 Topic 4.1, which option matches this requirement? Paying for compute capacity without long-term commitments."
questions_short_explanation_under_80_chars,bc0a7522-de31-4065-b43d-b7ee7d67be2c,AWS allows users to manage their resources using a web based user interface. What is the name of this interface?
questions_short_explanation_under_80_chars,573c5376-5122-4f27-970d-9ca5b89b026b,Which of the following is an example of horizontal scaling in the AWS Cloud?
questions_short_explanation_under_80_chars,1a59dc5e-2fa2-4b1d-b3ff-397b6af5f42d,You have noticed that several critical Amazon EC2 instances have been terminated. Which of the following AWS services would help you determine who took this action?
questions_short_explanation_under_80_chars,1debcf98-0cbb-45c9-9953-a2d63fc66ba2,Which of the below options are related to the reliability of AWS? (Choose TWO)
questions_short_explanation_under_80_chars,c5c5808d-f8fd-44b1-9bb5-2e2b1429a1cc,Which statement is true regarding the AWS Shared Responsibility Model?
questions_short_explanation_under_80_chars,cec4c734-1fb6-45a2-8598-e54089d4f2da,What is the advantage of the AWS-recommended practice of 'decoupling' applications?
questions_short_explanation_under_80_chars,145be6d1-d377-4f17-aa2b-ce561850aa4a,Which AWS Service provides the current status of all AWS Services in all AWS Regions?
questions_short_explanation_under_80_chars,371ce3c1-cd44-4cee-9904-be40c044f7e2,You have set up consolidated billing for several AWS accounts. One of the accounts has purchased a number of reserved instances for 3 years. Which of the following is true regarding this scenario?
questions_short_explanation_under_80_chars,d1d8faf0-2025-43af-bdec-4f0a0db86378,A company has developed an eCommerce web application in AWS. What should they do to ensure that the application has the highest level of availability?
questions_short_explanation_under_80_chars,5c122a95-ec4c-436b-bdcc-fb9568b37689,What does AWS Snowball provide? (Choose TWO)
questions_short_explanation_under_80_chars,7dcdf849-b314-4d9b-9560-690c4834736c,A company has an AWS Enterprise Support plan. They want quick and efficient guidance with their billing and account inquiries. Which of the following should the company use?
questions_short_explanation_under_80_chars,5636ac79-1182-4684-b83a-596046de80e9,Which of the following helps a customer view the Amazon EC2 billing activity for the past month?
questions_short_explanation_under_80_chars,e00ac567-3add-4fbc-b46f-fb8e73fb8242,"A Japanese company hosts their applications on Amazon EC2 instances in the Tokyo Region. The company has opened new branches in the United States, and the US users are complaining of high latency. What can the company do to reduce latency for the users in the US while minimizing costs?"
questions_short_explanation_under_80_chars,32c5e630-bdd0-4313-8c19-9cd31a26cca6,An organization has a large number of technical employees who operate their AWS Cloud infrastructure. What does AWS provide to help organize them into teams and then assign the appropriate permissions for each team?
questions_short_explanation_under_80_chars,9a13fe61-701e-4c27-960d-afec9e9e3dfc,What should you do in order to keep the data on EBS volumes safe? (Choose TWO)
questions_short_explanation_under_80_chars,49ff532a-cc52-4f99-ba53-c867cf3139f3,One of the most important AWS best-practices to follow is the cloud architecture principle of elasticity. How does this principle improve your architecture's design?
questions_short_explanation_under_80_chars,667a7bbf-f3bc-42b8-9d5c-222edd627ec9,A startup company is operating on limited funds and is extremely concerned about cost overruns. Which of the below options can be used to notify the company when their monthly AWS bill exceeds $2000? (Choose TWO)
questions_short_explanation_under_80_chars,ff6ef100-6cbe-4f20-b303-da737face6b0,What does Amazon CloudFront use to distribute content to global users with low latency?
questions_short_explanation_under_80_chars,370f58f0-4af2-4829-8e17-322bbc7a1c8b,What does the 'Principle of Least Privilege' refer to?
questions_short_explanation_under_80_chars,5e537f4d-6f9f-4142-8ae3-2af7a9318ecd,Which of the following does NOT belong to the AWS Cloud Computing models?
questions_short_explanation_under_80_chars,e9f7c11c-480e-426e-a786-a8c5d39e8b0d,Which AWS service or feature can be used to call AWS Services from different programming languages?
questions_short_explanation_under_80_chars,76fefb30-e5c9-4456-9e5e-1f1ad111196a,The identification process of an online financial services company requires that new users must complete an online interview with their security team. The completed recorded interviews are only required in the event of a legal issue or a regulatory compliance breach. What is the most cost-effective service to store the recorded videos?
questions_short_explanation_under_80_chars,2570b0c7-c03f-4c27-9063-4c94ecdeccf1,Which service provides DNS in the AWS cloud?
questions_short_explanation_under_80_chars,4153e187-f53a-4365-a224-073a6f42f969,Hundreds of thousands of DDoS attacks are recorded every month worldwide. What service does AWS provide to help protect AWS Customers from these attacks? (Choose TWO)
questions_short_explanation_under_80_chars,83c39fb0-f40f-43e9-a5a1-46433697e45b,A company is deploying a new two-tier web application in AWS. Where should the most frequently accessed data be stored so that the application's response time is optimal?
questions_short_explanation_under_80_chars,60315c3d-e59a-4df2-a968-8e4fc1bed5c6,"You want to run a questionnaire application for only one day (without interruption), which Amazon EC2 purchase option should you use?"
questions_short_explanation_under_80_chars,39567a54-ace9-4589-b3b1-d4bf748d1f80,"You are working on a project that involves creating thumbnails of millions of images. Consistent uptime is not an issue, and continuous processing is not required. Which EC2 buying option would be the most cost-effective?"
questions_short_explanation_under_80_chars,a2d8d9c6-e4d0-4437-83e2-0127662710d9,Which of the following can be described as a global content delivery network (CDN) service?
questions_short_explanation_under_80_chars,2b668357-2064-45f6-8027-e40ad36bae48,Which of the following services allows customers to manage their agreements with AWS?
questions_short_explanation_under_80_chars,d7f600a9-ac6c-4efd-a914-88648be75712,"Which of the following are examples of AWS-Managed Services, where AWS is responsible for the operational and maintenance burdens of running the service? (Choose TWO)"
questions_short_explanation_under_80_chars,1fc96b14-f58b-4d35-8056-d055a84f5bbf,Your company has a data store application that requires access to a NoSQL database. Which AWS database offering would meet this requirement?
questions_short_explanation_under_80_chars,48d94a3d-1463-4bca-a7b4-fdaad3a11041,"As part of the Enterprise support plan, who is the primary point of contact for ongoing support needs?"
questions_short_explanation_under_80_chars,68c7f6b8-1e27-4ee1-9252-b5846c96afeb,How can you view the distribution of AWS spending in one of your AWS accounts?
questions_short_explanation_under_80_chars,14495643-cc96-4c26-9748-6ec4f766ee3e,Which of the following must an IAM user provide to interact with AWS services using the AWS Command Line Interface (AWS CLI)?
questions_short_explanation_under_80_chars,0951eb42-d679-4ba8-b898-df5c99efc856,"You have AWS Basic support, and you have discovered that some AWS resources are being used maliciously, and those resources could potentially compromise your data. What should you do?"
questions_short_explanation_under_80_chars,bf88cb81-0603-4f99-b64d-dfe54dff379a,Select TWO examples of the AWS shared controls.
questions_short_explanation_under_80_chars,5cdcba0e-508a-443f-a2ef-43c8708c31d1,"In order to implement best practices when dealing with a 'Single Point of Failure,' you should attempt to build as much automation as possible in both detecting and reacting to failure. Which of the following AWS services would help? (Choose TWO)"
questions_short_explanation_under_80_chars,bb3bc340-3358-472b-bbdf-240c32cfb935,A company is planning to host an educational website on AWS. Their video courses will be streamed all around the world. Which of the following AWS services will help achieve high transfer speeds?
questions_short_explanation_under_80_chars,3c95f599-bf64-4133-9c2a-0b515e33a838,A developer is planning to build a two-tier web application that has a MySQL database layer. Which of the following AWS database services would provide automated backups for the application?
questions_short_explanation_under_80_chars,5234b73d-597e-4710-a7ab-00bdfe0555c5,What is the AWS service that enables AWS architects to manage infrastructure as code?
questions_short_explanation_under_80_chars,018efe11-1cb8-43e4-8033-2109a372c7b7,"Under the shared responsibility model, which of the following is the responsibility of AWS?"
questions_short_explanation_under_80_chars,ef1b40c8-1e7d-4340-bcd8-b75d937331df,What does the AWS Health Dashboard provide? (Choose TWO)
questions_short_explanation_under_80_chars,428288ef-f5e3-47af-b75b-f663d1d01fd5,You have deployed your application on multiple Amazon EC2 instances. Your customers complain that sometimes they can't reach your application. Which AWS service allows you to monitor the performance of your EC2 instances to assist in troubleshooting these issues?
questions_short_explanation_under_80_chars,abfc3680-2dd2-47c7-be1a-ea08f00cdc81,"Your company is developing a critical web application in AWS, and the security of the application is a top priority. Which of the following AWS services will provide infrastructure security optimization recommendations?"
questions_short_explanation_under_80_chars,b357f0d5-ba3e-493f-8627-4f6159c11ac1,Which of the following is not a benefit of Amazon S3? (Choose TWO)
questions_short_explanation_under_80_chars,108081a9-0112-4d1d-9890-59476b2cb23d,"In the AWS Shared responsibility Model, which of the following are the responsibility of the customer? (Choose TWO)"
questions_short_explanation_under_80_chars,6148c220-699a-4c4e-afb6-521bc9a0eb4f,What does AWS provide to deploy popular technologies such as IBM MQ on AWS with the least amount of effort and time?
questions_short_explanation_under_80_chars,bc89b512-3bfe-4ae2-aad7-2ecdb9ddd3ec,An organization has decided to purchase an Amazon EC2 Reserved Instance (RI) for three years in order to reduce costs. It is possible that the application workloads could change during the reservation period. What is the EC2 Reserved Instance (RI) type that will allow the company to exchange the purchased reserved instance for another reserved instance with higher computing power if they need to?
questions_short_explanation_under_80_chars,689c8c10-53fd-4fcd-8d52-e3e9d7c4c649,A global company with a large number of AWS accounts is seeking a way in which they can centrally manage billing and security policies across all accounts. Which AWS Service will assist them in meeting these goals?
questions_short_explanation_under_80_chars,9740dd75-02b0-414b-9d6f-8689ce0d39b5,Which service provides object-level storage in AWS?
questions_short_explanation_under_80_chars,2f10c81d-f96e-4f42-b8d2-1e666c3c9c9b,A company is concerned that they are spending money on underutilized compute resources in AWS. Which AWS feature will help ensure that their applications are automatically adding/removing EC2 compute capacity to closely match the required demand?
questions_short_explanation_under_80_chars,442bf896-1551-4213-8e07-61c9f50b9597,Which S3 storage class is best for data with unpredictable access patterns?
questions_short_explanation_under_80_chars,3d8c8187-0aed-41cb-8771-c7871e043f55,What is the AWS database service that allows you to upload data structured in key-value format?
questions_short_explanation_under_80_chars,368bd3bf-7b81-4ac7-97fc-00319e0e8e6c,Which of the following is NOT correct regarding Amazon EC2 On-demand instances?
questions_short_explanation_under_80_chars,e1b02124-601b-453f-a286-876327fd0ec2,A company has moved to AWS recently. Which of the following AWS Services will help ensure that they have the proper security settings? (Choose TWO)
questions_short_explanation_under_80_chars,8c986f5a-01f8-4047-8ba9-64ff63e8f321,What is the AWS feature that provides an additional level of security above the default authentication mechanism of usernames and passwords?
questions_short_explanation_under_80_chars,e23789c4-f63f-4c50-9629-e6d3e301cbbf,"A company is introducing a new product to their customers, and is expecting a surge in traffic to their web application. As part of their Enterprise Support plan, which of the following provides the company with architectural and scaling guidance?"
questions_short_explanation_under_80_chars,71ac6a14-38c3-41f5-bca6-53af17eeabca,"You work as an on-premises MySQL DBA. The work of database configuration, backups, patching, and DR can be time-consuming and repetitive. Your company has decided to migrate to the AWS Cloud. Which of the following can help save time on database maintenance so you can focus on data architecture and performance?"
questions_short_explanation_under_80_chars,910e3f9e-e6b0-4adb-9140-e91051b1abe4,Which of the below is a best-practice when designing solutions on AWS?
questions_short_explanation_under_80_chars,97abd629-c0ec-4f8b-b20d-92f4b582c3d0,"According to the AWS Acceptable Use Policy, which of the following statements is true regarding penetration testing of EC2 instances?"
questions_short_explanation_under_80_chars,26fa9643-b32e-401d-893d-405bc727c8b4,Which service is used to ensure that messages between software components are not lost if one or more components fail?
questions_short_explanation_under_80_chars,cd3590b9-d4f5-4887-8e48-a00ee2d87fc0,The principle 'design for failure and nothing will fail' is very important when designing your AWS Cloud architecture. Which of the following would help adhere to this principle? (Choose TWO)
questions_short_explanation_under_80_chars,1588866f-09c8-4747-ad24-523feca262e1,What is the AWS service that provides a virtual network dedicated to your AWS account?
questions_short_explanation_under_80_chars,f2973b67-57b6-4664-a322-4fa26d5a9e22,"According to the AWS Shared responsibility model, which of the following are the responsibility of the customer? (Choose TWO)"
questions_short_explanation_under_80_chars,585b5f21-d89d-47bd-941c-a5608e535fb3,Which AWS Service can be used to register a new domain name?
questions_short_explanation_under_80_chars,9afc436f-65ed-4531-ae11-464873393850,Your company is designing a new application that will store and retrieve photos and videos. Which of the following services should you recommend as the underlying storage mechanism?
questions_short_explanation_under_80_chars,ceb0afdb-b82e-4281-8ba6-85ab7427994e,Which of the following is equivalent to a user name and password and is used to authenticate your programmatic access to AWS services and APIs?
questions_short_explanation_under_80_chars,21ea3c64-3335-41d5-8bac-c50d6215be22,What does Amazon ElastiCache provide?
questions_short_explanation_under_80_chars,2d6af7b4-dc95-44a4-9bb7-3128ce9281d8,What is the AWS service that enables you to manage all of your AWS accounts from a single master account?
questions_short_explanation_under_80_chars,8f2f4a20-b8bf-48c4-b3a0-d5da82dd4ea3,Which of the following EC2 instance purchasing options supports the Bring Your Own License (BYOL) model for almost every BYOL scenario?
questions_short_explanation_under_80_chars,434e54e8-da5f-4295-9afd-f2ef8c6a4c71,Which of the following is one of the benefits of moving infrastructure from an on-premises data center to AWS?
questions_short_explanation_under_80_chars,24ab2135-9118-4568-867b-f4f4426193d4,Which of the following are important design principles you should adopt when designing systems on AWS? (Choose TWO)
questions_short_explanation_under_80_chars,5667b5d0-929b-4462-8fde-39b248bba8f2,"Which AWS Service can be used to establish a dedicated, private network connection between AWS and your datacenter?"
questions_short_explanation_under_80_chars,17a672f0-38b3-40d1-b97e-6443a8e770fc,You are working on two projects that require completely different network configurations. Which AWS service or feature will allow you to isolate resources and network configurations?
questions_short_explanation_under_80_chars,06ee5378-cd89-4e1c-a1b3-ba6b914ad3a7,Which of the following services can help protect your web applications from SQL injection and other vulnerabilities in your application code?
questions_short_explanation_under_80_chars,3c9b54ba-82f3-48c6-9e9e-3c19460ba2ca,An organization needs to analyze and process a large number of data sets. Which AWS service should they use?
questions_short_explanation_under_80_chars,f2ab7e6d-7cb1-4ceb-bd05-79210ae3df3e,"Based on the AWS Shared Responsibility Model, which of the following are the sole responsibility of AWS? (Choose TWO)"
questions_short_explanation_under_80_chars,365d6749-7609-46a3-a866-b34f6308e452,What is the AWS service that provides you the highest level of control over the underlying virtual infrastructure?
questions_short_explanation_under_80_chars,5e5eee78-16a2-4f9c-9527-e65bfe7a96ff,What are the default security credentials that are required to access the AWS management console for an IAM user account?
questions_short_explanation_under_80_chars,f558e23d-1f37-4650-9781-6547b4fe77f9,"In your on-premises environment, you can create as many virtual servers as you need from a single template. What can you use to perform the same in AWS?"
questions_short_explanation_under_80_chars,247b2a0f-0e8d-438b-9586-545befbe9c21,What are two advantages of using Cloud Computing over using traditional data centers? (Choose TWO)
questions_short_explanation_under_80_chars,73622a87-6f34-485a-943a-70e2365aeb5e,Which of the following aspects of security are managed by AWS? (Choose TWO)
questions_short_explanation_under_80_chars,1432b4fc-1741-46b8-bfd7-e16aec34558f,Which statement best describes the operational excellence pillar of the AWS Well-Architected Framework?
questions_short_explanation_under_80_chars,fe4d945c-c4ae-4111-a3a8-b6f5aaa49f9d,AWS has created a large number of Edge Locations as part of its Global Infrastructure. Which of the following is NOT a benefit of using Edge Locations?
questions_short_explanation_under_80_chars,8829d52b-7902-47f9-9334-2e29f8bd6495,What are the change management tools that helps AWS customers audit and monitor all resource changes in their AWS environment? (Choose TWO)
questions_short_explanation_under_80_chars,c66c266d-52ca-42f4-ae23-db7ec3b2eb3a,Which of the following services allows you to run containerized applications on a cluster of EC2 instances?
questions_short_explanation_under_80_chars,30cb1660-8583-4d83-87f9-ed71faee9cc1,Which of the following services will help businesses ensure compliance in AWS?
questions_short_explanation_under_80_chars,e61e9015-0570-432a-9ed0-c4188712963a,Which of the following procedures will help reduce your Amazon S3 costs?
questions_short_explanation_under_80_chars,1e108f63-df6f-47ef-ac47-277267f68eeb,What are the AWS services/features that can help you maintain a highly available and fault-tolerant architecture in AWS? (Choose TWO)
questions_short_explanation_under_80_chars,694f5de6-24e0-4719-bc94-cda374e3389e,What is the AWS service/feature that takes advantage of Amazon CloudFront's globally distributed edge locations to transfer files to S3 with higher upload speeds?
questions_short_explanation_under_80_chars,e1ecad50-8511-4691-af29-bc32b38c587d,Which of the following AWS security features is associated with an EC2 instance and functions to filter incoming traffic requests?
questions_short_explanation_under_80_chars,c23ccf7e-7860-418a-84d7-4e2851a4e223,Which AWS services can be used to improve the performance of a global application and reduce latency for its users? (Choose TWO)
questions_short_explanation_under_80_chars,7fe83c20-28e2-4693-99ee-191b7aeabacd,Using Amazon RDS falls under the shared responsibility model. Which of the following are customer responsibilities? (Choose TWO)
questions_short_explanation_under_80_chars,adde8d38-4b7b-42c5-80ca-1385dbdbe2a6,"A company has a large amount of structured data stored in their on-premises data center. They are planning to migrate all the data to AWS, what is the most appropriate AWS database option?"
questions_short_explanation_under_80_chars,be81de82-f546-434e-805a-950df63c8f71,A company has created a solution that helps AWS customers improve their architectures on AWS. Which AWS program may support this company?
questions_short_explanation_under_80_chars,39e6b89b-15df-4a25-be25-64ace4b802c8,What is the AWS serverless service that allows you to run your applications without any administrative burden?
questions_short_explanation_under_80_chars,b4a8f6da-4c4c-4c11-b416-01fd8f24bbc1,"Jessica is managing an e-commerce web application in AWS. The application is hosted on six EC2 instances. One day, three of the instances crashed; but none of her customers were affected. What has Jessica done correctly in this scenario?"
questions_short_explanation_under_80_chars,b16ab093-6c14-4844-abd9-f92d2f8ad538,Where can you store files in AWS? (Choose TWO)
questions_short_explanation_under_80_chars,6d22e0a2-3faf-4c23-b56b-15f09447ed48,Which AWS service can be used to store and reliably deliver messages across distributed systems?
questions_short_explanation_under_80_chars,288c695d-5edd-49b3-99a0-bd83d2545e83,Which of the following describes the payment model that AWS makes available for customers that can commit to using Amazon EC2 over a one or 3-year term to reduce their total computing costs?
questions_short_explanation_under_80_chars,78f730c3-4e5f-47dc-add7-5c7edc3fff56,A company is migrating its on-premises database to Amazon RDS. What should the company do to ensure Amazon RDS costs are kept to a minimum?
questions_short_explanation_under_80_chars,b37ad12a-4df4-4290-8faa-4dc71dbeebc7,What is the primary storage service used by Amazon RDS database instances?
questions_short_explanation_under_80_chars,068a9a40-f1a7-42ad-8581-0fcae0cdf101,A company is developing a new application using a microservices framework. The new application is having performance and latency issues. Which AWS Service should be used to troubleshoot these issues?
questions_short_explanation_under_80_chars,bd7aab61-3015-4a31-8111-25b382745932,Which of the following AWS services is designed with native Multi-AZ fault tolerance in mind? (Choose TWO)
questions_short_explanation_under_80_chars,6d1e4209-bc2d-43a5-9338-0696040c4108,What are the Amazon RDS features that can be used to improve the availability of your database? (Choose TWO)
questions_short_explanation_under_80_chars,65de4812-a90f-4bff-baaf-26b1895bab5f,"Sarah has deployed an application in the Northern California (us-west-1) region. After examining the application's traffic, she notices that about 30% of the traffic is coming from Asia. What can she do to reduce latency for the users in Asia?"
questions_short_explanation_under_80_chars,05ae9000-c1e9-4068-9d94-81344eab7ece,An organization runs many systems and uses many AWS products. Which of the following services enables them to control how each developer interacts with these products?
questions_short_explanation_under_80_chars,bb172c67-6309-47c5-8b26-a4edb7ea085b,Using Amazon EC2 falls under which of the following cloud computing models?
questions_short_explanation_under_80_chars,ea823dd3-c902-4828-b302-73d67060dfe2,Which of the below is a best-practice when building applications on AWS?
questions_short_explanation_under_80_chars,2d22882a-5ab4-4be7-a554-1ea9382f138e,A company has deployed applications on Amazon EC2 instances. The company needs to assess application vulnerabilities and must identify infrastructure deployments that do not meet best practices. Which AWS service can the company use to meet these requirements?
questions_short_explanation_under_80_chars,80087d4f-6a76-4d5f-a21b-3e7aeaba99a4,Amazon Glacier is an Amazon S3 storage class that is suitable for storing [...] & [...]. (Choose TWO)
questions_short_explanation_under_80_chars,0bd76882-a807-47d8-94d2-30e61eb7c735,"Under the Shared Responsibility Model, which of the following controls do customers fully inherit from AWS? (Choose TWO)"
questions_short_explanation_under_80_chars,442e64da-0891-4da1-88f6-49b0e95527de,A company needs to host a database in Amazon RDS for at least three years. Which of the following options would be the most cost-effective solution?
questions_short_explanation_under_80_chars,e6c9e414-41d2-45f3-bb02-dd0257913024,"Your application has recently experienced significant global growth, and international users are complaining of high latency. What is the AWS characteristic that can help improve your international users' experience?"
questions_short_explanation_under_80_chars,8e3c23fa-e1de-486c-a60a-7ec9dc32cb8a,Savings Plans are available for which of the following AWS compute services? (Choose TWO)
questions_short_explanation_under_80_chars,4efaf8bb-24e4-4a68-98a1-000d6e152f57,A company has business critical workloads hosted on AWS and they are unwilling to accept any downtime. Which of the following is a recommended best practice to protect their workloads in the event of an unexpected natural disaster?
questions_short_explanation_under_80_chars,9c435798-8cc7-4328-aece-14c8016b3ac0,Which statement is correct with regards to AWS service limits? (Choose TWO)
questions_short_explanation_under_80_chars,8b5372be-e2a1-44e2-bbfa-4436e6507184,What is the AWS tool that enables you to use scripts to manage all AWS services and resources?
questions_short_explanation_under_80_chars,ccb55c96-889e-40d7-9f0b-78553590a338,What are the connectivity options that can be used to build hybrid cloud architectures? (Choose TWO)
questions_short_explanation_under_80_chars,622dcff4-b4b9-4704-b91b-e482024a696b,A company has deployed a new web application on multiple Amazon EC2 instances. Which of the following should they use to ensure that the incoming HTTP traffic is distributed evenly across the instances?
questions_short_explanation_under_80_chars,f8269c40-74b1-4924-bd0d-8ac5e4cd53ba,Which of the following AWS offerings is a MySQL-compatible relational database service that can scale capacity automatically based on demand?
questions_short_explanation_under_80_chars,6106c497-c1c2-446f-8b8c-a806bac4f901,Which of the following can help protect your EC2 instances from DDoS attacks? (Choose TWO)
questions_short_explanation_under_80_chars,621fd293-c0ae-4704-891e-0118bc47d8d4,What is the AWS data warehouse service that supports a high level of query performance on large amounts of datasets?
questions_short_explanation_under_80_chars,ceb737b6-3e6d-4aca-9810-6abeb73b1c59,Which of the following should be considered when performing a TCO analysis to compare the costs of running an application on AWS instead of on-premises?
questions_short_explanation_under_80_chars,535a4056-da00-4403-aa3b-d48e367fa770,How are AWS customers billed for Linux-based Amazon EC2 usage?
questions_short_explanation_under_80_chars,bb7d2db4-ae01-436c-b7b7-3684938f250b,Which of the following will impact the price paid for an EC2 instance? (Choose TWO)
questions_short_explanation_under_80_chars,bd9dc828-6f19-4346-8c80-4121f07eebbb,"A customer spent a lot of time configuring a newly deployed Amazon EC2 instance. After the workload increases, the customer decides to provision another EC2 instance with an identical configuration. How can the customer achieve this?"
questions_short_explanation_under_80_chars,4482fdd1-90da-467b-a9f9-1b38d8f3fa38,A company uses AWS Organizations to manage all of its AWS accounts. Which of the following allows the company to restrict what services and actions are allowed in each individual account?
questions_short_explanation_under_80_chars,0fd01128-fd0c-4122-b43c-5eedd9958103,Which of the following statements describes the AWS Cloud's agility?
questions_short_explanation_under_80_chars,6b2a53e0-84a9-4a2f-8f24-9ae7f25a632f,What are the benefits of using the Amazon Relational Database Service? (Choose TWO)
questions_short_explanation_under_80_chars,7b635c45-9eb5-477c-b4ea-5d9f1e3b2be3,What is the connectivity option that uses Internet Protocol Security (IPSec) to establish encrypted connectivity between an on-premises network and the AWS Cloud?
questions_short_explanation_under_80_chars,501bfd4d-3acc-423c-b2b8-58b1422101f7,What is the minimum level of AWS support that provides 24x7 access to technical support engineers via phone and chat?
questions_short_explanation_under_80_chars,c71a70a1-fa39-4d24-b2ee-1c980b676d8f,Which of the following is used to control network traffic in AWS? (Choose TWO)
questions_short_explanation_under_80_chars,df72c578-e354-4d2c-86bf-ab924edd5e3e,A company has developed a media transcoding application in AWS. The application is designed to recover quickly from hardware failures. Which one of the following types of instance would be the most cost-effective choice to use?
questions_short_explanation_under_80_chars,6dd0870c-5812-4a28-a800-f0ba3a76858b,"App development companies move their business to AWS to reduce time-to-market and improve customer satisfaction, what are the AWS automation tools that help them deploy their applications faster? (Choose TWO)"
questions_short_explanation_under_80_chars,a985cb37-bad3-4ca9-8aa7-c2216f679144,Which AWS service provides cost-optimization recommendations?
questions_short_explanation_under_80_chars,ff91cbdb-7ad8-478f-a213-164c8f76b711,A company has hundreds of VPCs in multiple AWS Regions worldwide. What service does AWS offer to simplify the connection management among the VPCs?
questions_short_explanation_under_80_chars,9d4436dc-bca3-4c7a-b26d-2033e1bd2c2b,What is one benefit and one drawback of buying a reserved EC2 instance? (Select TWO)
questions_short_explanation_under_80_chars,b1c08bea-3096-46d8-8514-2a774039447d,Why does every AWS Region contain multiple Availability Zones?
questions_short_explanation_under_80_chars,87fe4957-7fa2-42f2-ab36-9b5e2308865e,What is the most cost-effective purchasing option for running a set of EC2 instances that must always be available for a period of two months?
questions_short_explanation_under_80_chars,b47cbbf5-3688-44a5-8a36-536dcce33064,Which of the following is a benefit of running an application in multiple Availability Zones?
questions_short_explanation_under_80_chars,99da613a-c8f8-4b52-93a4-1a4880cbb621,Data security is one of the top priorities of AWS. How does AWS deal with old storage devices that have reached the end of their useful life?
questions_short_explanation_under_80_chars,2e876f63-6d0a-469d-b98d-60cffd67f3e3,A developer needs to set up an SSL security certificate for a client's eCommerce website in order to use the HTTPS protocol. Which of the following AWS services can be used to deploy the required SSL server certificates? (Choose TWO)
questions_short_explanation_under_80_chars,96acb490-50c8-4911-bd5c-11998c35e284,Which of the following AWS services scale automatically without your intervention? (Choose TWO)
questions_short_explanation_under_80_chars,5cd6296b-f902-471f-b051-00ab7ac433b2,A company is planning to migrate an application from Amazon EC2 to AWS Lambda to use a serverless architecture. Which of the following will be the responsibility of AWS after migration? (Choose TWO)
questions_short_explanation_under_80_chars,e128bee3-0fa7-4832-9239-5fef9b2d2193,How do ELBs improve the reliability of your application?
questions_short_explanation_under_80_chars,e4d794bf-5b13-4ad8-bcd3-fc5de394f9d0,"A company needs to migrate their website from on-premises to AWS. Security is a major concern for them, so they need to host their website on hardware that is NOT shared with other AWS customers. Which of the following EC2 instance options meets this requirement?"
questions_short_explanation_under_80_chars,d71b7f10-56d1-4cc0-a5d1-9f095542a317,What is the AWS Support feature that allows customers to manage support cases programmatically?
questions_short_explanation_under_80_chars,c97d9398-9832-4d56-a3a1-7339e903b004,A customer is planning to move billions of images and videos to be stored on Amazon S3. The customer has approximately 60 Petabytes of data to move. Which of the following AWS Services is the best choice to transfer the data to AWS?
questions_short_explanation_under_80_chars,08fa7710-514a-454f-9646-d76317134221,A company plans to migrate a large amount of archived data to AWS. The archived data must be maintained for a period of 5 years and must be retrievable within 5 hours of a request. What is the most cost-effective AWS storage service to use?
questions_short_explanation_under_80_chars,c0af3932-7aaf-4613-a71c-ce2d24a8c0dd,Which AWS Service is used to manage user permissions?
questions_short_explanation_under_80_chars,2c92cb0a-ee3e-428d-96bd-41816c54da08,Which support plan includes AWS Support Concierge Service?
questions_short_explanation_under_80_chars,1dd19531-2b50-4662-b71f-d34f3044a505,A company needs to track resource changes using the API call history. Which AWS service can help the company achieve this goal?
questions_short_explanation_under_80_chars,d5189a2f-1c90-459d-94f7-a3b9bc913868,What are the benefits of using an AWS-managed service? (Choose TWO)
questions_short_explanation_under_80_chars,28594127-c6bb-47f5-b32c-1c082550fa43,Which of the following are use cases for Amazon S3? (Choose TWO)
questions_short_explanation_under_80_chars,d031f4c5-d084-4bf1-843a-3acb29b6a647,What is the AWS' recommendation regarding access keys?
questions_short_explanation_under_80_chars,10dfed78-1bcb-44b0-9f6d-dbe1a28e532e,What is the AWS IAM feature that provides an additional layer of security on top of user-name and password authentication?
questions_short_explanation_under_80_chars,961de231-24bb-4cc9-bd8c-65eb758747b1,A company is planning to migrate a database with high read/write activity to AWS. What is the best storage option to use?
questions_short_explanation_under_80_chars,0373a5ec-eac0-444d-bccc-75195b55093b,How can AWS customers track and avoid over-spending on underutilized reserved instances?
questions_short_explanation_under_80_chars,68d2320d-8ce2-42d6-91db-abb693388375,What is the AWS service that provides five times the performance of a standard MySQL database?
questions_short_explanation_under_80_chars,fe674c32-8e0a-43a6-9d6a-26b3db887ebc,What does AWS Service Catalog provide?
questions_short_explanation_under_80_chars,c005b6b5-d262-4af8-93b8-5d71af898af5,"For managed services like Amazon DynamoDB, which of the below is AWS responsible for? (Choose TWO)"
questions_short_explanation_under_80_chars,02c59fec-64c5-49e2-b544-0f446812977b,Which of the following AWS Services helps with planning application migration to the AWS Cloud?
questions_short_explanation_under_80_chars,ab58d44b-002e-4026-82ca-0b7a2ff2a8d0,A company is trying to analyze the costs applied to their AWS account recently. Which of the following provides them the most granular data about their AWS costs and usage?
questions_short_explanation_under_80_chars,0e243fd8-15d0-4007-a7d2-4f4a0c19cd6f,Which statement best describes the concept of an AWS region?
questions_short_explanation_under_80_chars,c26fa53d-a606-47b9-b467-7ab94a4fa789,"A company has discovered that multiple S3 buckets were deleted, but it is unclear who deleted the buckets. Which of the following can the company use to determine the identity that deleted the buckets?"
questions_short_explanation_under_80_chars,64055124-c3bb-4546-98d4-2858d0f9a614,Which of the following are factors in determining the appropriate database technology to use for a specific workload? (Choose TWO)
questions_short_explanation_under_80_chars,cf94b560-d979-4a5e-a55b-01384497e478,What are the benefits of implementing a tagging strategy for AWS resources? (Choose TWO)
questions_short_explanation_under_80_chars,37f75202-56c2-44b1-8f5c-b07cfe285725,What are AWS shared controls?
questions_short_explanation_under_80_chars,0a9df451-f71a-45e8-a22d-3edbfd92ae41,Which design principles relate to performance efficiency in AWS? (Choose TWO)
questions_short_explanation_under_80_chars,3a65f87a-c011-45d6-9d34-0028323f5251,Which of the below are responsibilities of the customer when using Amazon EC2? (Choose TWO)
questions_short_explanation_under_80_chars,a9c672a3-e279-43ed-ac0a-bbea6c9ad81f,Why would an organization decide to use AWS over an on-premises data center? (Choose TWO)
questions_short_explanation_under_80_chars,02afc492-1e50-4d78-b7d5-5ee7b865d4ab,Which of the following is true regarding the AWS availability zones and edge locations?
questions_short_explanation_under_80_chars,bda014fa-6bdb-4af5-953d-bc42504285e9,Which of the following AWS services can help you perform security analysis and regulatory compliance auditing? (Choose TWO)
questions_short_explanation_under_80_chars,402a361b-1acf-4019-bd88-2aa0f3136f3e,Which of the following is NOT a characteristic of Amazon Elastic Compute Cloud (Amazon EC2)?
questions_short_explanation_under_80_chars,7afb916f-6da9-45a6-98aa-c34eddbffe4c,What is the AWS Compute service that executes code only when triggered by events?
questions_short_explanation_under_80_chars,8036e711-91a1-42f2-a6c1-c78e38b48b0a,Both AWS and traditional IT distributors provide a wide range of virtual servers to meet their customers' requirements. What is the name of these virtual servers in AWS?
questions_short_explanation_under_80_chars,070ccbc7-8037-4c81-84f6-bb9b7d0caf59,What is the framework created by AWS Professional Services that helps organizations design a road map to successful cloud adoption?
questions_short_explanation_under_80_chars,904d1f5d-6a21-4fca-9acb-2f8932bb1f9e,TYMO Cloud Corp is looking forward to migrating their entire on-premises data center to AWS. What tool can they use to perform a cost-benefit analysis of moving to the AWS Cloud?
questions_short_explanation_under_80_chars,0207a86a-5ef6-43b8-864a-facb54c4b7ba,Which of the following activities supports the Operational Excellence pillar of the AWS Well-Architected Framework?
questions_short_explanation_under_80_chars,6189db32-8683-459b-afd3-745ad17bb42a,Why do many startup companies prefer AWS over traditional on-premises solutions? (Choose TWO)
questions_short_explanation_under_80_chars,9f6e829a-2c8f-428d-a837-2d2be4e52503,What are the benefits of using DynamoDB? (Choose TWO)
questions_short_explanation_under_80_chars,922f471e-190a-493b-b31a-70810b0be78e,Which of the following can be used to protect data at rest on Amazon S3? (Choose TWO)
questions_short_explanation_under_80_chars,5ef629cb-52fc-4246-889b-c13dbbac149c,"As part of the AWS Migration Acceleration Program (MAP), what does AWS provide to accelerate Enterprise adoption of AWS? (Choose TWO)"
questions_short_explanation_under_80_chars,1dc941b0-262a-4d06-b566-9af23a1fe9fa,AWS recommends some practices to help organizations avoid unexpected charges on their bill. Which of the following is NOT one of these practices?
questions_short_explanation_under_80_chars,3e850fbe-f315-4c86-929b-6af198b4f92d,What is the AWS tool that can help a company visualize their AWS spending in the last few months?
questions_short_explanation_under_80_chars,64bff211-7b0a-4c30-b88d-17c0cf61be88,"When running a workload in AWS, the customer is NOT responsible for: (Select TWO)"
questions_short_explanation_under_80_chars,c207810b-2e12-4934-b417-92ea1888ea07,Which AWS service can be used to send promotional text messages (SMS) to more than 200 countries worldwide?
questions_short_explanation_under_80_chars,59ed13ea-5227-4d9e-8e88-c167784783e3,Which of the following allows you to create new RDS instances? (Choose TWO)
questions_short_explanation_under_80_chars,93603e0f-bf59-433b-a65a-1027e033cd97,One of the major advantages of using AWS is cost savings. What does AWS provide to reduce the cost of running Amazon EC2 instances?
questions_short_explanation_under_80_chars,00be6d2b-6694-4d3e-96eb-f415a92298d9,Which AWS Group assists customers in achieving their desired business outcomes?
questions_short_explanation_under_80_chars,cd6c2b28-aa51-4a9d-800b-38cfd4f0e664,Which AWS service or feature is used to manage the keys used to encrypt customer data?
questions_short_explanation_under_80_chars,5d1b29fd-e39a-4713-b32b-fc55c8d48648,Which AWS Service allows customers to download AWS SOC & PCI reports?
questions_short_explanation_under_80_chars,edc8b342-da77-47bd-8415-7eda70fa4e8f,"A company is using EC2 Instances to run their e-commerce site on the AWS platform. If the site becomes unavailable, the company will lose a significant amount of money for each minute the site is unavailable. Which design principle should the company use to minimize the risk of an outage?"
questions_short_explanation_under_80_chars,48140e19-bfad-45d3-9aea-09d344963f3a,You decide to buy a reserved instance for a term of one year. Which option provides the largest total discount?
questions_short_explanation_under_80_chars,e691f6d4-3459-4980-82dd-4c72096ae868,What features does AWS offer to help protect your data in the Cloud? (Choose TWO)
questions_short_explanation_under_80_chars,5138ad8f-c74b-40a8-a5a9-d53b0d041c1e,"An AWS customer has used one Amazon Linux instance for 2 hours, 5 minutes and 9 seconds, and one CentOS instance for 4 hours, 23 minutes and 7 seconds. How much time will the customer be billed for?"
questions_short_explanation_under_80_chars,037165b2-2ce2-4c5b-b729-3caecef28ffc,Which methods can be used by customers to interact with AWS Identity and Access Management (IAM)? (Choose TWO)
questions_short_explanation_under_80_chars,a82c11e0-b828-46d8-a307-415698afaa59,Which of the following are types of AWS Identity and Access Management (IAM) identities? (Choose TWO)
questions_short_explanation_under_80_chars,d91d485c-da26-47ba-8347-fb67a497a7f7,Which of the following Amazon RDS features facilitates offloading of database read activity?
questions_short_explanation_under_80_chars,37cfb779-ff88-473d-86b4-a3e216a9583b,How does AWS notify customers about security and privacy events pertaining to AWS services?
questions_short_explanation_under_80_chars,e3caf852-0396-4121-9980-858818271eb5,Which IAM entity can best be used to grant temporary access to your AWS resources?
questions_short_explanation_under_80_chars,91d849d5-2c12-4a1d-9beb-0c9020585db0,"A company has a web application that is hosted on a single EC2 instance and is approaching 100 percent CPU Utilization during peak loads. Rather than scaling the server vertically, the company has decided to deploy three Amazon EC2 instances in parallel and to distribute traffic across the three servers. What AWS Service should the company use to distribute the traffic evenly?"
questions_short_explanation_under_80_chars,2c6a674e-fcb3-4e6d-9771-408386cb44c9,Which of the following approaches will help you eliminate human error and automate the process of creating and updating your AWS environment?
questions_short_explanation_under_80_chars,830e355e-20c1-44d6-8346-1bf14819ff17,A company is seeking to better secure its AWS account from unauthorized access. Which of the below options can the customer use to achieve this goal?
questions_short_explanation_under_80_chars,2a9454f1-8437-41a0-8cc0-23b750a143cf,Which AWS Service offers volume discounts based on usage?
questions_short_explanation_under_80_chars,b403bbb5-07cb-4f3d-b1d8-2f8e9f3003a7,Which of the following factors should be considered when determining the region in which AWS Resources will be deployed? (Choose TWO)
questions_short_explanation_under_80_chars,5f76a7c5-11b4-4c78-8c24-a4a6cb6e7d75,You are running a financial services web application on AWS. The application uses a MySQL database to store the data. Which of the following AWS services would improve the performance of your application by allowing you to retrieve information from fast in-memory caches?
questions_short_explanation_under_80_chars,40b0174a-c991-4ecc-82f2-73e4a0555cc4,What are the advantages of using Auto Scaling Groups for EC2 instances?
questions_short_explanation_under_80_chars,00e6b392-c0af-4f13-9711-17e2b06dc524,The TCO gap between AWS infrastructure and traditional infrastructure has widened over the recent years. Which of the following could be the reason for that?
questions_short_explanation_under_80_chars,749f18cb-d1f6-47f0-89d3-4d189a2394d5,Which of the following are examples of the customer's responsibility to implement 'security IN the cloud'? (Choose TWO)
questions_short_explanation_under_80_chars,74b047e3-09c3-42ab-8e69-31184c25b7fa,Which of the following is a type of MFA device that customers can use to protect their AWS resources?
questions_short_explanation_under_80_chars,c6888409-33bf-4f09-a78e-77042d5eee7e,A company is seeking to deploy an existing .NET application onto AWS as quickly as possible. Which AWS Service should the customer use to achieve this goal?
questions_short_explanation_under_80_chars,3cdfb52e-abe5-4c4e-bf9e-b7a63354415e,Which of the following is NOT a factor when estimating the costs of Amazon EC2? (Choose TWO)
questions_short_explanation_under_80_chars,bb17d6be-4bd6-4c84-a513-827c6d87c9d5,Which AWS Service helps enterprises extend their on-premises storage to AWS in a cost-effective manner?
questions_short_explanation_under_80_chars,1953c6ce-5fff-4fc8-904c-31cdf9e9aedf,"A company is building an online cloud storage platform. They need a storage service that can scale capacity automatically, while minimizing cost. Which AWS storage service should the company use to meet these requirements?"
questions_short_explanation_under_80_chars,34b9ea0d-f737-4014-92c0-8290f6504b86,"You have just hired a skilled sys-admin to join your team. As usual, you have created a new IAM user for him to interact with AWS services. On his first day, you ask him to create snapshots of all existing Amazon EBS volumes and save them in a new Amazon S3 bucket. However, the new member reports back that he is unable to create neither EBS snapshots nor S3 buckets. What might prevent him from doing this simple task?"
questions_short_explanation_under_80_chars,7e421a48-6eb6-43bb-9eb9-6bf953f8aa9b,An external auditor is requesting a log of all accesses to the AWS resources in the company's account. Which of the following services will provide the auditor with the requested information?
questions_short_explanation_under_80_chars,c27ef0d9-4e4f-4035-be29-48171e0063ca,Which of the below options is true of Amazon Cloud Directory?
questions_short_explanation_under_80_chars,a2c66d78-1521-4b26-9124-e129c9f847d9,A user has opened a 'Production System Down' support case to get help from AWS Support after a production system disruption. What is the expected response time for this type of support case?
questions_short_explanation_under_80_chars,02bc4aaa-ad1b-41e9-b68f-fa709d182726,Which of the below options is a best practice for making your application on AWS highly available?
questions_short_explanation_under_80_chars,062e2214-1a44-4f9f-ba21-ac0004b2415e,Which of the following should be taken into account when performing a TCO analysis regarding the costs of running an application on AWS VS on-premises? (Choose TWO)
questions_short_explanation_under_80_chars,a1df0399-9c2b-4627-899b-89af08af6ac9,Your company requires a response time of less than 15 minutes from support interactions about their business-critical systems that are hosted on AWS if those systems go down. Which AWS Support Plan should this company use?
questions_short_explanation_under_80_chars,27f42f57-4bf7-4c08-a121-4f18490746ba,Which of the following AWS offerings are serverless services? (Choose TWO)
questions_short_explanation_under_80_chars,fbe2156c-5a23-49d8-8d64-2c581695e8d3,Which AWS service enables you to quickly purchase and deploy SSL/TLS certificates?
questions_short_explanation_under_80_chars,c7e7d002-80d2-487c-b432-c3b51ab6f384,Which AWS Service provides integration with Chef to automate the configuration of EC2 instances?
questions_short_explanation_under_80_chars,8986b7d9-690b-4490-87a2-669cd74d7f66,A customer is seeking to store objects in their AWS environment and to make those objects downloadable over the internet. Which AWS Service can be used to accomplish this?
questions_short_explanation_under_80_chars,f9f47236-0e8f-476b-bdef-81c2cbc22302,Which of the following services can be used to monitor the HTTP and HTTPS requests that are forwarded to Amazon CloudFront?
questions_short_explanation_under_80_chars,458967f1-c4ef-419a-8b9a-d966c6d700dd,A company is migrating a web application to AWS. The application's compute capacity is continually utilized throughout the year. Which of the below options offers the company the most cost-effective solution?
questions_short_explanation_under_80_chars,48c48b9b-6eea-47ca-95c8-08b8c6a59a7a,A company wants to grant a new employee long-term access to manage Amazon DynamoDB databases. Which of the following is a recommended best-practice when granting these permissions?
questions_short_explanation_under_80_chars,a4589f88-ae4d-409b-b3b7-49b5f4aefd0a,"When granting permissions to applications running on Amazon EC2 instances, which of the following is considered best practice?"
questions_short_explanation_under_80_chars,fd28622c-e25f-4921-afc8-815671d1f5ef,Which of the following will help AWS customers save on costs when migrating their workloads to AWS?
questions_short_explanation_under_80_chars,7d33fac4-d82a-4727-ab8b-68be19071c76,An organization has a legacy application designed using monolithic-based architecture. Which AWS Service can be used to decouple the components of the application?
questions_short_explanation_under_80_chars,fe6dfbb8-9e31-4c4e-bfea-8c3d488cfa8d,Which of the following can be used to enable the Virtual Multi-Factor Authentication? (Choose TWO)
questions_short_explanation_under_80_chars,e867bdd2-7bb9-459d-bb6c-5e0fdc3a8d75,"According to best practices, which of the below options is best suited for processing a large number of binary files?"
questions_short_explanation_under_80_chars,c66f644c-4bf0-424a-bc3c-f586a637bb0d,A company is planning to use Amazon S3 and Amazon CloudFront to distribute its video courses globally. What tool can the company use to estimate the costs of these services?
questions_short_explanation_under_80_chars,858adf18-cfcf-414e-b967-70e93d2e3a6e,"What should you do if you see resources, which you don't remember creating, in the AWS Management Console? (Choose TWO)"
questions_short_explanation_under_80_chars,a3981de1-09d8-4794-93a1-52af543ca3e8,A key practice when designing solutions on AWS is to minimize dependencies between components so that the failure of a single component does not impact other components. What is this practice called?
questions_short_explanation_under_80_chars,b946454a-3990-47e8-94a5-70ff8e642c30,Which AWS Service offers an NFS file system that can be mounted concurrently from multiple EC2 instances?
questions_short_explanation_under_80_chars,1c77ce2f-6663-467d-8596-ecb1a6481e90,Availability Zones within a Region are connected over low-latency links. Which of the following is a benefit of these links?
questions_short_explanation_under_80_chars,6ded0cd0-60d1-4c0a-95ad-31bc04db251c,Which of the following are true regarding the languages that are supported on AWS Lambda? (Choose TWO)
questions_short_explanation_under_80_chars,1f34438b-3061-4c87-b417-f77d1c83bd15,What are the capabilities of AWS X-Ray? (Choose TWO)
questions_short_explanation_under_80_chars,3bab05b9-cde3-4333-acb6-8821bb5795cf,"A company is developing a mobile application and wants to allow users to use their Amazon, Apple, Facebook, or Google identities to authenticate to the application. Which AWS Service should the company use for this purpose?"
questions_short_explanation_under_80_chars,cedc92c1-db9b-4a55-8b22-82d78455506b,Which AWS Service allows customers to create a template that programmatically defines policies and configurations of all AWS resources as code and so that the same template can be reused among multiple projects?
questions_short_explanation_under_80_chars,09437567-17e5-4039-b741-5ffdc7175b3a,Which of the following are advantages of using AWS as a cloud computing provider? (Choose TWO)
questions_short_explanation_under_80_chars,e25425c6-9038-44ee-9d3e-d83a08e314e4,A customer is planning to migrate their Microsoft SQL Server databases to AWS. Which AWS Services can the customer use to run their Microsoft SQL Server database on AWS? (Choose TWO)
questions_short_explanation_under_80_chars,99e31e45-c730-42d6-a698-c106a21d2258,Which AWS Service can perform health checks on Amazon EC2 instances?
questions_short_explanation_under_80_chars,49acc3cd-2eab-4112-87c9-f65ab236ce91,A company is developing an application that will leverage facial recognition to automate photo tagging. Which AWS Service should the company use for facial recognition?
questions_short_explanation_under_80_chars,4c4b6c4e-9134-41ae-9a8f-b2cb1d68cd89,Which of the following are examples of AWS-managed databases? (Choose TWO)
questions_short_explanation_under_80_chars,4e0bc19b-ad63-4d9e-bd3b-40f8a4479f75,How does AWS shorten the time to provision IT resources?
questions_short_explanation_under_80_chars,7a5c13fb-a8be-498b-a116-62f50675417a,"A company's AWS workflow requires that it periodically perform large-scale image and video processing jobs. The customer is seeking to minimize cost and has stated that the amount of time it takes to process these jobs is not critical, but that cost minimization is the most important factor in designing the solution. Which EC2 instance class is best suited for this processing?"
questions_short_explanation_under_80_chars,a5901a39-f923-4428-ba6c-2d45de9f72b9,There is a requirement to grant a DevOps team full administrative access to all resources in an AWS account. Who can grant them these permissions?
questions_short_explanation_under_80_chars,a7681721-767d-4aa1-a6f5-b85f4550ccd3,You need to migrate a large number of on-premises workloads to AWS. Which AWS service is the most appropriate?
questions_short_explanation_under_80_chars,1d18c24c-d4f8-4ff4-bf02-7be5983507d7,What are some key benefits of using AWS CloudFormation? (Choose TWO)
questions_short_explanation_under_80_chars,25493be7-cb34-4cbc-ad2a-a490ac989709,Which of the following is a cloud computing deployment model that connects infrastructure and applications between cloud-based resources and existing resources not located in the cloud?
questions_short_explanation_under_80_chars,783ecee2-6c9f-4d6f-a06b-0cd550b76861,"A company is hosting business critical workloads in an AWS Region. To protect against data loss and ensure business continuity, a mirror image of the current AWS environment should be created in another AWS Region. Company policy requires that the standby environment must be available in minutes in case of an outage in the primary AWS Region. Which AWS service can be used to meet these requirements?"
questions_short_explanation_under_80_chars,83e6820f-4a4f-4921-8d76-46084417b04e,Which of the following S3 storage classes is most appropriate to host static assets for a popular e-commerce website with stable access patterns?
questions_short_explanation_under_80_chars,279c3fea-6b6f-459d-b82d-06dd147bf399,You want to create a backup of your data in another geographical location. Where should you create this backup?
questions_short_explanation_under_80_chars,954c8340-2e0c-4302-9068-f5cbe0234498,Which statement is true in relation to the security of Amazon EC2?
questions_short_explanation_under_80_chars,2b760c98-17a8-4773-9c09-b8f4b952b2ce,What does AWS Cost Explorer provide to help manage your AWS spend?
questions_short_explanation_under_80_chars,77eec093-0c4c-47f9-b7e6-a038e4611ff9,Which of the following is a feature of Amazon RDS that performs automatic failover when the primary database fails to respond?
questions_short_explanation_under_80_chars,a716ac3c-5027-413b-a583-a6f03c20252c,You are using several on-demand EC2 Instances to run your development environment. What is the best way to reduce your charges when these instances are not in use?
questions_short_explanation_under_80_chars,0a252542-de24-4187-9e67-ebe34121d9d2,Which of the following strategies helps protect your AWS root account?
questions_short_explanation_under_80_chars,db21f881-1b70-4c48-8566-40dcbcc3e22e,Which of the following are factors should be considered for Amazon EBS pricing? (Choose TWO)
questions_short_explanation_under_80_chars,f4f208a1-1423-48ae-a294-6c3cf13c9e93,You have just set up your AWS environment and have created six IAM user accounts for the DevOps team. What is the AWS recommendation when granting permissions to these IAM accounts?
questions_short_explanation_under_80_chars,5193eb7c-6eee-4dd0-950c-27368bb9eec5,Which of the following is an available option when purchasing Amazon EC2 instances?
questions_short_explanation_under_80_chars,8ee9a7a8-3b8a-4eb7-92a8-627adf844893,What does the term 'Economies of scale' mean?
questions_short_explanation_under_80_chars,a374694a-ef1d-427b-89a6-43892cb89f30,A company experiences fluctuations in traffic patterns to their e-commerce website when running flash sales. What service can help the company dynamically match the required compute capacity to handle spikes in traffic during flash sales?
questions_short_explanation_under_80_chars,3b5b3d15-5b11-4cca-a534-b05fa2493de8,Which of the below options is true of Amazon VPC?
questions_short_explanation_under_80_chars,8e894f82-f7f7-4778-b760-28fb19fe70d2,Which tool can a non-AWS customer use to compare the cost of on-premises environment resources to AWS?
questions_short_explanation_under_80_chars,f0fa8e32-7113-49a4-835a-4a8351c3c482,Which of the following services provide real-time auditing for compliance and vulnerabilities? (Choose TWO)
questions_short_explanation_under_80_chars,d2a12179-740f-476a-84b4-74a41f16282f,Which of the following AWS services uses Puppet to automate how EC2 instances are configured?
questions_short_explanation_under_80_chars,9740f216-abce-41c1-a4cb-5568ed4b47d8,Which of the following services gives you access to all AWS auditor-issued reports and certifications?
questions_short_explanation_under_80_chars,5caab527-3d75-4470-9224-d76ce47418f0,An organization uses a hybrid cloud architecture to run their business. Which AWS service enables them to deploy their applications to any AWS or on-premises server?
questions_short_explanation_under_80_chars,c0b77a9e-6f6b-4c3e-a121-01e0faeac095,Select the services that are server-based: (Choose TWO)
questions_short_explanation_under_80_chars,3646f694-140e-4740-a15a-4933062b280d,What best describes penetration testing?
questions_short_explanation_under_80_chars,89f72122-9e66-4800-8a28-6b0c16e1fb84,Which of the following are use cases for Amazon EMR? (Choose TWO)
questions_short_explanation_under_80_chars,c6f52172-8ba5-4846-951f-cf49302dfa16,"Your CTO has asked you to contact AWS support using the chat feature to ask for guidance related to EBS. However, when you open the AWS support center you can't see a way to contact support via Chat. What should you do?"
questions_short_explanation_under_80_chars,c51d2cae-98ad-47ec-93cb-56454ff60bb7,"A developer wants to quickly deploy and manage his application in the AWS Cloud, but he doesn't have any experience with cloud computing. Which of the following AWS services would help the developer achieve his goal?"
questions_short_explanation_under_80_chars,bcf62e65-825d-4f57-a66f-dfab99b7158f,Which statement best describes the AWS Pay-As-You-Go pricing model?
questions_short_explanation_under_80_chars,f55255a8-06ad-47bd-9df4-683af2fd606c,"For Amazon RDS databases, what does AWS perform on your behalf? (Choose TWO)"
questions_short_explanation_under_80_chars,bf72938a-3b6e-4427-862b-8d19164fff2c,Which of the following strategies help analyze costs in AWS?
questions_short_explanation_under_80_chars,b69b7e60-1866-4340-8fe4-be3587b16e2b,A media company has an application that requires the transfer of large data sets to and from AWS every day. This data is business critical and should be transferred over a consistent connection. Which AWS service should the company use?
questions_short_explanation_under_80_chars,29293e5f-07f3-43d5-8c5c-5e4c8d45b3a5,What is the main benefit of the AWS Storage Gateway service?
questions_short_explanation_under_80_chars,6dc52587-6aa8-4bcd-9cf3-93954df0fc91,"To protect against data loss, you need to backup your database regularly. What is the most cost-effective storage option that provides immediate retrieval of your backups?"
questions_short_explanation_under_80_chars,18932d7c-c6f6-4b48-8bd4-86ec3cc6c46b,Which service can you use to route traffic to the endpoint that provides the best application performance for your users worldwide?
questions_short_explanation_under_80_chars,e0e33693-2e45-4a28-99b9-e251341ad163,Why are Serverless Architectures more economical than Server-based Architectures?
questions_short_explanation_under_80_chars,25a59a9d-6653-4e52-ab0d-679235f1f9d0,Which of the below options are use cases of the Amazon Route 53 service? (Choose TWO)
questions_short_explanation_under_80_chars,137b126c-a7c0-48c4-bbcf-6c0848133c03,"You want to transfer 200 Terabytes of data from on-premises locations to the AWS Cloud, which of the following can do the job in a cost-effective way?"
questions_short_explanation_under_80_chars,b269ab6a-5395-4c7e-b3ba-58d698fb5054,You have a real-time IoT application that requires sub-millisecond latency. Which of the following services should you use?
questions_short_explanation_under_80_chars,86d2dcc5-1cf3-4f70-adf4-a86aee91023d,Which of the following can help secure your sensitive data in Amazon S3? (Choose TWO)
questions_short_explanation_under_80_chars,212fc9fa-70b7-4493-aaac-e0bfce960ba7,Which AWS service helps developers compile and test their code?
questions_short_explanation_under_80_chars,e7d0524b-057a-4e80-9fa2-297bdbc7e848,Which of the following will affect how much you are charged for storing objects in S3? (Choose TWO)
questions_short_explanation_under_80_chars,52464598-56c5-401f-a7ae-962ebd52e774,What does the Amazon CloudFront service provide? (Choose TWO)
questions_short_explanation_under_80_chars,21eefa8a-6930-4f3a-a9ba-58489531b475,You are facing a lot of problems with your current contact center. Which service provides a cloud-based contact center that can deliver a better service for your customers?
questions_short_explanation_under_80_chars,3d19d16b-b095-4d01-b010-146f0ec4bece,You have migrated your application to AWS recently. How can you view the AWS costs applied to your account?
questions_short_explanation_under_80_chars,c0bd0152-6a2d-4e7d-89e7-5b0958f108f3,Which of the following are valid Amazon EC2 Reserved Instance types? (Choose TWO)
questions_short_explanation_under_80_chars,a225bd47-2cba-49d9-ad6d-18742feb09b3,"You manage a blog on AWS that has different environments: development, testing, and production. What can you use to create a custom console for each environment to view and manage your resources easily?"
questions_short_explanation_under_80_chars,890dc2e5-85cf-4fbc-9d33-f57389752097,Which AWS service collects metrics from running EC2 instances?
questions_short_explanation_under_80_chars,a268d582-7659-494c-afa1-e7fbd16ee27f,Your web application currently faces performance issues and suffers from long load times. Which of the following AWS services could help fix these issues and improve performance?
questions_short_explanation_under_80_chars,4e280206-be60-459c-81b6-9317dcfcc81d,Which of the following compute resources are serverless? (Choose TWO)
questions_short_explanation_under_80_chars,ccf970de-9c4f-4d0e-a377-53785155d2af,"For compliance and regulatory purposes, a government agency requires that their applications must run on hardware that is dedicated to them only. How can you meet this requirement?"
questions_short_explanation_under_80_chars,1c83e8d6-e6f5-4190-8902-b5e4b0df2379,Which AWS Cost Governance best practice recommends refining workloads regularly to make the most of existing AWS resources and reduce costs?
questions_short_explanation_under_80_chars,1cd4c7bd-4b2f-4c7b-ab6f-299e49aa4f47,An organization needs to build a financial application that requires support for ACID transactions. Which AWS database service is most appropriate in this case?
questions_short_explanation_under_80_chars,4c293fee-c323-4e65-a431-76d1e8d93400,What can you use to assign permissions directly to an IAM user?
questions_short_explanation_under_80_chars,013bc72b-9381-4b12-a85e-631df3ae840f,The owner of an E-Commerce application notices that the compute capacity requirements vary heavily from time to time. What makes AWS more economical than traditional data centers for this type of application?
questions_short_explanation_under_80_chars,c6aa8313-19e8-4207-b4b2-cdf17d1aa792,Amazon RDS supports multiple database engines to choose from. Which of the following is not one of them?
questions_short_explanation_under_80_chars,30d8e64f-80b7-4c40-9256-6160c5860d27,Which of the following AWS services would help you migrate on-premise databases to AWS?
questions_short_explanation_under_80_chars,61f95f66-940b-4170-b974-78bf821add73,"For new AWS customers, what is the EASIEST way to launch a simple WordPress website on AWS?"
questions_short_explanation_under_80_chars,5f396c8a-d7db-4167-994c-cb9d622cc113,Which of the following would you use to manage your encryption keys in the AWS Cloud? (Choose TWO)
questions_short_explanation_under_80_chars,edbea0a2-deb9-400c-9d51-97ad10acb6af,Which of the following services allows you to install and run custom relational database software?
questions_short_explanation_under_80_chars,c5602e5c-958a-4f62-a3b4-078a61235ada,Your application requirements for CPU and RAM are changing in an unpredictable way. Which service can be used to dynamically adjust these resources based on load?
questions_short_explanation_under_80_chars,7d8b1f90-b6fa-4a34-a7db-d125c21eb5ae,"A company has infrastructure hosted in an on-premises data center. They currently have an operations team that takes care of identity management. If they decide to migrate to the AWS cloud, which of the following services would help them perform the same role in AWS?"
questions_short_explanation_under_80_chars,e8e68c87-b36e-4009-9736-0025efc0b5b6,What are some key design principles for designing public cloud systems? (Choose TWO)
questions_short_explanation_under_80_chars,7cbd20b6-726f-4f43-bb66-77dca0efb1c4,"Where can AWS account owners get a list of all users in their account, including the status of their AWS credentials?"
questions_short_explanation_under_80_chars,28eadee3-f386-4db0-8754-f5c1094c1581,Which of the following services enables you to easily generate and use your own encryption keys in the AWS Cloud?
questions_short_explanation_under_80_chars,09843a2e-754d-4d3d-8dda-3b3a1c87f036,You have developed a web application targeting a global audience. Which of the following will help you achieve the highest redundancy and fault tolerance from an infrastructure perspective?
questions_short_explanation_under_80_chars,3f438ade-baff-4bc8-9b4b-db433f24ac22,"For some services, AWS automatically replicates data across multiple Availability Zones to provide fault tolerance in the event of a server failure or Availability Zone outage. Select TWO services that automatically replicate data across Availability Zones."
questions_short_explanation_under_80_chars,a2a722d4-aed7-4465-915c-8c9dde96bef0,Which of the following factors affect Amazon CloudFront cost? (Choose TWO)
questions_short_explanation_under_80_chars,a62c344d-5765-4b25-ac9b-e1e2f8b643d4,What are the benefits of the AWS Marketplace service? (Choose TWO)
questions_short_explanation_under_80_chars,adc4389a-0c39-4c34-9c0c-d5a4784a057c,Which of the following resources can an AWS customer use to learn more about prohibited uses of the services offered by AWS?
questions_short_explanation_under_80_chars,58108e98-88ae-4d66-a254-513ce5c314ca,Which of the following security resources are available to any user for free? (Choose TWO)
questions_short_explanation_under_80_chars,be2f6078-3eaf-44fd-b185-0547709dac4a,How can you protect data stored on Amazon S3 from accidental deletion?
questions_short_explanation_under_80_chars,404776c9-cd46-4b51-bb10-22ac1a5dd9d2,Which of the following is the responsibility of AWS according to the AWS Shared Responsibility Model?
questions_short_explanation_under_80_chars,b1fa6489-bf52-4d57-859b-32efbf1b05f0,Which of the following AWS support plans provides access to only the seven core AWS Trusted Advisor checks?
questions_short_explanation_under_80_chars,7516c9a0-df7b-45f3-b3fa-d0e99ad0ba8a,Which of the following is NOT a benefit of using AWS Lambda?
questions_short_explanation_under_80_chars,a479ad3b-540d-48bf-bdcf-a4141eb24d15,How does AWS help customers achieve compliance in the cloud?
questions_short_explanation_under_80_chars,91c48a26-f658-437c-a06a-b0272130475e,Who is responsible for scaling a DynamoDB database in the AWS Shared Responsibility Model?
questions_short_explanation_under_80_chars,2a5b404e-1701-4eed-9f94-31050b7869ed,You are working as a web app developer. You are currently facing issues in media playback for mobile devices because your media format is not supported. Which of the following AWS services can help you convert your media into another format?
questions_short_explanation_under_80_chars,a0a176d1-9ac7-444b-8910-9d736d807690,What are the benefits of the AWS Organizations service? (Choose TWO)
questions_short_explanation_under_80_chars,8576201a-c6ae-4eae-be34-0449bd10e658,Which AWS service allows you to build a data warehouse in the cloud?
questions_short_explanation_under_80_chars,b735d844-668f-4ced-8f71-3819734b9913,What AWS service allows you to buy third-party software solutions and services that run on AWS resources?
questions_short_explanation_under_80_chars,fa4989db-e638-4ff8-ac35-6b897e507f3e,"Which of the following services is an AWS repository management system that allows for storing, versioning, and managing your application code?"
questions_short_explanation_under_80_chars,9c2a6dad-357a-42d7-bc55-17808a6c3b3a,Which AWS service can be used to route end users to the nearest AWS Region to reduce latency?
questions_short_explanation_under_80_chars,d91040ae-7519-41db-90b5-5fa2b5e61bf7,Which feature enables users to sign into their AWS accounts with their existing corporate credentials?
questions_short_explanation_under_80_chars,26e1d574-2bda-412a-9117-be4fa4fe19d0,"According to the AWS shared responsibility model, what are the controls that customers fully inherit from AWS? (Choose TWO)"
questions_short_explanation_under_80_chars,255f5e14-c8ab-43eb-9e38-cc9b27f73f58,What can you access by visiting the URL: http://status.aws.amazon.com?
questions_short_explanation_under_80_chars,090cc914-6301-488c-a576-c23fb06f3248,Which of the following procedures can reduce latency when your end users are retrieving data? (Choose TWO)
questions_short_explanation_under_80_chars,2c3b8131-35e2-4cc0-9f7e-b122b3463e4e,Which of the following are part of the seven design principles for security in the cloud? (Choose TWO)
questions_short_explanation_under_80_chars,b240590f-01d6-42ed-949d-b888c66a7b95,Which of the following AWS Support Plans gives you 24/7 access to Cloud Support Engineers via email & phone? (Choose TWO)
questions_short_explanation_under_80_chars,a94f2164-268c-4d39-bad9-373345dcca79,"A company is migrating production workloads to AWS, and they are concerned about cost management across different departments. Which option should the company implement to categorize and track AWS spending?"
questions_short_explanation_under_80_chars,da5b5a38-0243-45c6-a59f-869bd17d9074,What is the main benefit of attaching security groups to an Amazon RDS instance?
questions_short_explanation_under_80_chars,3f216701-4d28-42b1-a459-5c2ed8a9ed1f,"A company wants to use Amazon Elastic Container Service (Amazon ECS) to run its containerized applications. For compliance reasons, the company wants to retain complete visibility and control over the underlying server cluster. Which Amazon ECS launch type will satisfy these requirements?"
questions_short_explanation_under_80_chars,6b62e8c2-edbd-4a51-a395-4f8cc1403f5b,You have multiple standalone AWS accounts and you want to decrease your AWS monthly charges. What should you do?
questions_short_explanation_under_80_chars,929a65fd-2136-4465-aca8-76ae7e10fc9a,"You have been tasked with auditing the security of your VPC. As part of this process, you need to start by analyzing what inbound and outbound traffic is allowed on your EC2 instances. What two parts of the VPC do you need to check to accomplish this task?"
questions_short_explanation_under_80_chars,2e53b9f0-ba1e-4fe5-8adf-2979fd55459b,What does the AWS 'Business' support plan provide? (Choose TWO)
questions_short_explanation_under_80_chars,010d8f60-2224-4967-bb1c-941a0e982cf5,You have just finished writing your application code. Which service can be used to automate the deployment and scaling of your application?
questions_short_explanation_under_80_chars,84fb2fa4-7cbe-49ec-be2d-aec12fe1f947,Which statement is true in relation to security in AWS?
questions_short_explanation_under_80_chars,2c648fc1-bd4c-4b37-93bd-153adb465497,"Amazon EC2 instances are conceptually very similar to traditional servers. However, using Amazon EC2 server instances in the same manner as traditional hardware server instances is only a starting point. What are the main benefits of using the AWS EC2 instances instead of traditional servers? (Choose TWO)"
questions_short_explanation_under_80_chars,cb4ffec3-b014-42e5-be45-f91dfbf776c2,Which statement is true regarding AWS pricing? (Choose TWO)
questions_short_explanation_under_80_chars,111f849c-ff12-424e-b06c-86b0d44f44e0,"Which AWS service provides the EASIEST way to set up and manage a secure, well-architected, multi-account AWS environment?"
questions_short_explanation_under_80_chars,5f7a9ea3-e6e5-4381-b58b-bb4e732fb27c,A company is running a large web application that needs to always be available. The application tends to slow down when CPU usage is greater than 60%. How can they track when CPU usage goes above 60% for any of the EC2 Instances in their account?
questions_short_explanation_under_80_chars,5324754f-0a3d-46a7-8dcf-d64b081d2ed4,What is the recommended storage option when hosting an often-changing database on an Amazon EC2 instance?
questions_short_explanation_under_80_chars,64312a16-5208-4f96-b464-14a2d4ea71cf,"You are working as a site reliability engineer (SRE) in an AWS environment, which of the following services helps monitor your applications?"
questions_short_explanation_under_80_chars,c17625fd-7e37-4f79-962e-588105f02afe,What factors determine how you are charged when using AWS Lambda? (Choose TWO)
questions_short_explanation_under_80_chars,21ce0be7-1a0d-4654-9808-fdcecb2fa2f5,What are the main differences between an IAM user and an IAM role in AWS? (Choose TWO)
questions_short_explanation_under_80_chars,5a20b97b-b2d3-4e83-9cfa-4b15744589ef,Which of the following actions may reduce Amazon EBS costs? (Choose TWO)
questions_short_explanation_under_80_chars,dd3cab70-f2fe-4643-bf26-9b5db0f3c9ee,What does Amazon GuardDuty do to protect AWS accounts and workloads?
questions_short_explanation_under_80_chars,45f5e1cc-af7c-4c20-9628-d089c45dcc27,Which database service should you use if your application and data schema require 'joins' or complex transactions?
questions_short_explanation_under_80_chars,f74f3b58-e4d0-44ac-acf4-e110ed72bce9,"Which of the following makes it easier for you to categorize, manage and filter your resources?"
questions_short_explanation_under_80_chars,255527c1-bf2a-4e88-9424-ed5531e502e2,What should you consider when storing data in Amazon Glacier?
questions_short_explanation_under_80_chars,488762fc-22c9-4ddc-b49d-427f93df968f,Engineers are wasting a lot of time and effort managing batch computing software in traditional data centers. Which of the following AWS services allows them to easily run thousands of batch computing jobs?
questions_short_explanation_under_80_chars,ab0b6a33-19b7-4bcb-87d0-3d6eb188273a,How can you increase your application's fault-tolerance while it is being hosted in AWS?
questions_short_explanation_under_80_chars,1fffe5a7-b797-4a1e-ad94-f7adebeab4db,Which of the following requires an access key ID and a secret access key to get long-lived programmatic access to AWS resources? (Choose TWO)
questions_short_explanation_under_80_chars,e39f5552-3e30-4b79-8e0f-4de2da12d35e,Which of the following is a benefit of the 'Loose Coupling' architecture principle?
questions_short_explanation_under_80_chars,54a860bd-591e-40fd-bcee-c7e75a56df8b,A company needs to host a big data application on AWS using EC2 instances. Which of the following AWS Storage services would they choose to automatically get high throughput to multiple compute nodes?
questions_short_explanation_under_80_chars,9c3c6114-4432-45a9-9656-fc8c5b10dfe0,Which of the following Cloud Computing deployment models eliminates the need to run and maintain physical data centers?
questions_short_explanation_under_80_chars,b7032713-31bb-4292-8559-958869ab3b2f,What is the benefit of Amazon EBS volumes being automatically replicated within the same availability zone?
questions_short_explanation_under_80_chars,bfd83bf7-b487-4485-9460-cc95cedf4ea4,"You are planning to launch an advertising campaign over the coming weekend to promote a new digital product. It is expected that there will be heavy spikes in load during the campaign period, and you can't afford any downtime. You need additional compute resources to handle the additional load. What is the most cost-effective EC2 instance purchasing option for this job?"
questions_short_explanation_under_80_chars,52623815-c05e-46c9-9b96-decfe94db442,Which of the following AWS services integrates with AWS Shield and AWS Web Application Firewall (AWS WAF) to protect against network and application layer DDoS attacks?
questions_short_explanation_under_80_chars,70453391-74bd-46ea-9d0d-51042b0a1564,Which of the following services is used when encrypting EBS volumes?
questions_short_explanation_under_80_chars,ee7e8566-5ef6-48bc-9f44-9e3c0d14a9c1,"The AWS account administrator of your company has been fired. With the permissions granted to him as an administrator, he was able to create multiple IAM user accounts and access keys. Additionally, you are not sure whether he has access to the AWS root account or not. What should you do immediately to protect your AWS infrastructure? (Choose TWO)"
questions_short_explanation_under_80_chars,c0fe60f6-62f9-406f-b5bd-ee2b43be2147,What is the Amazon ElastiCache service used for? (Choose TWO)
questions_short_explanation_under_80_chars,10de1c7a-2133-4e26-9e4e-7df85e85bbe5,The elasticity of the AWS Cloud enables customers to save costs when compared to traditional hosting providers. What can AWS customers do to benefit from the elasticity of the AWS Cloud? (Choose TWO)
questions_short_explanation_under_80_chars,8005dc87-2b92-4619-8f1f-b4ce16676590,What are some of the benefits of using On-Demand EC2 instances? (Choose TWO)
questions_short_explanation_under_80_chars,1fab7b0b-1a8c-45bf-87df-2399c838f611,Each AWS Region is composed of multiple Availability Zones. Which of the following best describes what an Availability Zone is?
questions_short_explanation_under_80_chars,629a5c8f-28dc-4292-bef5-234459e9afa4,AWS provides disaster recovery capability by allowing customers to deploy infrastructure into multiple [...].
questions_short_explanation_under_80_chars,bc88057f-a84a-4ac0-987f-49350b7e2a22,"A financial services company decides to migrate one of its applications to AWS. The application deals with sensitive data, such as credit card information, and must run on a PCI-compliant environment. Which of the following is the company's responsibility when building a PCI-compliant environment in AWS? (Choose TWO)"
questions_short_explanation_under_80_chars,48d676d0-13cc-4e4d-9844-6b5092204d81,What is the maximum amount of data that can be stored in S3 in a single AWS account?
questions_short_explanation_under_80_chars,3b6366c0-b3c7-4e07-8f29-ff76ea0b47bf,Which pillar of the AWS Well-Architected Framework provides recommendations to help customers select the right compute resources based on workload requirements?
questions_short_explanation_under_80_chars,096764bc-54d9-47f2-a17a-e469f1c56702,"Which AWS service delivers data, videos, applications, and APIs to users globally with low latency and high transfer speeds?"
questions_short_explanation_under_80_chars,8c4c3d6d-2b02-4646-8fb6-7dcf725ffec8,Which of the following steps should be taken by a customer when conducting penetration testing on AWS?
questions_short_explanation_under_80_chars,be687c20-c01f-4679-a4a9-67446a341d31,Which AWS Cost Management tool allows you to view the most granular data about your AWS bill?
questions_short_explanation_under_80_chars,50581e36-461b-4a05-af31-257a9405c4e9,Which element of the AWS global infrastructure consists of one or more discrete data centers each with redundant power networking and connectivity which are housed in separate facilities?
questions_short_explanation_under_80_chars,297d8835-72d0-4c09-a06a-88546ed22f3b,How many Availability Zones should compute resources be provisioned across to achieve high availability?
questions_short_explanation_under_80_chars,9431f6c1-5d1f-42f3-a6b1-afcbd02bb0be,The AWS Cloud's multiple Regions are an example of:
questions_short_explanation_under_80_chars,2e00cc90-a0b6-4ab1-b63c-55a53dc9e861,Which AWS service can be used to manually launch instances based on resource requirements?
questions_short_explanation_under_80_chars,047affdd-d07e-4093-adff-54e81d558518,Which is a recommended pattern for designing a highly available architecture on AWS?
questions_short_explanation_under_80_chars,a345e410-bf4a-4f05-a35c-fd544e88f536,Which AWS characteristics make AWS cost effective for a workload with dynamic user demand? (Select TWO)
questions_short_explanation_under_80_chars,7f39b112-15c6-4ad4-9548-793a916b0d27,An administrator needs to rapidly deploy a popular IT solution and start using it immediately. Where can the administrator find assistance?
questions_short_explanation_under_80_chars,7a1f558a-e4da-45fc-a674-e14e31f7e909,What is one of the advantages of the Amazon Relational Database Service (Amazon RDS)?
questions_short_explanation_under_80_chars,9631efce-f206-4d2a-8f45-9c4b2da6a32e,Which of the following AWS Cloud services can be used to run a customer-managed relational database?
questions_short_explanation_under_80_chars,64a9d1f7-9816-408d-98ac-5fbe8d66e70a,A user is planning to launch two additional Amazon EC2 instances to increase availability. Which action should the user take?
questions_short_explanation_under_80_chars,21a0684e-8e2e-4757-9716-3aa5c65badd2,Which of the following can limit Amazon Storage Service (Amazon S3) bucket access to specific users?
questions_short_explanation_under_80_chars,5cea5d26-6948-41a6-961c-54c09fc7951e,Which AWS service allows companies to connect an Amazon VPC to an on-premises data center?
questions_short_explanation_under_80_chars,1f1154fb-ca91-4b03-ab71-42b74b5da03c,Which AWS service of feature can be used to monitor CPU usage?
questions_short_explanation_under_80_chars,5d446d3d-1f54-4a4f-9b6f-66fb05c8f55a,Which task is AWS responsible for in the shared responsibility model for security and compliance?
questions_short_explanation_under_80_chars,5ee4fb6f-43df-4b1a-b0ee-ed587969da2c,Which of the following security-related actions are available at no cost?
questions_short_explanation_under_80_chars,da2c61c5-c61d-4e19-88d8-da24a30feda1,Which storage service can be used as a low-cost option for hosting static websites?
questions_short_explanation_under_80_chars,45ee9cf0-11da-4655-9809-7c7c7602ebd3,According to the AWS shared responsibility model what is the sole responsibility of AWS?
questions_short_explanation_under_80_chars,89c0e7cd-39ca-4289-944a-9c5d8deb847c,Which of the following are pillars of the AWS Well-Architected Framework? (Select TWO)
questions_short_explanation_under_80_chars,e9f4f6ad-38c1-42bb-97ef-91fb1a0fbb52,Which AWS service identifies security groups that allow unrestricted access to a user's AWS resources?
questions_short_explanation_under_80_chars,690e8084-062d-4513-ac71-7ede34d065f8,Which design principles for cloud architecture are recommended when re-architecting a large monolithic application? (Select TWO)
questions_short_explanation_under_80_chars,1d44fdfd-c31a-4153-ad7f-a2952eeaff51,"When architecting cloud applications, which of the following are a key design principle?"
questions_short_explanation_under_80_chars,c2f1b986-88c2-48e3-b652-8fb61fc4489f,A company has deployed several relational databases on Amazon EC2 instances Every month the database software vendor releases new security patches that need to be applied to the databases. What is the MOST efficient way to apply the security patches?
questions_short_explanation_under_80_chars,3ba4080d-7915-4c90-94b8-2b4baf6a67c8,Which mechanism allows developers to access AWS sendees from application code?
questions_short_explanation_under_80_chars,77367cbd-2022-45f0-aa60-eb161788d8b3,Which AWS feature will reduce the customer's total cost of ownership (TCO)?
questions_short_explanation_under_80_chars,71defe18-8846-41ec-836a-a39294e624b7,Which of the following is a benefit of using the AWS Cloud?
questions_short_explanation_under_80_chars,6c11f6cb-2877-4443-a7d8-76122e779070,Which of the following are categories of AWS Trusted Advisor? (Select TWO)
questions_short_explanation_under_80_chars,f2a65296-127d-4c92-a964-b1fee3c3e3e1,What is Amazon CloudWatch?
questions_short_explanation_under_80_chars,2d5d6891-c8f8-4588-8e9f-8508fbb69fc7,"Under the AWS shared responsibility model, which of the following activities are the customer's responsibility? (Select TWO)"
questions_short_explanation_under_80_chars,ac84abea-68ab-4422-9fdf-a65246498b94,"Under the shared responsibility model, which of the following is a shared control between a customer and AWS?"
questions_short_explanation_under_80_chars,eb20c3a6-15f0-410e-a4d2-4556bafda87e,"Which AWS service is used to pay AWS bills, and monitor usage and budget costs?"
questions_short_explanation_under_80_chars,9b8af8f2-5998-41af-8fb7-a3507e037b7c,How do customers benefit from Amazon's massive economies of scale?
questions_short_explanation_under_80_chars,41ea6245-2a96-4dc8-a615-d7714121a673,Access keys in AWS Identity and Access Management (IM1) are used to:
questions_short_explanation_under_80_chars,bac3bdbb-2c04-41df-8ffb-899039379dc5,Which AWS feature allows a company to take advantage of usage tiers for services across multiple member accounts?
questions_short_explanation_under_80_chars,e5c2338b-2582-4920-a1cb-644a88c79628,Which AWS services provide a way to extend an on-premises architecture to the AWS cloud? (Select TWO)
questions_short_explanation_under_80_chars,e91e0b1e-9e87-4e8b-b26d-7e31fd5acb1a,Which of the following services will automatically scale with an expected increase in web traffic?
questions_short_explanation_under_80_chars,7be61ff5-d671-482b-bd8e-eefdac358cb2,Which service provides a virtually unlimited amount of online highly durable object storage?
questions_short_explanation_under_80_chars,be748430-0c5c-49ad-89fc-ba901df7432f,Which AWS feature should a customer leverage to achieve high availability of an application?
questions_short_explanation_under_80_chars,fb5550a1-5b0d-4ebf-82c5-dd9d98164132,Which AWS service or feature can enhance network security by blocking requests from a particular network for a web application on AWS? (Select TWO)
questions_short_explanation_under_80_chars,960739bb-e822-4a2d-a260-e877ecd352d2,Which of the following is a cloud architectural design principle?
questions_short_explanation_under_80_chars,aa00d07e-7e38-4b98-8c58-9b28326a5ad8,"Which service enables risk auditing by continuously monitoring and logging account activity, including user actions in the AWS Management Console and AWS SDKs?"
questions_short_explanation_under_80_chars,174265b3-7114-4e0d-a8b5-3de99649b061,Where can AWS compliance and certification reports be downloaded?
questions_short_explanation_under_80_chars,aad63c35-ab0e-47e3-a68e-2cdda9de9a28,The financial benefits of using AWS are: (Select TWO)
questions_short_explanation_under_80_chars,6497e8c5-c4d4-41f8-9106-f7da243b5311,Which AWS service can serve a static website?
questions_short_explanation_under_80_chars,ceffe600-f88b-4bf6-bf05-d48d5590a5f8,What are the benefits of using the AWS Cloud for companies with customers in many countries around the world (Select TWO)
questions_short_explanation_under_80_chars,3d7e00bb-26f9-4aa1-8e8c-626e0de41c9f,Which of the following are main components of the AWS global infrastructure? (Select TWO)
questions_short_explanation_under_80_chars,65d464be-8b80-4e76-b6e1-098e68a44a83,What is the AWS customer responsible for according to the AWS shared responsibility model?
questions_short_explanation_under_80_chars,36db1356-3f6c-4a1b-8c4a-361f7730e382,"If each department within a company has its own AWS account, what is one way to enable consolidated billing?"
questions_short_explanation_under_80_chars,998d0a1d-db74-4c09-9adc-b23afa1304bb,What costs are included when comparing AWS Total Cost of Ownership (TCO) with on-premises TCO?
questions_short_explanation_under_80_chars,7daec57f-feec-4f6f-a5fd-2fac5f3767b8,"What is the benefit of using AWS managed services, such as Amazon ElastiCache and Amazon Relational Database Service (Amazon RDS)?"
questions_short_explanation_under_80_chars,6b33a65e-f4b0-4c1d-bc26-59a8ac69889d,Which services can be used across hybrid AWS Cloud architectures? (Select TWO)
questions_short_explanation_under_80_chars,f2a1eff9-ac54-4c38-9850-b17bae2f4365,Which statement best describes Elastic Load Balancing?
questions_short_explanation_under_80_chars,6bb51f91-ac73-4dd0-a3c0-21b3edb64ab1,Which of the following is a fast and reliable NoSQL database service?
questions_short_explanation_under_80_chars,e892ca29-4cdf-4c0b-ac2c-521286835519,Which AWS service would you use to obtain compliance reports and certificates?
questions_short_explanation_under_80_chars,0f7b1432-c31f-4c74-a7e3-cc8f130e10b5,Which AWS services are defined as global instead of regional? (Select TWO)
questions_short_explanation_under_80_chars,bf8a8bd4-428e-40c3-b410-1e7bdc8ed3ea,How would an AWS customer easily apply common access controls to a large set of users?
questions_short_explanation_under_80_chars,291e40aa-8976-45d8-a065-da9b6d1a815d,Which of the following is an important architectural design principle when designing cloud applications?
questions_short_explanation_under_80_chars,df778c3b-a7a1-44c2-8e67-ac984f5e49b5,Which service allows a company with multiple AWS accounts to combine its usage to obtain volume discounts?
questions_short_explanation_under_80_chars,1c170c93-5f15-4e2a-9591-e05bca7b2711,Which AWS service can be used to query stored datasets directly from Amazon S3 using standard SQL?
questions_short_explanation_under_80_chars,0c64b5fe-1fff-40a1-84b9-6f2e56aa7662,Which of the following can an AWS customer use to launch a new Amazon Relational Database Service (Amazon RDS) cluster? (Select TWO)
questions_short_explanation_under_80_chars,29cccf25-af6d-4729-8f3b-90465e3a630a,Which of the following Reserved Instance (RI) pricing models provides the highest average savings compared to On-Demand pricing?
questions_short_explanation_under_80_chars,7ae118ef-5cee-4d61-8b14-948f30fa2e19,Which of the following are features of Amazon CloudWatch Logs? (Select TWO)
questions_short_explanation_under_80_chars,8f401e18-a5f5-4c62-9687-1a67a62588a7,Which of the following is an AWS-managed compute service?
questions_short_explanation_under_80_chars,ac9130de-83a5-4923-8e0a-3aa3b724f889,A company wants to reduce the physical compute footprint that developers use to run code. Which service would meet that need by enabling serverless architectures?
questions_short_explanation_under_80_chars,a02a78ab-ba66-4507-bceb-3a5ac5d3b9e3,Which of the following is the customer's responsibility under the AWS shared responsibility model?
questions_short_explanation_under_80_chars,fb538cc9-1310-4b99-95c8-3c7a69c3775b,According to the AWS shared responsibility model who is responsible for configuration management?
questions_short_explanation_under_80_chars,441261b1-8fb8-4e2c-9eab-06dc9e4cd0b1,Which security service automatically recognizes and classifies sensitive data or intellectual property on AWS?
questions_short_explanation_under_80_chars,f90f0b27-5049-41ba-981b-be124b2714ce,Which of the following BEST describe the AWS pricing model? (Select TWO)
questions_short_explanation_under_80_chars,2469ffef-4b4d-4576-aacf-9d0b54243dbe,"Under the shared responsibility model, which of the following tasks are the responsibility of the AWS customer? (Select TWO)"
questions_short_explanation_under_80_chars,32073a31-b958-42e2-90dd-042ec117f8f4,A customer is using multiple AWS accounts with separate billing. How can the customer take advantage of volume discounts with minimal impact to the AWS resources?
questions_short_explanation_under_80_chars,34aceff4-1ff4-4e53-9434-4eaf412e39d8,Which Amazon EC2 pricing model offers the MOST significant discount when compared to OnDemand Instances?
questions_short_explanation_under_80_chars,e4c1031f-84ed-4c1b-bc50-b382b39d2e0e,Which AWS services should be used for read/write of constantly changing data? (Select TWO)
questions_short_explanation_under_80_chars,e9e216a7-f481-45b0-887e-711c604ba559,Which AWS service allows users to identify the changes made to a resource over time?
questions_short_explanation_under_80_chars,49668932-a0c7-415b-bc41-739c4ba4668d,"According to best practices, how should an application be designed to run in the AWS Cloud?"
questions_short_explanation_under_80_chars,4b529823-0186-46b7-96fd-db73a778a86a,Which benefits are included with the AWS Business Support plan? (Select TWO)
questions_short_explanation_under_80_chars,1dbd0feb-209d-4775-be3a-29f4bfc56c5c,Which of the following is an AWS managed Domain Name System (DNS) web service?
questions_short_explanation_under_80_chars,d7e49495-ca24-4dbf-9e8a-dced591916dd,A user must meet compliance and software licensing requirements that state a workload must be hosted on a physical server. When Amazon EC2 instance pricing option will meet these requirements?
questions_short_explanation_under_80_chars,d1c436a8-6718-41cf-a35d-c8ef13c074d8,Which of the Reserved Instance (RI) pricing models can change the attributes of the RI as long as the exchange results in the creation of RIs of equal or greater value?
questions_short_explanation_under_80_chars,1ceb0592-095d-442e-a27a-bc10a936704d,"Which service is best for storing common database query results, which helps to alleviate database access load?"
questions_short_explanation_under_80_chars,aabe8b78-224e-4e1b-9bda-41cdd3679d9e,When should a company consider using Amazon EC2 Spot Instances? (Select TWO)
questions_short_explanation_under_80_chars,d424b83b-a5b5-428d-95f1-30886483271b,Which AWS tools assist with estimating costs? (Select three)
questions_short_explanation_under_80_chars,3dc41171-3f19-45d2-a989-67babf13d755,A company wants to focus on business activities instead of managing compute and capacity. Which AWS service can be used to automatically add or remove Amazon EC2 instances based on demand?
questions_short_explanation_under_80_chars,a8da4b4b-a6c8-4516-81b1-788c2116ad3d,Which is the minimum AWS Support plan that includes Infrastructure Event Management without additional costs?
questions_short_explanation_under_80_chars,b97d7c8c-a545-493d-8f01-2b26be66494c,Which AWS services can be used to gather information about AWS account activity? (Select TWO)
questions_short_explanation_under_80_chars,e8c903ff-e2ca-4657-83d9-c3496f2330ba,Which of the following are characteristics of Amazon S3? (Select TWO)
questions_short_explanation_under_80_chars,c914cf97-9cf9-41a5-843c-0f59c2e0d348,A user wants guidance on possible savings when migrating from on-premises to AWS. Which tool is suitable for this scenario?
questions_short_explanation_under_80_chars,8bec81b4-f426-451b-873f-351f86089092,Which of the following services is in the category of AWS serverless platform?
questions_short_explanation_under_80_chars,12d3cf17-d4a6-4f88-a007-a287e7c3a06e,The use of what AWS feature or service allows companies to track and categorize spending on a detailed level?
questions_short_explanation_under_80_chars,f6c643bc-bac5-4252-a645-a6beb42d3122,Which of the following inspects AWS environments to find opportunities that can save money for users and also improve system performance?
questions_short_explanation_under_80_chars,91b97de2-e7bc-441c-aa7d-23ca7c54e82e,Web servers running on Amazon EC2 access a legacy application running in a corporate data center. What term would describe this model?
questions_short_explanation_under_80_chars,18a2170e-fd24-4a79-a0e7-91e69346825e,What technology enables compute capacity to adjust as loads change?
questions_short_explanation_under_80_chars,4482d50a-c52c-4b1b-a1ab-dbc814b0cd76,Which AWS service is a managed NoSQL database?
questions_short_explanation_under_80_chars,59a6a8cb-6744-482d-bc32-67fde5b70eef,"Which of the following is a correct relationship between regions, Availability Zones, and edge locations?"
questions_short_explanation_under_80_chars,e75baadf-ff3f-481c-9115-49ce1e459546,What approach to transcoding a large number of individual video files adheres to AWS architecture principles?
questions_short_explanation_under_80_chars,7e71b319-6652-4bca-979d-4bc3dbd76ef5,Which AWS services can host a Microsoft SQL Server database? (Select TWO)
questions_short_explanation_under_80_chars,fd0ba33a-d31d-4f2c-b4d0-05cfb1fdce61,Which AWS IAM feature allows developers to access AWS services through the AWS CLI?
questions_short_explanation_under_80_chars,e8b679f1-ff50-4c08-a93d-1a84f8b61a10,The user is fully responsible for which action when running workloads on AWS?
questions_short_explanation_under_80_chars,7be6d1c1-2cda-42b6-80a1-f25e0803b820,Which AWS support plan includes a dedicated Technical Account Manager?
questions_short_explanation_under_80_chars,ee50dd6b-ecdb-4a0f-a6d2-850bcece39fc,What time-savings advantage is offered with the use of Amazon Rekognition?
questions_short_explanation_under_80_chars,fb09386f-d807-4592-b63d-a365a92182c4,Which AWS service can be used to automatically scale an application up and down without making capacity planning decisions?
questions_short_explanation_under_80_chars,4350cce8-d4f6-4191-961a-7bf546c669af,Amazon Relational Database Service (Amazon RDS) offers which of the following benefits over traditional database management?
questions_short_explanation_under_80_chars,d68b406b-586d-4695-8d8c-fa0b02fcb800,A company's web application currently has light dependencies on underlying components so when one component fails the entire web application fails. Applying which AWS Cloud design principle will address the current design issue?
questions_short_explanation_under_80_chars,2a346aea-5e86-4d5e-8890-8aabe6c833e7,A customer would like to design and build a new workload on AWS Cloud but does not have the AWS-related software technical expertise in-house. Which of the following AWS programs can a customer take advantage of to achieve that outcome?
questions_short_explanation_under_80_chars,80cda988-13d3-431b-8a8c-90c21f627006,"Which service stores objects, provides real-time access to those objects, and offers versioning and lifecycle capabilities?"
questions_short_explanation_under_80_chars,1c88d5da-9e43-4c6d-b170-5c63318dad84,Distributing workloads across multiple Availability Zones supports which cloud architecture design principle?
questions_short_explanation_under_80_chars,bcb73f79-fb6b-4953-96ee-b9824d6ea493,Which service should a customer use to consolidate and centrally manage multiple AWS accounts?
questions_short_explanation_under_80_chars,7a5fa5ba-d5dd-438a-8baa-3502fd509e39,How can a company reduce its Total Cost of Ownership (TCO) using AWS?
questions_short_explanation_under_80_chars,0eb82f36-c899-493d-9352-846d5a05835d,Which options does AWS make available for customers who want to learn about security in the cloud in an instructor-led setting? (Select TWO)
questions_short_explanation_under_80_chars,638e15fc-a606-481b-9fa7-ed45dcc9bbbb,Which of the following will enhance the security of access to the AWS Management Console'? (Select TWO)
questions_short_explanation_under_80_chars,2678726a-0f04-47e5-8d18-9fc84d2bd618,Which of the following features can be configured through the Amazon Virtual Private Cloud (Amazon VPC) Dashboard? (Select TWO)
questions_short_explanation_under_80_chars,9541f473-42cd-42f3-b999-92ef281ef704,For which auditing process does AWS have sole responsibility?
questions_short_explanation_under_80_chars,a471470c-ad8e-4e53-9aee-22479fab9319,Which of the following are advantages of AWS consolidated billing? (Select TWO)
questions_short_explanation_under_80_chars,a0430de4-0984-4ecb-b26b-53fce4e56e8e,Which of the following common IT tasks can AWS cover to free up company IT resources? (Select TWO)
questions_short_explanation_under_80_chars,fa73812d-b1ed-4b3d-b3f6-90bab3d5c746,A company wants to expand from one AWS Region into a second AWS Region. What does the company need to do to start supporting the new Region?
questions_short_explanation_under_80_chars,665bb5ae-f267-4463-836a-5055cd80c247,Why is it beneficial to use Elastic Load Balancers with applications?
questions_short_explanation_under_80_chars,5d57ddb8-646c-4b70-ba1a-221f7df0bdc7,Which is the MINIMUM AWS Support plan that allows for one-hour target response time for support cases?
questions_short_explanation_under_80_chars,a0721161-dd98-4cee-8c25-99350ce65974,"What is the lowest-cost, durable storage option for retaining database backups for immediate retrieval?"
questions_short_explanation_under_80_chars,6232f104-5da9-4d37-b271-db995c00cbc9,What AWS team assists customers with accelerating cloud adoption through paid engagements in any of several specialty practice areas?
questions_short_explanation_under_80_chars,b170cd1e-30a2-4671-a110-869b6fbd7935,A company needs 24/7 phone email and chat access with a response time of less than 1 hour if a production system has a service interruption. Which AWS Support plan meets these requirements at the LOWEST cost?
questions_short_explanation_under_80_chars,68645364-5a8c-431d-b016-69ba8b252dcc,"If a customer needs to audit the change management of AWS resources, which of the following AWS services should the customer use?"
questions_short_explanation_under_80_chars,4b3faee6-1071-4e51-bd2f-1c62fa5cc956,How does AWS Trusted Advisor provide guidance to users of the AWS Cloud? (Select TWO)
questions_short_explanation_under_80_chars,e50506d4-f634-4c60-95fb-3f6bd19d703b,Which AWS managed service is used to host databases?
questions_short_explanation_under_80_chars,50cb8118-a53b-42b9-ad3c-e07b12b04a19,Which of the following Identity and Access Management (IAM) entities is associated with an access key ID and secret access key when using AWS Command Line Interface (AWS CLI)?
questions_short_explanation_under_80_chars,a65682d6-538b-4c57-bab5-6242ea0f27c2,"Under the shared responsibility model, which of the following is the customer responsible for?"
questions_short_explanation_under_80_chars,c92b5d4c-9f22-4d1e-9677-2ada6ebfcfec,Which AWS service provides a simple and scalable shared file storage solution for use with Linux-based AWS and on-premises servers?
questions_short_explanation_under_80_chars,1e20774c-6f67-4143-b077-eff997c8c886,What credential components are required to gain programmatic access to an AWS account? (Select TWO)
questions_short_explanation_under_80_chars,ce266398-b2c1-4f79-a03f-1c11b2fff8a5,Which of the following is a shared control between the customer and AWS?
questions_short_explanation_under_80_chars,4d6c321e-6575-4ab6-96c4-0b861160a2fc,Which type of AWS storage is ephemeral and is deleted when an instance is stopped Of terminated?
questions_short_explanation_under_80_chars,573f33da-f758-4d2a-8c71-f540e1cb2d69,Which of the following is an advantage of consolidated billing on AWS?
questions_short_explanation_under_80_chars,2c5999b7-9928-4f5b-99cb-e8a899fc3f9d,Which services are parts of the AWS serverless platform?
questions_short_explanation_under_80_chars,d590c019-b1fb-42c5-bfbd-a2dc7f6257d5,Which of the following Amazon EC2 pricing models allow customers to use existing server-bound software licenses?
questions_short_explanation_under_80_chars,32af0e53-3ee7-4593-9b26-44b98fbbbf46,Which of the following security measures protect access to an AWS account? (Select TWO)
questions_short_explanation_under_80_chars,68ab3e13-4c55-4798-af34-d7d1bf38e4e4,Which AWS service provides the ability to manage infrastructure as code?
questions_short_explanation_under_80_chars,3aa7c102-b75a-4141-9fad-d777977ac9a1,What is an advantage of deploying an application across multiple Availability Zones?
questions_short_explanation_under_80_chars,cdf6b5ef-99f2-4f40-bfe5-8a8750eb63a8,A customer needs to run a MySQL database that easily scales. Which AWS service should they use?
questions_short_explanation_under_80_chars,ff05448d-672c-4e4d-a833-b7011c0a5668,Which of the following is an AWS Cloud architecture design principle?
questions_short_explanation_under_80_chars,e883f9f5-8445-4362-934d-4513c72a903c,AWS Enterprise Support users have access to which service or feature that is not available to users with other AWS Support plans?
questions_short_explanation_under_80_chars,b5334cc0-f533-4936-a129-62381730cfa3,A company will be moving from an on-premises data center to the AWS Cloud. What would be one financial difference after the move?
questions_short_explanation_under_80_chars,65e350e6-af59-44f5-9d96-4c7fcaafb5d9,"When performing a cost analysis that supports physical isolation of a customer workload, which compute hosting model should be accounted for in the Total Cost of Ownership (TCO)?"
questions_short_explanation_under_80_chars,f05e4cb2-e55a-47eb-9e34-fcec21b9172c,"Which AWS service should be used for long-term, low-cost storage of data backups?"
questions_short_explanation_under_80_chars,9b99e628-1baf-4de6-8dc6-6a48a88842bf,Which is the MINIMUM AWS Support plan that provides technical support through phone calls?
questions_short_explanation_under_80_chars,c7870b5c-214c-4f39-937b-ba3521267079,Which Amazon EC2 instance pricing model can provide discounts of up to 90%?
questions_short_explanation_under_80_chars,685b4159-8297-4bf1-86bd-7019fd0e155c,Which of the following AWS services can be used to serve large amounts of online video content with the lowest possible latency? (Select TWO)
questions_short_explanation_under_80_chars,1424b5e0-f936-4548-b8c0-a7dce198974c,What can AWS edge locations be used for? (Select TWO)
questions_short_explanation_under_80_chars,34de5cec-2f38-4acd-9b4f-eedb885cf7f9,A company is planning to migrate from on-premises to the AWS Cloud. When AWS tool or service provides detailed reports on estimated cost savings after migration?
questions_short_explanation_under_80_chars,572cae4d-63b9-491c-82ec-e0ed9997c3ab,Which AWS service provides a customized view of the health of specific AWS services that power a customer's workloads running on AWS?
questions_short_explanation_under_80_chars,ad83f716-ba3b-4ad6-b225-5a1b4777780c,One of the advantages to moving infrastructure from an on-premises data center to the AWS Cloud is:
questions_short_explanation_under_80_chars,6384d5c0-0c9b-4635-9128-152bc871ac4e,How can an AWS user with an AWS Basic Support plan obtain technical assistance from AWS?
questions_short_explanation_under_80_chars,421eea56-f6e2-42d0-81fe-765e7fcdb48c,How can a user protect against AWS service disruptions if a natural disaster affects an entire geographic area?
questions_short_explanation_under_80_chars,342ff27f-8b43-4029-af21-94d1be6cbf19,Which activity is a customer responsibility in the AWS Cloud according to the AWS shared responsibility model?
questions_short_explanation_under_80_chars,f0ec822d-bee0-495a-8422-36019b7f904c,In which scenario should Amazon EC2 Spot Instances be used?
questions_short_explanation_under_80_chars,f1ad499c-c361-4bda-a59d-7287d4eaa50a,A customer is deploying a new application and needs to choose an AWS Region. Which of the following factors could influence the customer's decision? (Select TWO)
questions_short_explanation_under_80_chars,8c463e53-5acd-43be-992f-7a8379fc6558,Which AWS service provides alerts when an AWS event may impact a company's AWS resources?
questions_short_explanation_under_80_chars,f019c52a-99dd-4140-a508-c02e4e8c5d26,Which disaster recovery scenario offers the lowest probability of down time?
questions_short_explanation_under_80_chars,15d5771a-c787-4557-9882-4d25899048e6,Which service's PRIMARY purpose is software version control?
questions_short_explanation_under_80_chars,98ff60df-bc6a-44fc-9364-769608af4a52,How can a customer increase security to AWS account logons? (Select TWO)
questions_short_explanation_under_80_chars,281b2c54-f820-4464-9102-46aecc31526a,Which of the following components of the AWS Global Infrastructure consists of one or more discrete data centers interconnected through low latency links?
questions_short_explanation_under_80_chars,dfdb86da-3d1f-49f5-a762-c2f1a8fa943e,One benefit of On-Demand Amazon Elastic Compute Cloud (Amazon EC2) pricing is:
questions_short_explanation_under_80_chars,333c7555-6445-44df-81ff-6e0c70ac1764,What can assist in evaluating an application for migration to the cloud? (Select TWO)
questions_short_explanation_under_80_chars,2c13b150-aeec-4ad6-80ab-60e62fe35905,A characteristic of edge locations is that they:
questions_short_explanation_under_80_chars,c40a3f6c-e1d1-437b-b06e-5076c48b8670,Which of the following are valid ways for a customer to interact with AWS services? (Select TWO)
questions_short_explanation_under_80_chars,e103f2f5-cc70-4748-bae8-dbea0c269067,What is a value proposition of the AWS Cloud?
questions_short_explanation_under_80_chars,25b03ae9-b57f-487a-a28d-b8a18cda6d52,A company is migrating an application that is running non-interruptible workloads for a three-year time frame. Which pricing construct would provide the MOST cost-effective solution?
questions_short_explanation_under_80_chars,2d6c0485-1f79-45a0-9c7c-bf8324df60ec,"Which AWS service is used to track record, and audit configuration changes made to AWS resources?"
questions_short_explanation_under_80_chars,a64f1190-2682-4155-9482-aeb2aefab5c2,Which feature of the AWS Cloud will support an international company's requirement for low latency to all of its customers?
questions_short_explanation_under_80_chars,42c4844c-e303-40a1-8e3d-086749834f07,How can one AWS account use Reserved Instances from another AWS account?
questions_short_explanation_under_80_chars,887f171b-3e30-49d6-a681-17bceb7750a9,What are the benefits of developing and running a new application in the AWS Cloud compared to on-premises? (Select TWO)
questions_short_explanation_under_80_chars,16eca7bc-10e2-486b-9758-a2210aa02ea5,"Which of the following services falls under the responsibility of the customer to maintain operating system configuration, security patching, and networking?"
questions_short_explanation_under_80_chars,d372e66f-8273-4205-a1d2-7cd264bc95de,AWS supports which of the following methods to add security to Identity and Access Management (IAM) users? (Select TWO)
questions_short_explanation_under_80_chars,5cf3b8e0-e046-4637-9284-403840e8fbbf,Which service provides a hybrid storage service that enables on-premises applications to seamlessly use cloud storage?
questions_short_explanation_under_80_chars,1edb0f91-5c12-4f17-8c99-3fff4744fdf3,"Where should a company go to search software listings from independent software vendors to find, test, buy and deploy software that runs on AWS?"
questions_short_explanation_under_80_chars,43b66cd6-a6b1-4b6e-a48d-c46635154801,Which of the following is a component of the AWS Global Infrastructure?
questions_short_explanation_under_80_chars,bc4e9262-0aa4-4c18-a9cb-ef0e76dd249e,Which Amazon EC2 pricing model adjusts based on supply and demand of EC2 instances?
questions_short_explanation_under_80_chars,a011d14c-0c7b-436e-bd78-f65a27be1caf,A company wants to migrate its applications to a VPC on AWS. These applications will need to access on-premises resources. What combination of actions will enable the company to accomplish this goals? (Select TWO)
questions_short_explanation_under_80_chars,5f820332-d5f5-483e-ae02-18806f68c997,A Cloud Practitioner must determine if any security groups in an AWS account have been provisioned to allow unrestricted access for specific ports. What is the SIMPLEST way to do this?
questions_short_explanation_under_80_chars,cb1d841e-cbbc-44b2-a0f0-849d5b92b67a,Which of the following security-related services does AWS offer? (Select TWO)
questions_short_explanation_under_80_chars,7f9bf1c3-352a-4ac1-b0ce-6fbca0f8a19d,Which of the following services have Distributed Denial of Service (DDoS) mitigation features? (Select TWO)
questions_short_explanation_under_80_chars,b96f0e99-591b-4845-88da-89c6bffa14b3,Which of the following AWS features enables a user to launch a pre-configured Amazon Elastic Compute Cloud (Amazon EC2) instance?
questions_short_explanation_under_80_chars,86c3ad33-1eae-4dbe-aa0b-c0371fd6d706,"A solution that is able to support growth in users, traffic, or data size with no drop in performance aligns with which cloud architecture principle?"
questions_short_explanation_under_80_chars,3202cc9b-6209-4d76-a1fb-9e79126b515c,Which AWS Cloud benefit eliminates the need for users to try estimating future infrastructure usage?
questions_short_explanation_under_80_chars,521f7729-a414-4311-a208-1f4091015026,What can users access from AWS Artifact?
questions_short_explanation_under_80_chars,d9d7116e-6ff6-48db-aa63-d5646d928fbd,"Compared with costs in traditional and virtualized data centers, AWS has:"
questions_short_explanation_under_80_chars,2616eb2b-6a35-4acc-b982-fc988050784f,Which AWS service would a customer use with a static website to achieve tower latency and high transfer speeds?
questions_short_explanation_under_80_chars,21d4ec25-2794-4522-bfb3-e5271d1ec1ae,How do Amazon EC2 Auto Scaling groups help achieve high availability for a web application?
questions_short_explanation_under_80_chars,5958c28b-f25e-4101-a12e-06e4ebbcf751,Which of the following can limit Amazon Simple Storage Service (Amazon S3) bucket access to specific users?
questions_short_explanation_under_80_chars,27b905a3-1ab4-46cf-bc43-60f89ec3d459,How should a customer forecast the future costs for running a new web application?
questions_short_explanation_under_80_chars,0947e282-a7a7-4123-8d49-2ff25f868091,"Where are AWS compliance documents, such as an SOC 1 report, located?"
questions_short_explanation_under_80_chars,a86f80af-61f6-4679-9cb3-a847b4fb000e,Which of the following tasks is the responsibility of AWS?
questions_short_explanation_under_80_chars,1147ca9f-2605-49da-a682-5eb7950cdbd3,Under the shared responsibility model which of the following areas are the customer's responsibility? (Select TWO)
questions_short_explanation_under_80_chars,9d719dac-3588-4295-a921-7e691a07b8df,A company is looking for a scalable data warehouse solution. Which of the following AWS solutions would meet the company's needs?
questions_short_explanation_under_80_chars,1ce12c68-3ba7-4d20-9d82-24eb5bdb32e8,A company plans to use an Amazon Snowball Edge device to transfer files to the AWS Cloud. Which activities related to a Snowball Edge device are available to the company at no cost?
questions_short_explanation_under_80_chars,d3c5bfc2-76f4-461b-8942-5dd3f3eb69c5,What are the advantages of the AWS Cloud? (Select TWO)
questions_short_explanation_under_80_chars,1e595045-fe16-41c3-b37d-2a5c80c1b047,How can the AWS Cloud increase user workforce productivity after migration from an on-premises data center?
questions_short_explanation_under_80_chars,6f199526-b1e0-45ad-a00f-95d934878090,Which of the following services could be used to deploy an application to servers running on-premises? (Select TWO)
questions_short_explanation_under_80_chars,5a8b86ca-0164-432d-b149-6b4119e9b2da,What is an example of agility in the AWS Cloud?
questions_short_explanation_under_80_chars,10269234-f39a-43a2-9d38-b640e71d1fc9,Which AWS security service protects applications from distributed denial of service attacks with always-on detection and automatic inline mitigations?
questions_short_explanation_under_80_chars,0898107d-0e0b-4969-9b14-1ad24d6ba6ad,Which of the following are advantages of AWS consolidated billing? (Choose two)
questions_short_explanation_under_80_chars,5531c3c7-d34d-4951-b586-9f603220fa5f,A company is considering using AWS for a self-hosted database that requires a nightly shutdown for maintenance and cost-saving purposes. Which service should the company use?
questions_short_explanation_under_80_chars,0587cadd-8ca5-41f1-b426-a6b9bc63bf11,Which type of mirroring does SPAN technology perform?
questions_short_explanation_under_80_chars,e571455a-aef7-40bb-93c3-0f6c8bc7f6ee,Your customer wants to grant restricted proxy rights to their HR Department to act on behalf of employees belonging to their legal entity. How can you perform this requirement? There are 2 correct answers to this question.
questions_short_explanation_under_80_chars,ebb81ef8-c324-4762-aaa0-61a0738b8603,Which two statements about configuring a traffic monitoring session are true? (Choose two)
questions_short_explanation_under_80_chars,272a8233-f583-4408-9666-b4f05c2095e7,A company wants to migrate its applications from its on-premises data center to a VPC in the AWS Cloud. These applications will need to access on-premises resources. Which actions will meet these requirements? (Choose TWO)
questions_short_explanation_under_80_chars,c033f01e-9bf3-45a7-821e-648ecf950039,Which term means one specific execution of a task within a particular run?
questions_short_explanation_under_80_chars,dda1d3b7-31ea-4bad-b9b1-cc0cf4be0db2,Which Airflow term describes a specialized operator that waits for an external event or condition?
questions_short_explanation_under_80_chars,4d357b94-e1aa-484f-a2c8-b43e7db9d56b,What does IAM stand for in cloud computing and AWS?
questions_short_explanation_under_80_chars,c7da908d-9549-40ef-b17d-75fe571f8c4d,"In machine learning, what is a feature?"
questions_short_explanation_under_80_chars,5616e5f6-8ef2-4f6b-aee3-a310825408c1,A company wants an encrypted connection from its office network to a VPC over the internet. Which option fits?
questions_short_explanation_under_80_chars,50ee306f-8fe9-4b46-ad06-6c5249fa49ed,Several independent services need to receive the same published notification. Which pattern is appropriate?
questions_short_explanation_under_80_chars,e0a49f8c-1345-49ef-948a-a12d8f93475c,"In this passage, what does ""revoke"" mean?"
questions_short_explanation_under_80_chars,8c0e9fea-aff7-412c-93d3-f4f3f4e3822e,Which statement best paraphrases the passage?
questions_short_explanation_under_80_chars,b184eafe-00ea-440b-ad5f-3354ad991fcc,"In this passage, what does ""authenticate"" mean?"
questions_short_explanation_under_80_chars,d05877c0-f38d-4298-870a-008b26c547f0,Which statement best paraphrases the passage?
questions_short_explanation_under_80_chars,cf5b6e3b-40ff-41a0-b9b8-8d22b6ceecbb,"In this passage, what does ""on demand"" mean?"
questions_short_explanation_under_80_chars,f6c2f550-53b7-4dbe-b19d-ad6061d1d78e,Which statement best paraphrases the passage?
questions_short_explanation_under_80_chars,a7975ce7-96b5-433f-b9c7-f7764f50d057,"In this passage, what does ""mitigate"" mean?"
questions_short_explanation_under_80_chars,c07c3589-d133-4abf-baf8-06ecff36f046,Which statement best paraphrases the passage?
questions_short_explanation_under_80_chars,ad94fd8d-3f32-4ad6-83dc-0ae08d8b0ccc,"In this passage, what does ""whereas"" mean?"
questions_short_explanation_under_80_chars,345f54a0-2d63-4ab2-98bf-d4990caf6f4b,"In this passage, what does ""despite"" mean?"
questions_short_explanation_under_80_chars,a89cf85c-709b-4b0d-bf57-b2add51a9fa7,"In this passage, what does ""route"" mean?"
questions_short_explanation_under_80_chars,7031c814-38ce-4f7a-88d2-2f3f83d10ab9,Which statement best paraphrases the passage?
questions_short_explanation_under_80_chars,45b00195-b563-4fb4-a7d5-a3633e7e51eb,Which statement best paraphrases the passage?
questions_short_explanation_under_80_chars,64460bd8-067d-4750-b404-c05893506d86,"In this passage, what does ""latency"" mean?"
questions_short_explanation_under_80_chars,6d7bd4c9-bf32-4c5c-98a5-d3f26790dbce,"In this passage, what does ""drop"" mean?"
questions_short_explanation_under_80_chars,3175cf8d-8734-4b0f-95aa-ecd0d681d7cf,"In this passage, what does ""unless"" mean?"
questions_short_explanation_under_80_chars,a10828d3-f0a8-4296-8c8f-c468bcf380d4,"In this passage, what does ""ingest"" mean?"
questions_short_explanation_under_80_chars,8b1c3616-96a9-4268-a9ce-292c0c5f5ced,Which statement best paraphrases the passage?
questions_short_explanation_under_80_chars,1ecb613d-481a-4a5c-bb5a-150a3ee19a17,"In this passage, what does ""deduplicate"" mean?"
questions_short_explanation_under_80_chars,e0c0ffc2-ff70-479f-bf99-23a5757bd6a1,"In this passage, what does ""upstream"" mean?"
questions_short_explanation_under_80_chars,b52952d9-2d33-4f2d-b073-d3468a32b81f,Which statement best paraphrases the passage?
questions_short_explanation_under_80_chars,f40d26ec-6833-40be-b765-0cc3a505f3b9,"In this passage, what does ""provided that"" mean?"
questions_short_explanation_under_80_chars,7003a38e-99ae-4c8b-b357-bba9644fa36e,"In this passage, what does ""predict"" mean?"
questions_short_explanation_under_80_chars,c444a0ab-1919-4e8e-afa2-8e98ec0149a0,"In this passage, what does ""held-out"" mean?"
questions_short_explanation_under_80_chars,7070e0c6-52c5-4bc0-b456-7ea857922821,Which statement best paraphrases the passage?
questions_short_explanation_under_80_chars,dd0e74c9-8190-4928-88f8-2857dd92afc2,"In this passage, what does ""where feasible"" mean?"
questions_short_explanation_under_80_chars,1f2b8b04-d262-460e-bcb3-938715ee4e7b,"In this passage, what does ""rollback"" mean?"
questions_short_explanation_under_80_chars,ca25d5ef-f48c-44f6-86b5-9da906754fa3,Which statement best paraphrases the passage?
questions_short_explanation_under_80_chars,72e929e1-dcec-4d01-bdce-12ca8cb0416b,"In this passage, what does ""gradually"" mean?"
questions_short_explanation_under_80_chars,bd53efcd-96ff-4953-948c-899dfe1c0528,Which subset should be reserved for a final assessment after routine model-development choices are made?
questions_short_explanation_under_80_chars,53c1b328-1a9f-4ccd-9a99-f46033cfd437,Which metric asks what fraction of actual positive cases were correctly identified?
questions_short_explanation_under_80_chars,eff4694c-08a3-46a1-98f1-9e03b1c50120,Which term means the target value that a supervised model is trained to predict?
questions_short_explanation_under_80_chars,6cdebb3f-669a-4e47-8308-1b3e4593236e,Which term describes using a trained model to make a prediction on new input?
questions_short_explanation_under_80_chars,ebd1b7f1-5df4-4b8a-b08c-cda9c2eeb347,Which term describes the ordering and conditional execution of tasks in a pipeline?
questions_short_explanation_under_80_chars,049cc190-bcdf-4bd0-b15b-ad254d553528,Which pattern loads source data before performing the main transformation in the target system?
questions_short_explanation_under_80_chars,330f0119-67da-4900-b6c3-acab0cc75036,"A modern warehouse can efficiently transform raw data with its own scalable compute, and the team wants to preserve raw data for future analysis. Which pattern is most consistent with the lesson?"
questions_short_explanation_under_80_chars,c6caf288-8d1f-43fd-9c38-7c6dd0c3b46d,Which Spark term describes structured data organized into named columns?
questions_short_explanation_under_80_chars,7e12558d-072b-4fa8-bf1d-f29baa726724,Which term describes a small unit of streaming input processed incrementally by default in Structured Streaming?
questions_short_explanation_under_80_chars,47422437-be36-4440-8b74-5fce92b9766a,Which method should apply an already learned preprocessing operation without relearning its parameters from the input?
questions_short_explanation_under_80_chars,833de23e-20fc-471a-91a6-551b2f3c8aa3,Which scikit-learn construct sequences transformers and can end with a predictor?
questions_missing_option_explanation,57ca68a2-ac7a-44ed-b0e0-e3f264984cb9,Which features are included in the AWS Business Support Plan? (Choose TWO)
questions_missing_option_explanation,85ed1693-f760-4675-a695-032d4ecb18b4,Which of the following services provide relational database capabilities in AWS?
questions_missing_option_explanation,00812666-963e-4b2e-9143-c8680a58def3,"Trong mô hình MVC (Model-View-Controller), thành phần nào chịu trách nhiệm tương tác trực tiếp với Database?"
questions_missing_option_explanation,f571acb1-89df-4753-9329-ae579b5dd4c7,What is the main purpose of Git in software development?
questions_missing_option_explanation,dc8e8375-4d0f-4926-bc62-ba26726ba013,"In networking, what does DNS primarily do?"
questions_missing_option_explanation,fc82aa1e-99d8-46ea-ba5b-ebd74d540dbe,"Which protocol provides reliable, connection-oriented data transmission?"
questions_missing_option_explanation,982e315e-f3db-4678-8564-f2d687b82726,Which practices can improve account security?
questions_missing_option_explanation,f9801707-8e62-4ba1-a3e2-9cbfdf6c6c4f,Which SQL clause is used to filter rows based on a condition?
questions_missing_option_explanation,e32cf73a-e7c8-4162-9644-2f4e463d59a9,Which services are examples of cloud computing service models?
questions_missing_option_explanation,86523f84-9c85-4bc6-a195-5491b26344f1,What do you gain from setting up consolidated billing for five different AWS accounts under another master account?
questions_missing_option_explanation,c2c26af8-6306-4fc8-8126-2e1df97827e0,Which of the following activities may help reduce your AWS monthly costs?
questions_missing_option_explanation,b1a1bed9-500d-4369-afc1-5e820db170f1,What does Amazon Elastic Beanstalk provide?
questions_missing_option_explanation,ec40c9a0-d4fc-4479-b11a-2c45cd9c0e2d,Which of the following has the greatest impact on cost? (Choose TWO)
questions_missing_option_explanation,1e3fd9a5-b564-465b-a7c0-ae9aaa7916cd,Which TWO are AWS storage services?
questions_missing_option_explanation,6ef4b91e-bb74-4ad1-9684-20f861c10ec6,A company has decided to migrate its Oracle database to AWS. Which AWS service can help achieve this without negatively impacting the functionality of the source database?
questions_missing_option_explanation,7ae6184b-6df8-43cd-bed1-996c959e1534,Who from the following will get the largest discount?
questions_missing_option_explanation,cb6728f1-0023-4c58-b414-b4e8757c9100,Adjusting compute capacity dynamically to reduce cost is an implementation of which AWS cloud best practice?
questions_missing_option_explanation,c6774dce-e9b0-47f4-bb3f-92e45843a677,What are the benefits of having infrastructure hosted in AWS? (Choose TWO)
questions_missing_option_explanation,7b9cf916-e053-4ba2-a03a-0a10c1fd9506,Which TWO capabilities commonly work together to adjust EC2 capacity and distribute incoming traffic?
questions_missing_option_explanation,abeb619d-745d-47d4-ac3a-4367e9a020d0,What is the AWS service that performs automated network assessments of Amazon EC2 instances to check for vulnerabilities?
questions_missing_option_explanation,00e12457-5498-47b4-b9b2-01ec06bd9a31,Which TWO are common benefits of using the AWS Cloud?
questions_missing_option_explanation,38fc441d-bcc3-4b4e-952e-b313800f6f7d,Which TWO AWS services help audit activity and evaluate resource configurations?
questions_missing_option_explanation,abd8213e-3bac-4cba-a4ee-37a855bcd089,Which TWO tools can help a customer analyze costs and receive alerts when thresholds are exceeded?
questions_missing_option_explanation,9d87c607-2816-4102-9de5-9dd8df975eee,What is the benefit of using an API to access AWS Services?
questions_missing_option_explanation,bc0a7522-de31-4065-b43d-b7ee7d67be2c,AWS allows users to manage their resources using a web based user interface. What is the name of this interface?
questions_missing_option_explanation,573c5376-5122-4f27-970d-9ca5b89b026b,Which of the following is an example of horizontal scaling in the AWS Cloud?
questions_missing_option_explanation,1a59dc5e-2fa2-4b1d-b3ff-397b6af5f42d,You have noticed that several critical Amazon EC2 instances have been terminated. Which of the following AWS services would help you determine who took this action?
questions_missing_option_explanation,1debcf98-0cbb-45c9-9953-a2d63fc66ba2,Which of the below options are related to the reliability of AWS? (Choose TWO)
questions_missing_option_explanation,c5c5808d-f8fd-44b1-9bb5-2e2b1429a1cc,Which statement is true regarding the AWS Shared Responsibility Model?
questions_missing_option_explanation,cec4c734-1fb6-45a2-8598-e54089d4f2da,What is the advantage of the AWS-recommended practice of 'decoupling' applications?
questions_missing_option_explanation,145be6d1-d377-4f17-aa2b-ce561850aa4a,Which AWS Service provides the current status of all AWS Services in all AWS Regions?
questions_missing_option_explanation,371ce3c1-cd44-4cee-9904-be40c044f7e2,You have set up consolidated billing for several AWS accounts. One of the accounts has purchased a number of reserved instances for 3 years. Which of the following is true regarding this scenario?
questions_missing_option_explanation,d1d8faf0-2025-43af-bdec-4f0a0db86378,A company has developed an eCommerce web application in AWS. What should they do to ensure that the application has the highest level of availability?
questions_missing_option_explanation,5c122a95-ec4c-436b-bdcc-fb9568b37689,What does AWS Snowball provide? (Choose TWO)
questions_missing_option_explanation,7dcdf849-b314-4d9b-9560-690c4834736c,A company has an AWS Enterprise Support plan. They want quick and efficient guidance with their billing and account inquiries. Which of the following should the company use?
questions_missing_option_explanation,5636ac79-1182-4684-b83a-596046de80e9,Which of the following helps a customer view the Amazon EC2 billing activity for the past month?
questions_missing_option_explanation,e00ac567-3add-4fbc-b46f-fb8e73fb8242,"A Japanese company hosts their applications on Amazon EC2 instances in the Tokyo Region. The company has opened new branches in the United States, and the US users are complaining of high latency. What can the company do to reduce latency for the users in the US while minimizing costs?"
questions_missing_option_explanation,32c5e630-bdd0-4313-8c19-9cd31a26cca6,An organization has a large number of technical employees who operate their AWS Cloud infrastructure. What does AWS provide to help organize them into teams and then assign the appropriate permissions for each team?
questions_missing_option_explanation,9a13fe61-701e-4c27-960d-afec9e9e3dfc,What should you do in order to keep the data on EBS volumes safe? (Choose TWO)
questions_missing_option_explanation,49ff532a-cc52-4f99-ba53-c867cf3139f3,One of the most important AWS best-practices to follow is the cloud architecture principle of elasticity. How does this principle improve your architecture's design?
questions_missing_option_explanation,667a7bbf-f3bc-42b8-9d5c-222edd627ec9,A startup company is operating on limited funds and is extremely concerned about cost overruns. Which of the below options can be used to notify the company when their monthly AWS bill exceeds $2000? (Choose TWO)
questions_missing_option_explanation,ff6ef100-6cbe-4f20-b303-da737face6b0,What does Amazon CloudFront use to distribute content to global users with low latency?
questions_missing_option_explanation,370f58f0-4af2-4829-8e17-322bbc7a1c8b,What does the 'Principle of Least Privilege' refer to?
questions_missing_option_explanation,5e537f4d-6f9f-4142-8ae3-2af7a9318ecd,Which of the following does NOT belong to the AWS Cloud Computing models?
questions_missing_option_explanation,e9f7c11c-480e-426e-a786-a8c5d39e8b0d,Which AWS service or feature can be used to call AWS Services from different programming languages?
questions_missing_option_explanation,76fefb30-e5c9-4456-9e5e-1f1ad111196a,The identification process of an online financial services company requires that new users must complete an online interview with their security team. The completed recorded interviews are only required in the event of a legal issue or a regulatory compliance breach. What is the most cost-effective service to store the recorded videos?
questions_missing_option_explanation,2570b0c7-c03f-4c27-9063-4c94ecdeccf1,Which service provides DNS in the AWS cloud?
questions_missing_option_explanation,4153e187-f53a-4365-a224-073a6f42f969,Hundreds of thousands of DDoS attacks are recorded every month worldwide. What service does AWS provide to help protect AWS Customers from these attacks? (Choose TWO)
questions_missing_option_explanation,83c39fb0-f40f-43e9-a5a1-46433697e45b,A company is deploying a new two-tier web application in AWS. Where should the most frequently accessed data be stored so that the application's response time is optimal?
questions_missing_option_explanation,60315c3d-e59a-4df2-a968-8e4fc1bed5c6,"You want to run a questionnaire application for only one day (without interruption), which Amazon EC2 purchase option should you use?"
questions_missing_option_explanation,39567a54-ace9-4589-b3b1-d4bf748d1f80,"You are working on a project that involves creating thumbnails of millions of images. Consistent uptime is not an issue, and continuous processing is not required. Which EC2 buying option would be the most cost-effective?"
questions_missing_option_explanation,a2d8d9c6-e4d0-4437-83e2-0127662710d9,Which of the following can be described as a global content delivery network (CDN) service?
questions_missing_option_explanation,2b668357-2064-45f6-8027-e40ad36bae48,Which of the following services allows customers to manage their agreements with AWS?
questions_missing_option_explanation,d7f600a9-ac6c-4efd-a914-88648be75712,"Which of the following are examples of AWS-Managed Services, where AWS is responsible for the operational and maintenance burdens of running the service? (Choose TWO)"
questions_missing_option_explanation,1fc96b14-f58b-4d35-8056-d055a84f5bbf,Your company has a data store application that requires access to a NoSQL database. Which AWS database offering would meet this requirement?
questions_missing_option_explanation,48d94a3d-1463-4bca-a7b4-fdaad3a11041,"As part of the Enterprise support plan, who is the primary point of contact for ongoing support needs?"
questions_missing_option_explanation,68c7f6b8-1e27-4ee1-9252-b5846c96afeb,How can you view the distribution of AWS spending in one of your AWS accounts?
questions_missing_option_explanation,14495643-cc96-4c26-9748-6ec4f766ee3e,Which of the following must an IAM user provide to interact with AWS services using the AWS Command Line Interface (AWS CLI)?
questions_missing_option_explanation,0951eb42-d679-4ba8-b898-df5c99efc856,"You have AWS Basic support, and you have discovered that some AWS resources are being used maliciously, and those resources could potentially compromise your data. What should you do?"
questions_missing_option_explanation,bf88cb81-0603-4f99-b64d-dfe54dff379a,Select TWO examples of the AWS shared controls.
questions_missing_option_explanation,5cdcba0e-508a-443f-a2ef-43c8708c31d1,"In order to implement best practices when dealing with a 'Single Point of Failure,' you should attempt to build as much automation as possible in both detecting and reacting to failure. Which of the following AWS services would help? (Choose TWO)"
questions_missing_option_explanation,bb3bc340-3358-472b-bbdf-240c32cfb935,A company is planning to host an educational website on AWS. Their video courses will be streamed all around the world. Which of the following AWS services will help achieve high transfer speeds?
questions_missing_option_explanation,3c95f599-bf64-4133-9c2a-0b515e33a838,A developer is planning to build a two-tier web application that has a MySQL database layer. Which of the following AWS database services would provide automated backups for the application?
questions_missing_option_explanation,5234b73d-597e-4710-a7ab-00bdfe0555c5,What is the AWS service that enables AWS architects to manage infrastructure as code?
questions_missing_option_explanation,018efe11-1cb8-43e4-8033-2109a372c7b7,"Under the shared responsibility model, which of the following is the responsibility of AWS?"
questions_missing_option_explanation,ef1b40c8-1e7d-4340-bcd8-b75d937331df,What does the AWS Health Dashboard provide? (Choose TWO)
questions_missing_option_explanation,428288ef-f5e3-47af-b75b-f663d1d01fd5,You have deployed your application on multiple Amazon EC2 instances. Your customers complain that sometimes they can't reach your application. Which AWS service allows you to monitor the performance of your EC2 instances to assist in troubleshooting these issues?
questions_missing_option_explanation,abfc3680-2dd2-47c7-be1a-ea08f00cdc81,"Your company is developing a critical web application in AWS, and the security of the application is a top priority. Which of the following AWS services will provide infrastructure security optimization recommendations?"
questions_missing_option_explanation,b357f0d5-ba3e-493f-8627-4f6159c11ac1,Which of the following is not a benefit of Amazon S3? (Choose TWO)
questions_missing_option_explanation,108081a9-0112-4d1d-9890-59476b2cb23d,"In the AWS Shared responsibility Model, which of the following are the responsibility of the customer? (Choose TWO)"
questions_missing_option_explanation,6148c220-699a-4c4e-afb6-521bc9a0eb4f,What does AWS provide to deploy popular technologies such as IBM MQ on AWS with the least amount of effort and time?
questions_missing_option_explanation,bc89b512-3bfe-4ae2-aad7-2ecdb9ddd3ec,An organization has decided to purchase an Amazon EC2 Reserved Instance (RI) for three years in order to reduce costs. It is possible that the application workloads could change during the reservation period. What is the EC2 Reserved Instance (RI) type that will allow the company to exchange the purchased reserved instance for another reserved instance with higher computing power if they need to?
questions_missing_option_explanation,689c8c10-53fd-4fcd-8d52-e3e9d7c4c649,A global company with a large number of AWS accounts is seeking a way in which they can centrally manage billing and security policies across all accounts. Which AWS Service will assist them in meeting these goals?
questions_missing_option_explanation,9740dd75-02b0-414b-9d6f-8689ce0d39b5,Which service provides object-level storage in AWS?
questions_missing_option_explanation,2f10c81d-f96e-4f42-b8d2-1e666c3c9c9b,A company is concerned that they are spending money on underutilized compute resources in AWS. Which AWS feature will help ensure that their applications are automatically adding/removing EC2 compute capacity to closely match the required demand?
questions_missing_option_explanation,442bf896-1551-4213-8e07-61c9f50b9597,Which S3 storage class is best for data with unpredictable access patterns?
questions_missing_option_explanation,3d8c8187-0aed-41cb-8771-c7871e043f55,What is the AWS database service that allows you to upload data structured in key-value format?
questions_missing_option_explanation,368bd3bf-7b81-4ac7-97fc-00319e0e8e6c,Which of the following is NOT correct regarding Amazon EC2 On-demand instances?
questions_missing_option_explanation,e1b02124-601b-453f-a286-876327fd0ec2,A company has moved to AWS recently. Which of the following AWS Services will help ensure that they have the proper security settings? (Choose TWO)
questions_missing_option_explanation,8c986f5a-01f8-4047-8ba9-64ff63e8f321,What is the AWS feature that provides an additional level of security above the default authentication mechanism of usernames and passwords?
questions_missing_option_explanation,e23789c4-f63f-4c50-9629-e6d3e301cbbf,"A company is introducing a new product to their customers, and is expecting a surge in traffic to their web application. As part of their Enterprise Support plan, which of the following provides the company with architectural and scaling guidance?"
questions_missing_option_explanation,71ac6a14-38c3-41f5-bca6-53af17eeabca,"You work as an on-premises MySQL DBA. The work of database configuration, backups, patching, and DR can be time-consuming and repetitive. Your company has decided to migrate to the AWS Cloud. Which of the following can help save time on database maintenance so you can focus on data architecture and performance?"
questions_missing_option_explanation,910e3f9e-e6b0-4adb-9140-e91051b1abe4,Which of the below is a best-practice when designing solutions on AWS?
questions_missing_option_explanation,97abd629-c0ec-4f8b-b20d-92f4b582c3d0,"According to the AWS Acceptable Use Policy, which of the following statements is true regarding penetration testing of EC2 instances?"
questions_missing_option_explanation,26fa9643-b32e-401d-893d-405bc727c8b4,Which service is used to ensure that messages between software components are not lost if one or more components fail?
questions_missing_option_explanation,cd3590b9-d4f5-4887-8e48-a00ee2d87fc0,The principle 'design for failure and nothing will fail' is very important when designing your AWS Cloud architecture. Which of the following would help adhere to this principle? (Choose TWO)
questions_missing_option_explanation,1588866f-09c8-4747-ad24-523feca262e1,What is the AWS service that provides a virtual network dedicated to your AWS account?
questions_missing_option_explanation,f2973b67-57b6-4664-a322-4fa26d5a9e22,"According to the AWS Shared responsibility model, which of the following are the responsibility of the customer? (Choose TWO)"
questions_missing_option_explanation,585b5f21-d89d-47bd-941c-a5608e535fb3,Which AWS Service can be used to register a new domain name?
questions_missing_option_explanation,9afc436f-65ed-4531-ae11-464873393850,Your company is designing a new application that will store and retrieve photos and videos. Which of the following services should you recommend as the underlying storage mechanism?
questions_missing_option_explanation,ceb0afdb-b82e-4281-8ba6-85ab7427994e,Which of the following is equivalent to a user name and password and is used to authenticate your programmatic access to AWS services and APIs?
questions_missing_option_explanation,21ea3c64-3335-41d5-8bac-c50d6215be22,What does Amazon ElastiCache provide?
questions_missing_option_explanation,2d6af7b4-dc95-44a4-9bb7-3128ce9281d8,What is the AWS service that enables you to manage all of your AWS accounts from a single master account?
questions_missing_option_explanation,8f2f4a20-b8bf-48c4-b3a0-d5da82dd4ea3,Which of the following EC2 instance purchasing options supports the Bring Your Own License (BYOL) model for almost every BYOL scenario?
questions_missing_option_explanation,434e54e8-da5f-4295-9afd-f2ef8c6a4c71,Which of the following is one of the benefits of moving infrastructure from an on-premises data center to AWS?
questions_missing_option_explanation,24ab2135-9118-4568-867b-f4f4426193d4,Which of the following are important design principles you should adopt when designing systems on AWS? (Choose TWO)
questions_missing_option_explanation,5667b5d0-929b-4462-8fde-39b248bba8f2,"Which AWS Service can be used to establish a dedicated, private network connection between AWS and your datacenter?"
questions_missing_option_explanation,17a672f0-38b3-40d1-b97e-6443a8e770fc,You are working on two projects that require completely different network configurations. Which AWS service or feature will allow you to isolate resources and network configurations?
questions_missing_option_explanation,06ee5378-cd89-4e1c-a1b3-ba6b914ad3a7,Which of the following services can help protect your web applications from SQL injection and other vulnerabilities in your application code?
questions_missing_option_explanation,3c9b54ba-82f3-48c6-9e9e-3c19460ba2ca,An organization needs to analyze and process a large number of data sets. Which AWS service should they use?
questions_missing_option_explanation,f2ab7e6d-7cb1-4ceb-bd05-79210ae3df3e,"Based on the AWS Shared Responsibility Model, which of the following are the sole responsibility of AWS? (Choose TWO)"
questions_missing_option_explanation,365d6749-7609-46a3-a866-b34f6308e452,What is the AWS service that provides you the highest level of control over the underlying virtual infrastructure?
questions_missing_option_explanation,5e5eee78-16a2-4f9c-9527-e65bfe7a96ff,What are the default security credentials that are required to access the AWS management console for an IAM user account?
questions_missing_option_explanation,f558e23d-1f37-4650-9781-6547b4fe77f9,"In your on-premises environment, you can create as many virtual servers as you need from a single template. What can you use to perform the same in AWS?"
questions_missing_option_explanation,247b2a0f-0e8d-438b-9586-545befbe9c21,What are two advantages of using Cloud Computing over using traditional data centers? (Choose TWO)
questions_missing_option_explanation,73622a87-6f34-485a-943a-70e2365aeb5e,Which of the following aspects of security are managed by AWS? (Choose TWO)
questions_missing_option_explanation,1432b4fc-1741-46b8-bfd7-e16aec34558f,Which statement best describes the operational excellence pillar of the AWS Well-Architected Framework?
questions_missing_option_explanation,fe4d945c-c4ae-4111-a3a8-b6f5aaa49f9d,AWS has created a large number of Edge Locations as part of its Global Infrastructure. Which of the following is NOT a benefit of using Edge Locations?
questions_missing_option_explanation,8829d52b-7902-47f9-9334-2e29f8bd6495,What are the change management tools that helps AWS customers audit and monitor all resource changes in their AWS environment? (Choose TWO)
questions_missing_option_explanation,c66c266d-52ca-42f4-ae23-db7ec3b2eb3a,Which of the following services allows you to run containerized applications on a cluster of EC2 instances?
questions_missing_option_explanation,30cb1660-8583-4d83-87f9-ed71faee9cc1,Which of the following services will help businesses ensure compliance in AWS?
questions_missing_option_explanation,e61e9015-0570-432a-9ed0-c4188712963a,Which of the following procedures will help reduce your Amazon S3 costs?
questions_missing_option_explanation,1e108f63-df6f-47ef-ac47-277267f68eeb,What are the AWS services/features that can help you maintain a highly available and fault-tolerant architecture in AWS? (Choose TWO)
questions_missing_option_explanation,694f5de6-24e0-4719-bc94-cda374e3389e,What is the AWS service/feature that takes advantage of Amazon CloudFront's globally distributed edge locations to transfer files to S3 with higher upload speeds?
questions_missing_option_explanation,e1ecad50-8511-4691-af29-bc32b38c587d,Which of the following AWS security features is associated with an EC2 instance and functions to filter incoming traffic requests?
questions_missing_option_explanation,c23ccf7e-7860-418a-84d7-4e2851a4e223,Which AWS services can be used to improve the performance of a global application and reduce latency for its users? (Choose TWO)
questions_missing_option_explanation,7fe83c20-28e2-4693-99ee-191b7aeabacd,Using Amazon RDS falls under the shared responsibility model. Which of the following are customer responsibilities? (Choose TWO)
questions_missing_option_explanation,adde8d38-4b7b-42c5-80ca-1385dbdbe2a6,"A company has a large amount of structured data stored in their on-premises data center. They are planning to migrate all the data to AWS, what is the most appropriate AWS database option?"
questions_missing_option_explanation,be81de82-f546-434e-805a-950df63c8f71,A company has created a solution that helps AWS customers improve their architectures on AWS. Which AWS program may support this company?
questions_missing_option_explanation,39e6b89b-15df-4a25-be25-64ace4b802c8,What is the AWS serverless service that allows you to run your applications without any administrative burden?
questions_missing_option_explanation,b4a8f6da-4c4c-4c11-b416-01fd8f24bbc1,"Jessica is managing an e-commerce web application in AWS. The application is hosted on six EC2 instances. One day, three of the instances crashed; but none of her customers were affected. What has Jessica done correctly in this scenario?"
questions_missing_option_explanation,b16ab093-6c14-4844-abd9-f92d2f8ad538,Where can you store files in AWS? (Choose TWO)
questions_missing_option_explanation,6d22e0a2-3faf-4c23-b56b-15f09447ed48,Which AWS service can be used to store and reliably deliver messages across distributed systems?
questions_missing_option_explanation,288c695d-5edd-49b3-99a0-bd83d2545e83,Which of the following describes the payment model that AWS makes available for customers that can commit to using Amazon EC2 over a one or 3-year term to reduce their total computing costs?
questions_missing_option_explanation,78f730c3-4e5f-47dc-add7-5c7edc3fff56,A company is migrating its on-premises database to Amazon RDS. What should the company do to ensure Amazon RDS costs are kept to a minimum?
questions_missing_option_explanation,b37ad12a-4df4-4290-8faa-4dc71dbeebc7,What is the primary storage service used by Amazon RDS database instances?
questions_missing_option_explanation,068a9a40-f1a7-42ad-8581-0fcae0cdf101,A company is developing a new application using a microservices framework. The new application is having performance and latency issues. Which AWS Service should be used to troubleshoot these issues?
questions_missing_option_explanation,bd7aab61-3015-4a31-8111-25b382745932,Which of the following AWS services is designed with native Multi-AZ fault tolerance in mind? (Choose TWO)
questions_missing_option_explanation,6d1e4209-bc2d-43a5-9338-0696040c4108,What are the Amazon RDS features that can be used to improve the availability of your database? (Choose TWO)
questions_missing_option_explanation,65de4812-a90f-4bff-baaf-26b1895bab5f,"Sarah has deployed an application in the Northern California (us-west-1) region. After examining the application's traffic, she notices that about 30% of the traffic is coming from Asia. What can she do to reduce latency for the users in Asia?"
questions_missing_option_explanation,05ae9000-c1e9-4068-9d94-81344eab7ece,An organization runs many systems and uses many AWS products. Which of the following services enables them to control how each developer interacts with these products?
questions_missing_option_explanation,bb172c67-6309-47c5-8b26-a4edb7ea085b,Using Amazon EC2 falls under which of the following cloud computing models?
questions_missing_option_explanation,ea823dd3-c902-4828-b302-73d67060dfe2,Which of the below is a best-practice when building applications on AWS?
questions_missing_option_explanation,2d22882a-5ab4-4be7-a554-1ea9382f138e,A company has deployed applications on Amazon EC2 instances. The company needs to assess application vulnerabilities and must identify infrastructure deployments that do not meet best practices. Which AWS service can the company use to meet these requirements?
questions_missing_option_explanation,80087d4f-6a76-4d5f-a21b-3e7aeaba99a4,Amazon Glacier is an Amazon S3 storage class that is suitable for storing [...] & [...]. (Choose TWO)
questions_missing_option_explanation,0bd76882-a807-47d8-94d2-30e61eb7c735,"Under the Shared Responsibility Model, which of the following controls do customers fully inherit from AWS? (Choose TWO)"
questions_missing_option_explanation,442e64da-0891-4da1-88f6-49b0e95527de,A company needs to host a database in Amazon RDS for at least three years. Which of the following options would be the most cost-effective solution?
questions_missing_option_explanation,e6c9e414-41d2-45f3-bb02-dd0257913024,"Your application has recently experienced significant global growth, and international users are complaining of high latency. What is the AWS characteristic that can help improve your international users' experience?"
questions_missing_option_explanation,8e3c23fa-e1de-486c-a60a-7ec9dc32cb8a,Savings Plans are available for which of the following AWS compute services? (Choose TWO)
questions_missing_option_explanation,4efaf8bb-24e4-4a68-98a1-000d6e152f57,A company has business critical workloads hosted on AWS and they are unwilling to accept any downtime. Which of the following is a recommended best practice to protect their workloads in the event of an unexpected natural disaster?
questions_missing_option_explanation,9c435798-8cc7-4328-aece-14c8016b3ac0,Which statement is correct with regards to AWS service limits? (Choose TWO)
questions_missing_option_explanation,8b5372be-e2a1-44e2-bbfa-4436e6507184,What is the AWS tool that enables you to use scripts to manage all AWS services and resources?
questions_missing_option_explanation,ccb55c96-889e-40d7-9f0b-78553590a338,What are the connectivity options that can be used to build hybrid cloud architectures? (Choose TWO)
questions_missing_option_explanation,622dcff4-b4b9-4704-b91b-e482024a696b,A company has deployed a new web application on multiple Amazon EC2 instances. Which of the following should they use to ensure that the incoming HTTP traffic is distributed evenly across the instances?
questions_missing_option_explanation,f8269c40-74b1-4924-bd0d-8ac5e4cd53ba,Which of the following AWS offerings is a MySQL-compatible relational database service that can scale capacity automatically based on demand?
questions_missing_option_explanation,6106c497-c1c2-446f-8b8c-a806bac4f901,Which of the following can help protect your EC2 instances from DDoS attacks? (Choose TWO)
questions_missing_option_explanation,621fd293-c0ae-4704-891e-0118bc47d8d4,What is the AWS data warehouse service that supports a high level of query performance on large amounts of datasets?
questions_missing_option_explanation,ceb737b6-3e6d-4aca-9810-6abeb73b1c59,Which of the following should be considered when performing a TCO analysis to compare the costs of running an application on AWS instead of on-premises?
questions_missing_option_explanation,535a4056-da00-4403-aa3b-d48e367fa770,How are AWS customers billed for Linux-based Amazon EC2 usage?
questions_missing_option_explanation,bb7d2db4-ae01-436c-b7b7-3684938f250b,Which of the following will impact the price paid for an EC2 instance? (Choose TWO)
questions_missing_option_explanation,bd9dc828-6f19-4346-8c80-4121f07eebbb,"A customer spent a lot of time configuring a newly deployed Amazon EC2 instance. After the workload increases, the customer decides to provision another EC2 instance with an identical configuration. How can the customer achieve this?"
questions_missing_option_explanation,4482fdd1-90da-467b-a9f9-1b38d8f3fa38,A company uses AWS Organizations to manage all of its AWS accounts. Which of the following allows the company to restrict what services and actions are allowed in each individual account?
questions_missing_option_explanation,0fd01128-fd0c-4122-b43c-5eedd9958103,Which of the following statements describes the AWS Cloud's agility?
questions_missing_option_explanation,6b2a53e0-84a9-4a2f-8f24-9ae7f25a632f,What are the benefits of using the Amazon Relational Database Service? (Choose TWO)
questions_missing_option_explanation,7b635c45-9eb5-477c-b4ea-5d9f1e3b2be3,What is the connectivity option that uses Internet Protocol Security (IPSec) to establish encrypted connectivity between an on-premises network and the AWS Cloud?
questions_missing_option_explanation,501bfd4d-3acc-423c-b2b8-58b1422101f7,What is the minimum level of AWS support that provides 24x7 access to technical support engineers via phone and chat?
questions_missing_option_explanation,c71a70a1-fa39-4d24-b2ee-1c980b676d8f,Which of the following is used to control network traffic in AWS? (Choose TWO)
questions_missing_option_explanation,df72c578-e354-4d2c-86bf-ab924edd5e3e,A company has developed a media transcoding application in AWS. The application is designed to recover quickly from hardware failures. Which one of the following types of instance would be the most cost-effective choice to use?
questions_missing_option_explanation,6dd0870c-5812-4a28-a800-f0ba3a76858b,"App development companies move their business to AWS to reduce time-to-market and improve customer satisfaction, what are the AWS automation tools that help them deploy their applications faster? (Choose TWO)"
questions_missing_option_explanation,a985cb37-bad3-4ca9-8aa7-c2216f679144,Which AWS service provides cost-optimization recommendations?
questions_missing_option_explanation,ff91cbdb-7ad8-478f-a213-164c8f76b711,A company has hundreds of VPCs in multiple AWS Regions worldwide. What service does AWS offer to simplify the connection management among the VPCs?
questions_missing_option_explanation,9d4436dc-bca3-4c7a-b26d-2033e1bd2c2b,What is one benefit and one drawback of buying a reserved EC2 instance? (Select TWO)
questions_missing_option_explanation,b1c08bea-3096-46d8-8514-2a774039447d,Why does every AWS Region contain multiple Availability Zones?
questions_missing_option_explanation,87fe4957-7fa2-42f2-ab36-9b5e2308865e,What is the most cost-effective purchasing option for running a set of EC2 instances that must always be available for a period of two months?
questions_missing_option_explanation,b47cbbf5-3688-44a5-8a36-536dcce33064,Which of the following is a benefit of running an application in multiple Availability Zones?
questions_missing_option_explanation,99da613a-c8f8-4b52-93a4-1a4880cbb621,Data security is one of the top priorities of AWS. How does AWS deal with old storage devices that have reached the end of their useful life?
questions_missing_option_explanation,2e876f63-6d0a-469d-b98d-60cffd67f3e3,A developer needs to set up an SSL security certificate for a client's eCommerce website in order to use the HTTPS protocol. Which of the following AWS services can be used to deploy the required SSL server certificates? (Choose TWO)
questions_missing_option_explanation,96acb490-50c8-4911-bd5c-11998c35e284,Which of the following AWS services scale automatically without your intervention? (Choose TWO)
questions_missing_option_explanation,5cd6296b-f902-471f-b051-00ab7ac433b2,A company is planning to migrate an application from Amazon EC2 to AWS Lambda to use a serverless architecture. Which of the following will be the responsibility of AWS after migration? (Choose TWO)
questions_missing_option_explanation,e128bee3-0fa7-4832-9239-5fef9b2d2193,How do ELBs improve the reliability of your application?
questions_missing_option_explanation,e4d794bf-5b13-4ad8-bcd3-fc5de394f9d0,"A company needs to migrate their website from on-premises to AWS. Security is a major concern for them, so they need to host their website on hardware that is NOT shared with other AWS customers. Which of the following EC2 instance options meets this requirement?"
questions_missing_option_explanation,d71b7f10-56d1-4cc0-a5d1-9f095542a317,What is the AWS Support feature that allows customers to manage support cases programmatically?
questions_missing_option_explanation,c97d9398-9832-4d56-a3a1-7339e903b004,A customer is planning to move billions of images and videos to be stored on Amazon S3. The customer has approximately 60 Petabytes of data to move. Which of the following AWS Services is the best choice to transfer the data to AWS?
questions_missing_option_explanation,08fa7710-514a-454f-9646-d76317134221,A company plans to migrate a large amount of archived data to AWS. The archived data must be maintained for a period of 5 years and must be retrievable within 5 hours of a request. What is the most cost-effective AWS storage service to use?
questions_missing_option_explanation,c0af3932-7aaf-4613-a71c-ce2d24a8c0dd,Which AWS Service is used to manage user permissions?
questions_missing_option_explanation,2c92cb0a-ee3e-428d-96bd-41816c54da08,Which support plan includes AWS Support Concierge Service?
questions_missing_option_explanation,1dd19531-2b50-4662-b71f-d34f3044a505,A company needs to track resource changes using the API call history. Which AWS service can help the company achieve this goal?
questions_missing_option_explanation,d5189a2f-1c90-459d-94f7-a3b9bc913868,What are the benefits of using an AWS-managed service? (Choose TWO)
questions_missing_option_explanation,28594127-c6bb-47f5-b32c-1c082550fa43,Which of the following are use cases for Amazon S3? (Choose TWO)
questions_missing_option_explanation,d031f4c5-d084-4bf1-843a-3acb29b6a647,What is the AWS' recommendation regarding access keys?
questions_missing_option_explanation,10dfed78-1bcb-44b0-9f6d-dbe1a28e532e,What is the AWS IAM feature that provides an additional layer of security on top of user-name and password authentication?
questions_missing_option_explanation,961de231-24bb-4cc9-bd8c-65eb758747b1,A company is planning to migrate a database with high read/write activity to AWS. What is the best storage option to use?
questions_missing_option_explanation,0373a5ec-eac0-444d-bccc-75195b55093b,How can AWS customers track and avoid over-spending on underutilized reserved instances?
questions_missing_option_explanation,68d2320d-8ce2-42d6-91db-abb693388375,What is the AWS service that provides five times the performance of a standard MySQL database?
questions_missing_option_explanation,fe674c32-8e0a-43a6-9d6a-26b3db887ebc,What does AWS Service Catalog provide?
questions_missing_option_explanation,c005b6b5-d262-4af8-93b8-5d71af898af5,"For managed services like Amazon DynamoDB, which of the below is AWS responsible for? (Choose TWO)"
questions_missing_option_explanation,02c59fec-64c5-49e2-b544-0f446812977b,Which of the following AWS Services helps with planning application migration to the AWS Cloud?
questions_missing_option_explanation,ab58d44b-002e-4026-82ca-0b7a2ff2a8d0,A company is trying to analyze the costs applied to their AWS account recently. Which of the following provides them the most granular data about their AWS costs and usage?
questions_missing_option_explanation,0e243fd8-15d0-4007-a7d2-4f4a0c19cd6f,Which statement best describes the concept of an AWS region?
questions_missing_option_explanation,c26fa53d-a606-47b9-b467-7ab94a4fa789,"A company has discovered that multiple S3 buckets were deleted, but it is unclear who deleted the buckets. Which of the following can the company use to determine the identity that deleted the buckets?"
questions_missing_option_explanation,64055124-c3bb-4546-98d4-2858d0f9a614,Which of the following are factors in determining the appropriate database technology to use for a specific workload? (Choose TWO)
questions_missing_option_explanation,cf94b560-d979-4a5e-a55b-01384497e478,What are the benefits of implementing a tagging strategy for AWS resources? (Choose TWO)
questions_missing_option_explanation,37f75202-56c2-44b1-8f5c-b07cfe285725,What are AWS shared controls?
questions_missing_option_explanation,0a9df451-f71a-45e8-a22d-3edbfd92ae41,Which design principles relate to performance efficiency in AWS? (Choose TWO)
questions_missing_option_explanation,3a65f87a-c011-45d6-9d34-0028323f5251,Which of the below are responsibilities of the customer when using Amazon EC2? (Choose TWO)
questions_missing_option_explanation,a9c672a3-e279-43ed-ac0a-bbea6c9ad81f,Why would an organization decide to use AWS over an on-premises data center? (Choose TWO)
questions_missing_option_explanation,02afc492-1e50-4d78-b7d5-5ee7b865d4ab,Which of the following is true regarding the AWS availability zones and edge locations?
questions_missing_option_explanation,bda014fa-6bdb-4af5-953d-bc42504285e9,Which of the following AWS services can help you perform security analysis and regulatory compliance auditing? (Choose TWO)
questions_missing_option_explanation,402a361b-1acf-4019-bd88-2aa0f3136f3e,Which of the following is NOT a characteristic of Amazon Elastic Compute Cloud (Amazon EC2)?
questions_missing_option_explanation,7afb916f-6da9-45a6-98aa-c34eddbffe4c,What is the AWS Compute service that executes code only when triggered by events?
questions_missing_option_explanation,8036e711-91a1-42f2-a6c1-c78e38b48b0a,Both AWS and traditional IT distributors provide a wide range of virtual servers to meet their customers' requirements. What is the name of these virtual servers in AWS?
questions_missing_option_explanation,070ccbc7-8037-4c81-84f6-bb9b7d0caf59,What is the framework created by AWS Professional Services that helps organizations design a road map to successful cloud adoption?
questions_missing_option_explanation,904d1f5d-6a21-4fca-9acb-2f8932bb1f9e,TYMO Cloud Corp is looking forward to migrating their entire on-premises data center to AWS. What tool can they use to perform a cost-benefit analysis of moving to the AWS Cloud?
questions_missing_option_explanation,0207a86a-5ef6-43b8-864a-facb54c4b7ba,Which of the following activities supports the Operational Excellence pillar of the AWS Well-Architected Framework?
questions_missing_option_explanation,6189db32-8683-459b-afd3-745ad17bb42a,Why do many startup companies prefer AWS over traditional on-premises solutions? (Choose TWO)
questions_missing_option_explanation,9f6e829a-2c8f-428d-a837-2d2be4e52503,What are the benefits of using DynamoDB? (Choose TWO)
questions_missing_option_explanation,922f471e-190a-493b-b31a-70810b0be78e,Which of the following can be used to protect data at rest on Amazon S3? (Choose TWO)
questions_missing_option_explanation,5ef629cb-52fc-4246-889b-c13dbbac149c,"As part of the AWS Migration Acceleration Program (MAP), what does AWS provide to accelerate Enterprise adoption of AWS? (Choose TWO)"
questions_missing_option_explanation,1dc941b0-262a-4d06-b566-9af23a1fe9fa,AWS recommends some practices to help organizations avoid unexpected charges on their bill. Which of the following is NOT one of these practices?
questions_missing_option_explanation,3e850fbe-f315-4c86-929b-6af198b4f92d,What is the AWS tool that can help a company visualize their AWS spending in the last few months?
questions_missing_option_explanation,64bff211-7b0a-4c30-b88d-17c0cf61be88,"When running a workload in AWS, the customer is NOT responsible for: (Select TWO)"
questions_missing_option_explanation,c207810b-2e12-4934-b417-92ea1888ea07,Which AWS service can be used to send promotional text messages (SMS) to more than 200 countries worldwide?
questions_missing_option_explanation,59ed13ea-5227-4d9e-8e88-c167784783e3,Which of the following allows you to create new RDS instances? (Choose TWO)
questions_missing_option_explanation,93603e0f-bf59-433b-a65a-1027e033cd97,One of the major advantages of using AWS is cost savings. What does AWS provide to reduce the cost of running Amazon EC2 instances?
questions_missing_option_explanation,00be6d2b-6694-4d3e-96eb-f415a92298d9,Which AWS Group assists customers in achieving their desired business outcomes?
questions_missing_option_explanation,cd6c2b28-aa51-4a9d-800b-38cfd4f0e664,Which AWS service or feature is used to manage the keys used to encrypt customer data?
questions_missing_option_explanation,5d1b29fd-e39a-4713-b32b-fc55c8d48648,Which AWS Service allows customers to download AWS SOC & PCI reports?
questions_missing_option_explanation,edc8b342-da77-47bd-8415-7eda70fa4e8f,"A company is using EC2 Instances to run their e-commerce site on the AWS platform. If the site becomes unavailable, the company will lose a significant amount of money for each minute the site is unavailable. Which design principle should the company use to minimize the risk of an outage?"
questions_missing_option_explanation,48140e19-bfad-45d3-9aea-09d344963f3a,You decide to buy a reserved instance for a term of one year. Which option provides the largest total discount?
questions_missing_option_explanation,e691f6d4-3459-4980-82dd-4c72096ae868,What features does AWS offer to help protect your data in the Cloud? (Choose TWO)
questions_missing_option_explanation,5138ad8f-c74b-40a8-a5a9-d53b0d041c1e,"An AWS customer has used one Amazon Linux instance for 2 hours, 5 minutes and 9 seconds, and one CentOS instance for 4 hours, 23 minutes and 7 seconds. How much time will the customer be billed for?"
questions_missing_option_explanation,037165b2-2ce2-4c5b-b729-3caecef28ffc,Which methods can be used by customers to interact with AWS Identity and Access Management (IAM)? (Choose TWO)
questions_missing_option_explanation,a82c11e0-b828-46d8-a307-415698afaa59,Which of the following are types of AWS Identity and Access Management (IAM) identities? (Choose TWO)
questions_missing_option_explanation,d91d485c-da26-47ba-8347-fb67a497a7f7,Which of the following Amazon RDS features facilitates offloading of database read activity?
questions_missing_option_explanation,37cfb779-ff88-473d-86b4-a3e216a9583b,How does AWS notify customers about security and privacy events pertaining to AWS services?
questions_missing_option_explanation,e3caf852-0396-4121-9980-858818271eb5,Which IAM entity can best be used to grant temporary access to your AWS resources?
questions_missing_option_explanation,91d849d5-2c12-4a1d-9beb-0c9020585db0,"A company has a web application that is hosted on a single EC2 instance and is approaching 100 percent CPU Utilization during peak loads. Rather than scaling the server vertically, the company has decided to deploy three Amazon EC2 instances in parallel and to distribute traffic across the three servers. What AWS Service should the company use to distribute the traffic evenly?"
questions_missing_option_explanation,2c6a674e-fcb3-4e6d-9771-408386cb44c9,Which of the following approaches will help you eliminate human error and automate the process of creating and updating your AWS environment?
questions_missing_option_explanation,830e355e-20c1-44d6-8346-1bf14819ff17,A company is seeking to better secure its AWS account from unauthorized access. Which of the below options can the customer use to achieve this goal?
questions_missing_option_explanation,2a9454f1-8437-41a0-8cc0-23b750a143cf,Which AWS Service offers volume discounts based on usage?
questions_missing_option_explanation,b403bbb5-07cb-4f3d-b1d8-2f8e9f3003a7,Which of the following factors should be considered when determining the region in which AWS Resources will be deployed? (Choose TWO)
questions_missing_option_explanation,5f76a7c5-11b4-4c78-8c24-a4a6cb6e7d75,You are running a financial services web application on AWS. The application uses a MySQL database to store the data. Which of the following AWS services would improve the performance of your application by allowing you to retrieve information from fast in-memory caches?
questions_missing_option_explanation,40b0174a-c991-4ecc-82f2-73e4a0555cc4,What are the advantages of using Auto Scaling Groups for EC2 instances?
questions_missing_option_explanation,00e6b392-c0af-4f13-9711-17e2b06dc524,The TCO gap between AWS infrastructure and traditional infrastructure has widened over the recent years. Which of the following could be the reason for that?
questions_missing_option_explanation,749f18cb-d1f6-47f0-89d3-4d189a2394d5,Which of the following are examples of the customer's responsibility to implement 'security IN the cloud'? (Choose TWO)
questions_missing_option_explanation,74b047e3-09c3-42ab-8e69-31184c25b7fa,Which of the following is a type of MFA device that customers can use to protect their AWS resources?
questions_missing_option_explanation,c6888409-33bf-4f09-a78e-77042d5eee7e,A company is seeking to deploy an existing .NET application onto AWS as quickly as possible. Which AWS Service should the customer use to achieve this goal?
questions_missing_option_explanation,3cdfb52e-abe5-4c4e-bf9e-b7a63354415e,Which of the following is NOT a factor when estimating the costs of Amazon EC2? (Choose TWO)
questions_missing_option_explanation,bb17d6be-4bd6-4c84-a513-827c6d87c9d5,Which AWS Service helps enterprises extend their on-premises storage to AWS in a cost-effective manner?
questions_missing_option_explanation,1953c6ce-5fff-4fc8-904c-31cdf9e9aedf,"A company is building an online cloud storage platform. They need a storage service that can scale capacity automatically, while minimizing cost. Which AWS storage service should the company use to meet these requirements?"
questions_missing_option_explanation,34b9ea0d-f737-4014-92c0-8290f6504b86,"You have just hired a skilled sys-admin to join your team. As usual, you have created a new IAM user for him to interact with AWS services. On his first day, you ask him to create snapshots of all existing Amazon EBS volumes and save them in a new Amazon S3 bucket. However, the new member reports back that he is unable to create neither EBS snapshots nor S3 buckets. What might prevent him from doing this simple task?"
questions_missing_option_explanation,7e421a48-6eb6-43bb-9eb9-6bf953f8aa9b,An external auditor is requesting a log of all accesses to the AWS resources in the company's account. Which of the following services will provide the auditor with the requested information?
questions_missing_option_explanation,c27ef0d9-4e4f-4035-be29-48171e0063ca,Which of the below options is true of Amazon Cloud Directory?
questions_missing_option_explanation,a2c66d78-1521-4b26-9124-e129c9f847d9,A user has opened a 'Production System Down' support case to get help from AWS Support after a production system disruption. What is the expected response time for this type of support case?
questions_missing_option_explanation,02bc4aaa-ad1b-41e9-b68f-fa709d182726,Which of the below options is a best practice for making your application on AWS highly available?
questions_missing_option_explanation,062e2214-1a44-4f9f-ba21-ac0004b2415e,Which of the following should be taken into account when performing a TCO analysis regarding the costs of running an application on AWS VS on-premises? (Choose TWO)
questions_missing_option_explanation,a1df0399-9c2b-4627-899b-89af08af6ac9,Your company requires a response time of less than 15 minutes from support interactions about their business-critical systems that are hosted on AWS if those systems go down. Which AWS Support Plan should this company use?
questions_missing_option_explanation,27f42f57-4bf7-4c08-a121-4f18490746ba,Which of the following AWS offerings are serverless services? (Choose TWO)
questions_missing_option_explanation,fbe2156c-5a23-49d8-8d64-2c581695e8d3,Which AWS service enables you to quickly purchase and deploy SSL/TLS certificates?
questions_missing_option_explanation,c7e7d002-80d2-487c-b432-c3b51ab6f384,Which AWS Service provides integration with Chef to automate the configuration of EC2 instances?
questions_missing_option_explanation,8986b7d9-690b-4490-87a2-669cd74d7f66,A customer is seeking to store objects in their AWS environment and to make those objects downloadable over the internet. Which AWS Service can be used to accomplish this?
questions_missing_option_explanation,f9f47236-0e8f-476b-bdef-81c2cbc22302,Which of the following services can be used to monitor the HTTP and HTTPS requests that are forwarded to Amazon CloudFront?
questions_missing_option_explanation,458967f1-c4ef-419a-8b9a-d966c6d700dd,A company is migrating a web application to AWS. The application's compute capacity is continually utilized throughout the year. Which of the below options offers the company the most cost-effective solution?
questions_missing_option_explanation,48c48b9b-6eea-47ca-95c8-08b8c6a59a7a,A company wants to grant a new employee long-term access to manage Amazon DynamoDB databases. Which of the following is a recommended best-practice when granting these permissions?
questions_missing_option_explanation,a4589f88-ae4d-409b-b3b7-49b5f4aefd0a,"When granting permissions to applications running on Amazon EC2 instances, which of the following is considered best practice?"
questions_missing_option_explanation,fd28622c-e25f-4921-afc8-815671d1f5ef,Which of the following will help AWS customers save on costs when migrating their workloads to AWS?
questions_missing_option_explanation,7d33fac4-d82a-4727-ab8b-68be19071c76,An organization has a legacy application designed using monolithic-based architecture. Which AWS Service can be used to decouple the components of the application?
questions_missing_option_explanation,fe6dfbb8-9e31-4c4e-bfea-8c3d488cfa8d,Which of the following can be used to enable the Virtual Multi-Factor Authentication? (Choose TWO)
questions_missing_option_explanation,e867bdd2-7bb9-459d-bb6c-5e0fdc3a8d75,"According to best practices, which of the below options is best suited for processing a large number of binary files?"
questions_missing_option_explanation,c66f644c-4bf0-424a-bc3c-f586a637bb0d,A company is planning to use Amazon S3 and Amazon CloudFront to distribute its video courses globally. What tool can the company use to estimate the costs of these services?
questions_missing_option_explanation,858adf18-cfcf-414e-b967-70e93d2e3a6e,"What should you do if you see resources, which you don't remember creating, in the AWS Management Console? (Choose TWO)"
questions_missing_option_explanation,a3981de1-09d8-4794-93a1-52af543ca3e8,A key practice when designing solutions on AWS is to minimize dependencies between components so that the failure of a single component does not impact other components. What is this practice called?
questions_missing_option_explanation,b946454a-3990-47e8-94a5-70ff8e642c30,Which AWS Service offers an NFS file system that can be mounted concurrently from multiple EC2 instances?
questions_missing_option_explanation,1c77ce2f-6663-467d-8596-ecb1a6481e90,Availability Zones within a Region are connected over low-latency links. Which of the following is a benefit of these links?
questions_missing_option_explanation,6ded0cd0-60d1-4c0a-95ad-31bc04db251c,Which of the following are true regarding the languages that are supported on AWS Lambda? (Choose TWO)
questions_missing_option_explanation,1f34438b-3061-4c87-b417-f77d1c83bd15,What are the capabilities of AWS X-Ray? (Choose TWO)
questions_missing_option_explanation,3bab05b9-cde3-4333-acb6-8821bb5795cf,"A company is developing a mobile application and wants to allow users to use their Amazon, Apple, Facebook, or Google identities to authenticate to the application. Which AWS Service should the company use for this purpose?"
questions_missing_option_explanation,cedc92c1-db9b-4a55-8b22-82d78455506b,Which AWS Service allows customers to create a template that programmatically defines policies and configurations of all AWS resources as code and so that the same template can be reused among multiple projects?
questions_missing_option_explanation,09437567-17e5-4039-b741-5ffdc7175b3a,Which of the following are advantages of using AWS as a cloud computing provider? (Choose TWO)
questions_missing_option_explanation,e25425c6-9038-44ee-9d3e-d83a08e314e4,A customer is planning to migrate their Microsoft SQL Server databases to AWS. Which AWS Services can the customer use to run their Microsoft SQL Server database on AWS? (Choose TWO)
questions_missing_option_explanation,99e31e45-c730-42d6-a698-c106a21d2258,Which AWS Service can perform health checks on Amazon EC2 instances?
questions_missing_option_explanation,49acc3cd-2eab-4112-87c9-f65ab236ce91,A company is developing an application that will leverage facial recognition to automate photo tagging. Which AWS Service should the company use for facial recognition?
questions_missing_option_explanation,4c4b6c4e-9134-41ae-9a8f-b2cb1d68cd89,Which of the following are examples of AWS-managed databases? (Choose TWO)
questions_missing_option_explanation,4e0bc19b-ad63-4d9e-bd3b-40f8a4479f75,How does AWS shorten the time to provision IT resources?
questions_missing_option_explanation,7a5c13fb-a8be-498b-a116-62f50675417a,"A company's AWS workflow requires that it periodically perform large-scale image and video processing jobs. The customer is seeking to minimize cost and has stated that the amount of time it takes to process these jobs is not critical, but that cost minimization is the most important factor in designing the solution. Which EC2 instance class is best suited for this processing?"
questions_missing_option_explanation,a5901a39-f923-4428-ba6c-2d45de9f72b9,There is a requirement to grant a DevOps team full administrative access to all resources in an AWS account. Who can grant them these permissions?
questions_missing_option_explanation,a7681721-767d-4aa1-a6f5-b85f4550ccd3,You need to migrate a large number of on-premises workloads to AWS. Which AWS service is the most appropriate?
questions_missing_option_explanation,1d18c24c-d4f8-4ff4-bf02-7be5983507d7,What are some key benefits of using AWS CloudFormation? (Choose TWO)
questions_missing_option_explanation,25493be7-cb34-4cbc-ad2a-a490ac989709,Which of the following is a cloud computing deployment model that connects infrastructure and applications between cloud-based resources and existing resources not located in the cloud?
questions_missing_option_explanation,783ecee2-6c9f-4d6f-a06b-0cd550b76861,"A company is hosting business critical workloads in an AWS Region. To protect against data loss and ensure business continuity, a mirror image of the current AWS environment should be created in another AWS Region. Company policy requires that the standby environment must be available in minutes in case of an outage in the primary AWS Region. Which AWS service can be used to meet these requirements?"
questions_missing_option_explanation,83e6820f-4a4f-4921-8d76-46084417b04e,Which of the following S3 storage classes is most appropriate to host static assets for a popular e-commerce website with stable access patterns?
questions_missing_option_explanation,279c3fea-6b6f-459d-b82d-06dd147bf399,You want to create a backup of your data in another geographical location. Where should you create this backup?
questions_missing_option_explanation,954c8340-2e0c-4302-9068-f5cbe0234498,Which statement is true in relation to the security of Amazon EC2?
questions_missing_option_explanation,2b760c98-17a8-4773-9c09-b8f4b952b2ce,What does AWS Cost Explorer provide to help manage your AWS spend?
questions_missing_option_explanation,77eec093-0c4c-47f9-b7e6-a038e4611ff9,Which of the following is a feature of Amazon RDS that performs automatic failover when the primary database fails to respond?
questions_missing_option_explanation,a716ac3c-5027-413b-a583-a6f03c20252c,You are using several on-demand EC2 Instances to run your development environment. What is the best way to reduce your charges when these instances are not in use?
questions_missing_option_explanation,0a252542-de24-4187-9e67-ebe34121d9d2,Which of the following strategies helps protect your AWS root account?
questions_missing_option_explanation,db21f881-1b70-4c48-8566-40dcbcc3e22e,Which of the following are factors should be considered for Amazon EBS pricing? (Choose TWO)
questions_missing_option_explanation,f4f208a1-1423-48ae-a294-6c3cf13c9e93,You have just set up your AWS environment and have created six IAM user accounts for the DevOps team. What is the AWS recommendation when granting permissions to these IAM accounts?
questions_missing_option_explanation,5193eb7c-6eee-4dd0-950c-27368bb9eec5,Which of the following is an available option when purchasing Amazon EC2 instances?
questions_missing_option_explanation,8ee9a7a8-3b8a-4eb7-92a8-627adf844893,What does the term 'Economies of scale' mean?
questions_missing_option_explanation,a374694a-ef1d-427b-89a6-43892cb89f30,A company experiences fluctuations in traffic patterns to their e-commerce website when running flash sales. What service can help the company dynamically match the required compute capacity to handle spikes in traffic during flash sales?
questions_missing_option_explanation,3b5b3d15-5b11-4cca-a534-b05fa2493de8,Which of the below options is true of Amazon VPC?
questions_missing_option_explanation,8e894f82-f7f7-4778-b760-28fb19fe70d2,Which tool can a non-AWS customer use to compare the cost of on-premises environment resources to AWS?
questions_missing_option_explanation,f0fa8e32-7113-49a4-835a-4a8351c3c482,Which of the following services provide real-time auditing for compliance and vulnerabilities? (Choose TWO)
questions_missing_option_explanation,d2a12179-740f-476a-84b4-74a41f16282f,Which of the following AWS services uses Puppet to automate how EC2 instances are configured?
questions_missing_option_explanation,9740f216-abce-41c1-a4cb-5568ed4b47d8,Which of the following services gives you access to all AWS auditor-issued reports and certifications?
questions_missing_option_explanation,5caab527-3d75-4470-9224-d76ce47418f0,An organization uses a hybrid cloud architecture to run their business. Which AWS service enables them to deploy their applications to any AWS or on-premises server?
questions_missing_option_explanation,c0b77a9e-6f6b-4c3e-a121-01e0faeac095,Select the services that are server-based: (Choose TWO)
questions_missing_option_explanation,3646f694-140e-4740-a15a-4933062b280d,What best describes penetration testing?
questions_missing_option_explanation,89f72122-9e66-4800-8a28-6b0c16e1fb84,Which of the following are use cases for Amazon EMR? (Choose TWO)
questions_missing_option_explanation,c6f52172-8ba5-4846-951f-cf49302dfa16,"Your CTO has asked you to contact AWS support using the chat feature to ask for guidance related to EBS. However, when you open the AWS support center you can't see a way to contact support via Chat. What should you do?"
questions_missing_option_explanation,c51d2cae-98ad-47ec-93cb-56454ff60bb7,"A developer wants to quickly deploy and manage his application in the AWS Cloud, but he doesn't have any experience with cloud computing. Which of the following AWS services would help the developer achieve his goal?"
questions_missing_option_explanation,bcf62e65-825d-4f57-a66f-dfab99b7158f,Which statement best describes the AWS Pay-As-You-Go pricing model?
questions_missing_option_explanation,f55255a8-06ad-47bd-9df4-683af2fd606c,"For Amazon RDS databases, what does AWS perform on your behalf? (Choose TWO)"
questions_missing_option_explanation,bf72938a-3b6e-4427-862b-8d19164fff2c,Which of the following strategies help analyze costs in AWS?
questions_missing_option_explanation,b69b7e60-1866-4340-8fe4-be3587b16e2b,A media company has an application that requires the transfer of large data sets to and from AWS every day. This data is business critical and should be transferred over a consistent connection. Which AWS service should the company use?
questions_missing_option_explanation,29293e5f-07f3-43d5-8c5c-5e4c8d45b3a5,What is the main benefit of the AWS Storage Gateway service?
questions_missing_option_explanation,6dc52587-6aa8-4bcd-9cf3-93954df0fc91,"To protect against data loss, you need to backup your database regularly. What is the most cost-effective storage option that provides immediate retrieval of your backups?"
questions_missing_option_explanation,18932d7c-c6f6-4b48-8bd4-86ec3cc6c46b,Which service can you use to route traffic to the endpoint that provides the best application performance for your users worldwide?
questions_missing_option_explanation,e0e33693-2e45-4a28-99b9-e251341ad163,Why are Serverless Architectures more economical than Server-based Architectures?
questions_missing_option_explanation,25a59a9d-6653-4e52-ab0d-679235f1f9d0,Which of the below options are use cases of the Amazon Route 53 service? (Choose TWO)
questions_missing_option_explanation,137b126c-a7c0-48c4-bbcf-6c0848133c03,"You want to transfer 200 Terabytes of data from on-premises locations to the AWS Cloud, which of the following can do the job in a cost-effective way?"
questions_missing_option_explanation,b269ab6a-5395-4c7e-b3ba-58d698fb5054,You have a real-time IoT application that requires sub-millisecond latency. Which of the following services should you use?
questions_missing_option_explanation,86d2dcc5-1cf3-4f70-adf4-a86aee91023d,Which of the following can help secure your sensitive data in Amazon S3? (Choose TWO)
questions_missing_option_explanation,212fc9fa-70b7-4493-aaac-e0bfce960ba7,Which AWS service helps developers compile and test their code?
questions_missing_option_explanation,e7d0524b-057a-4e80-9fa2-297bdbc7e848,Which of the following will affect how much you are charged for storing objects in S3? (Choose TWO)
questions_missing_option_explanation,52464598-56c5-401f-a7ae-962ebd52e774,What does the Amazon CloudFront service provide? (Choose TWO)
questions_missing_option_explanation,21eefa8a-6930-4f3a-a9ba-58489531b475,You are facing a lot of problems with your current contact center. Which service provides a cloud-based contact center that can deliver a better service for your customers?
questions_missing_option_explanation,3d19d16b-b095-4d01-b010-146f0ec4bece,You have migrated your application to AWS recently. How can you view the AWS costs applied to your account?
questions_missing_option_explanation,c0bd0152-6a2d-4e7d-89e7-5b0958f108f3,Which of the following are valid Amazon EC2 Reserved Instance types? (Choose TWO)
questions_missing_option_explanation,a225bd47-2cba-49d9-ad6d-18742feb09b3,"You manage a blog on AWS that has different environments: development, testing, and production. What can you use to create a custom console for each environment to view and manage your resources easily?"
questions_missing_option_explanation,890dc2e5-85cf-4fbc-9d33-f57389752097,Which AWS service collects metrics from running EC2 instances?
questions_missing_option_explanation,a268d582-7659-494c-afa1-e7fbd16ee27f,Your web application currently faces performance issues and suffers from long load times. Which of the following AWS services could help fix these issues and improve performance?
questions_missing_option_explanation,4e280206-be60-459c-81b6-9317dcfcc81d,Which of the following compute resources are serverless? (Choose TWO)
questions_missing_option_explanation,ccf970de-9c4f-4d0e-a377-53785155d2af,"For compliance and regulatory purposes, a government agency requires that their applications must run on hardware that is dedicated to them only. How can you meet this requirement?"
questions_missing_option_explanation,1c83e8d6-e6f5-4190-8902-b5e4b0df2379,Which AWS Cost Governance best practice recommends refining workloads regularly to make the most of existing AWS resources and reduce costs?
questions_missing_option_explanation,1cd4c7bd-4b2f-4c7b-ab6f-299e49aa4f47,An organization needs to build a financial application that requires support for ACID transactions. Which AWS database service is most appropriate in this case?
questions_missing_option_explanation,4c293fee-c323-4e65-a431-76d1e8d93400,What can you use to assign permissions directly to an IAM user?
questions_missing_option_explanation,013bc72b-9381-4b12-a85e-631df3ae840f,The owner of an E-Commerce application notices that the compute capacity requirements vary heavily from time to time. What makes AWS more economical than traditional data centers for this type of application?
questions_missing_option_explanation,c6aa8313-19e8-4207-b4b2-cdf17d1aa792,Amazon RDS supports multiple database engines to choose from. Which of the following is not one of them?
questions_missing_option_explanation,30d8e64f-80b7-4c40-9256-6160c5860d27,Which of the following AWS services would help you migrate on-premise databases to AWS?
questions_missing_option_explanation,61f95f66-940b-4170-b974-78bf821add73,"For new AWS customers, what is the EASIEST way to launch a simple WordPress website on AWS?"
questions_missing_option_explanation,5f396c8a-d7db-4167-994c-cb9d622cc113,Which of the following would you use to manage your encryption keys in the AWS Cloud? (Choose TWO)
questions_missing_option_explanation,edbea0a2-deb9-400c-9d51-97ad10acb6af,Which of the following services allows you to install and run custom relational database software?
questions_missing_option_explanation,c5602e5c-958a-4f62-a3b4-078a61235ada,Your application requirements for CPU and RAM are changing in an unpredictable way. Which service can be used to dynamically adjust these resources based on load?
questions_missing_option_explanation,7d8b1f90-b6fa-4a34-a7db-d125c21eb5ae,"A company has infrastructure hosted in an on-premises data center. They currently have an operations team that takes care of identity management. If they decide to migrate to the AWS cloud, which of the following services would help them perform the same role in AWS?"
questions_missing_option_explanation,e8e68c87-b36e-4009-9736-0025efc0b5b6,What are some key design principles for designing public cloud systems? (Choose TWO)
questions_missing_option_explanation,7cbd20b6-726f-4f43-bb66-77dca0efb1c4,"Where can AWS account owners get a list of all users in their account, including the status of their AWS credentials?"
questions_missing_option_explanation,28eadee3-f386-4db0-8754-f5c1094c1581,Which of the following services enables you to easily generate and use your own encryption keys in the AWS Cloud?
questions_missing_option_explanation,09843a2e-754d-4d3d-8dda-3b3a1c87f036,You have developed a web application targeting a global audience. Which of the following will help you achieve the highest redundancy and fault tolerance from an infrastructure perspective?
questions_missing_option_explanation,3f438ade-baff-4bc8-9b4b-db433f24ac22,"For some services, AWS automatically replicates data across multiple Availability Zones to provide fault tolerance in the event of a server failure or Availability Zone outage. Select TWO services that automatically replicate data across Availability Zones."
questions_missing_option_explanation,a2a722d4-aed7-4465-915c-8c9dde96bef0,Which of the following factors affect Amazon CloudFront cost? (Choose TWO)
questions_missing_option_explanation,a62c344d-5765-4b25-ac9b-e1e2f8b643d4,What are the benefits of the AWS Marketplace service? (Choose TWO)
questions_missing_option_explanation,adc4389a-0c39-4c34-9c0c-d5a4784a057c,Which of the following resources can an AWS customer use to learn more about prohibited uses of the services offered by AWS?
questions_missing_option_explanation,58108e98-88ae-4d66-a254-513ce5c314ca,Which of the following security resources are available to any user for free? (Choose TWO)
questions_missing_option_explanation,be2f6078-3eaf-44fd-b185-0547709dac4a,How can you protect data stored on Amazon S3 from accidental deletion?
questions_missing_option_explanation,404776c9-cd46-4b51-bb10-22ac1a5dd9d2,Which of the following is the responsibility of AWS according to the AWS Shared Responsibility Model?
questions_missing_option_explanation,b1fa6489-bf52-4d57-859b-32efbf1b05f0,Which of the following AWS support plans provides access to only the seven core AWS Trusted Advisor checks?
questions_missing_option_explanation,7516c9a0-df7b-45f3-b3fa-d0e99ad0ba8a,Which of the following is NOT a benefit of using AWS Lambda?
questions_missing_option_explanation,a479ad3b-540d-48bf-bdcf-a4141eb24d15,How does AWS help customers achieve compliance in the cloud?
questions_missing_option_explanation,91c48a26-f658-437c-a06a-b0272130475e,Who is responsible for scaling a DynamoDB database in the AWS Shared Responsibility Model?
questions_missing_option_explanation,2a5b404e-1701-4eed-9f94-31050b7869ed,You are working as a web app developer. You are currently facing issues in media playback for mobile devices because your media format is not supported. Which of the following AWS services can help you convert your media into another format?
questions_missing_option_explanation,a0a176d1-9ac7-444b-8910-9d736d807690,What are the benefits of the AWS Organizations service? (Choose TWO)
questions_missing_option_explanation,8576201a-c6ae-4eae-be34-0449bd10e658,Which AWS service allows you to build a data warehouse in the cloud?
questions_missing_option_explanation,b735d844-668f-4ced-8f71-3819734b9913,What AWS service allows you to buy third-party software solutions and services that run on AWS resources?
questions_missing_option_explanation,fa4989db-e638-4ff8-ac35-6b897e507f3e,"Which of the following services is an AWS repository management system that allows for storing, versioning, and managing your application code?"
questions_missing_option_explanation,9c2a6dad-357a-42d7-bc55-17808a6c3b3a,Which AWS service can be used to route end users to the nearest AWS Region to reduce latency?
questions_missing_option_explanation,d91040ae-7519-41db-90b5-5fa2b5e61bf7,Which feature enables users to sign into their AWS accounts with their existing corporate credentials?
questions_missing_option_explanation,26e1d574-2bda-412a-9117-be4fa4fe19d0,"According to the AWS shared responsibility model, what are the controls that customers fully inherit from AWS? (Choose TWO)"
questions_missing_option_explanation,255f5e14-c8ab-43eb-9e38-cc9b27f73f58,What can you access by visiting the URL: http://status.aws.amazon.com?
questions_missing_option_explanation,090cc914-6301-488c-a576-c23fb06f3248,Which of the following procedures can reduce latency when your end users are retrieving data? (Choose TWO)
questions_missing_option_explanation,2c3b8131-35e2-4cc0-9f7e-b122b3463e4e,Which of the following are part of the seven design principles for security in the cloud? (Choose TWO)
questions_missing_option_explanation,b240590f-01d6-42ed-949d-b888c66a7b95,Which of the following AWS Support Plans gives you 24/7 access to Cloud Support Engineers via email & phone? (Choose TWO)
questions_missing_option_explanation,a94f2164-268c-4d39-bad9-373345dcca79,"A company is migrating production workloads to AWS, and they are concerned about cost management across different departments. Which option should the company implement to categorize and track AWS spending?"
questions_missing_option_explanation,da5b5a38-0243-45c6-a59f-869bd17d9074,What is the main benefit of attaching security groups to an Amazon RDS instance?
questions_missing_option_explanation,3f216701-4d28-42b1-a459-5c2ed8a9ed1f,"A company wants to use Amazon Elastic Container Service (Amazon ECS) to run its containerized applications. For compliance reasons, the company wants to retain complete visibility and control over the underlying server cluster. Which Amazon ECS launch type will satisfy these requirements?"
questions_missing_option_explanation,6b62e8c2-edbd-4a51-a395-4f8cc1403f5b,You have multiple standalone AWS accounts and you want to decrease your AWS monthly charges. What should you do?
questions_missing_option_explanation,929a65fd-2136-4465-aca8-76ae7e10fc9a,"You have been tasked with auditing the security of your VPC. As part of this process, you need to start by analyzing what inbound and outbound traffic is allowed on your EC2 instances. What two parts of the VPC do you need to check to accomplish this task?"
questions_missing_option_explanation,2e53b9f0-ba1e-4fe5-8adf-2979fd55459b,What does the AWS 'Business' support plan provide? (Choose TWO)
questions_missing_option_explanation,010d8f60-2224-4967-bb1c-941a0e982cf5,You have just finished writing your application code. Which service can be used to automate the deployment and scaling of your application?
questions_missing_option_explanation,84fb2fa4-7cbe-49ec-be2d-aec12fe1f947,Which statement is true in relation to security in AWS?
questions_missing_option_explanation,2c648fc1-bd4c-4b37-93bd-153adb465497,"Amazon EC2 instances are conceptually very similar to traditional servers. However, using Amazon EC2 server instances in the same manner as traditional hardware server instances is only a starting point. What are the main benefits of using the AWS EC2 instances instead of traditional servers? (Choose TWO)"
questions_missing_option_explanation,cb4ffec3-b014-42e5-be45-f91dfbf776c2,Which statement is true regarding AWS pricing? (Choose TWO)
questions_missing_option_explanation,111f849c-ff12-424e-b06c-86b0d44f44e0,"Which AWS service provides the EASIEST way to set up and manage a secure, well-architected, multi-account AWS environment?"
questions_missing_option_explanation,5f7a9ea3-e6e5-4381-b58b-bb4e732fb27c,A company is running a large web application that needs to always be available. The application tends to slow down when CPU usage is greater than 60%. How can they track when CPU usage goes above 60% for any of the EC2 Instances in their account?
questions_missing_option_explanation,5324754f-0a3d-46a7-8dcf-d64b081d2ed4,What is the recommended storage option when hosting an often-changing database on an Amazon EC2 instance?
questions_missing_option_explanation,64312a16-5208-4f96-b464-14a2d4ea71cf,"You are working as a site reliability engineer (SRE) in an AWS environment, which of the following services helps monitor your applications?"
questions_missing_option_explanation,c17625fd-7e37-4f79-962e-588105f02afe,What factors determine how you are charged when using AWS Lambda? (Choose TWO)
questions_missing_option_explanation,21ce0be7-1a0d-4654-9808-fdcecb2fa2f5,What are the main differences between an IAM user and an IAM role in AWS? (Choose TWO)
questions_missing_option_explanation,5a20b97b-b2d3-4e83-9cfa-4b15744589ef,Which of the following actions may reduce Amazon EBS costs? (Choose TWO)
questions_missing_option_explanation,dd3cab70-f2fe-4643-bf26-9b5db0f3c9ee,What does Amazon GuardDuty do to protect AWS accounts and workloads?
questions_missing_option_explanation,45f5e1cc-af7c-4c20-9628-d089c45dcc27,Which database service should you use if your application and data schema require 'joins' or complex transactions?
questions_missing_option_explanation,f74f3b58-e4d0-44ac-acf4-e110ed72bce9,"Which of the following makes it easier for you to categorize, manage and filter your resources?"
questions_missing_option_explanation,255527c1-bf2a-4e88-9424-ed5531e502e2,What should you consider when storing data in Amazon Glacier?
questions_missing_option_explanation,488762fc-22c9-4ddc-b49d-427f93df968f,Engineers are wasting a lot of time and effort managing batch computing software in traditional data centers. Which of the following AWS services allows them to easily run thousands of batch computing jobs?
questions_missing_option_explanation,ab0b6a33-19b7-4bcb-87d0-3d6eb188273a,How can you increase your application's fault-tolerance while it is being hosted in AWS?
questions_missing_option_explanation,1fffe5a7-b797-4a1e-ad94-f7adebeab4db,Which of the following requires an access key ID and a secret access key to get long-lived programmatic access to AWS resources? (Choose TWO)
questions_missing_option_explanation,e39f5552-3e30-4b79-8e0f-4de2da12d35e,Which of the following is a benefit of the 'Loose Coupling' architecture principle?
questions_missing_option_explanation,54a860bd-591e-40fd-bcee-c7e75a56df8b,A company needs to host a big data application on AWS using EC2 instances. Which of the following AWS Storage services would they choose to automatically get high throughput to multiple compute nodes?
questions_missing_option_explanation,9c3c6114-4432-45a9-9656-fc8c5b10dfe0,Which of the following Cloud Computing deployment models eliminates the need to run and maintain physical data centers?
questions_missing_option_explanation,b7032713-31bb-4292-8559-958869ab3b2f,What is the benefit of Amazon EBS volumes being automatically replicated within the same availability zone?
questions_missing_option_explanation,bfd83bf7-b487-4485-9460-cc95cedf4ea4,"You are planning to launch an advertising campaign over the coming weekend to promote a new digital product. It is expected that there will be heavy spikes in load during the campaign period, and you can't afford any downtime. You need additional compute resources to handle the additional load. What is the most cost-effective EC2 instance purchasing option for this job?"
questions_missing_option_explanation,52623815-c05e-46c9-9b96-decfe94db442,Which of the following AWS services integrates with AWS Shield and AWS Web Application Firewall (AWS WAF) to protect against network and application layer DDoS attacks?
questions_missing_option_explanation,70453391-74bd-46ea-9d0d-51042b0a1564,Which of the following services is used when encrypting EBS volumes?
questions_missing_option_explanation,ee7e8566-5ef6-48bc-9f44-9e3c0d14a9c1,"The AWS account administrator of your company has been fired. With the permissions granted to him as an administrator, he was able to create multiple IAM user accounts and access keys. Additionally, you are not sure whether he has access to the AWS root account or not. What should you do immediately to protect your AWS infrastructure? (Choose TWO)"
questions_missing_option_explanation,c0fe60f6-62f9-406f-b5bd-ee2b43be2147,What is the Amazon ElastiCache service used for? (Choose TWO)
questions_missing_option_explanation,10de1c7a-2133-4e26-9e4e-7df85e85bbe5,The elasticity of the AWS Cloud enables customers to save costs when compared to traditional hosting providers. What can AWS customers do to benefit from the elasticity of the AWS Cloud? (Choose TWO)
questions_missing_option_explanation,8005dc87-2b92-4619-8f1f-b4ce16676590,What are some of the benefits of using On-Demand EC2 instances? (Choose TWO)
questions_missing_option_explanation,1fab7b0b-1a8c-45bf-87df-2399c838f611,Each AWS Region is composed of multiple Availability Zones. Which of the following best describes what an Availability Zone is?
questions_missing_option_explanation,629a5c8f-28dc-4292-bef5-234459e9afa4,AWS provides disaster recovery capability by allowing customers to deploy infrastructure into multiple [...].
questions_missing_option_explanation,bc88057f-a84a-4ac0-987f-49350b7e2a22,"A financial services company decides to migrate one of its applications to AWS. The application deals with sensitive data, such as credit card information, and must run on a PCI-compliant environment. Which of the following is the company's responsibility when building a PCI-compliant environment in AWS? (Choose TWO)"
questions_missing_option_explanation,48d676d0-13cc-4e4d-9844-6b5092204d81,What is the maximum amount of data that can be stored in S3 in a single AWS account?
questions_missing_option_explanation,3b6366c0-b3c7-4e07-8f29-ff76ea0b47bf,Which pillar of the AWS Well-Architected Framework provides recommendations to help customers select the right compute resources based on workload requirements?
questions_missing_option_explanation,096764bc-54d9-47f2-a17a-e469f1c56702,"Which AWS service delivers data, videos, applications, and APIs to users globally with low latency and high transfer speeds?"
questions_missing_option_explanation,8c4c3d6d-2b02-4646-8fb6-7dcf725ffec8,Which of the following steps should be taken by a customer when conducting penetration testing on AWS?
questions_missing_option_explanation,be687c20-c01f-4679-a4a9-67446a341d31,Which AWS Cost Management tool allows you to view the most granular data about your AWS bill?
questions_missing_option_explanation,50581e36-461b-4a05-af31-257a9405c4e9,Which element of the AWS global infrastructure consists of one or more discrete data centers each with redundant power networking and connectivity which are housed in separate facilities?
questions_missing_option_explanation,297d8835-72d0-4c09-a06a-88546ed22f3b,How many Availability Zones should compute resources be provisioned across to achieve high availability?
questions_missing_option_explanation,9431f6c1-5d1f-42f3-a6b1-afcbd02bb0be,The AWS Cloud's multiple Regions are an example of:
questions_missing_option_explanation,2e00cc90-a0b6-4ab1-b63c-55a53dc9e861,Which AWS service can be used to manually launch instances based on resource requirements?
questions_missing_option_explanation,047affdd-d07e-4093-adff-54e81d558518,Which is a recommended pattern for designing a highly available architecture on AWS?
questions_missing_option_explanation,a345e410-bf4a-4f05-a35c-fd544e88f536,Which AWS characteristics make AWS cost effective for a workload with dynamic user demand? (Select TWO)
questions_missing_option_explanation,7f39b112-15c6-4ad4-9548-793a916b0d27,An administrator needs to rapidly deploy a popular IT solution and start using it immediately. Where can the administrator find assistance?
questions_missing_option_explanation,7a1f558a-e4da-45fc-a674-e14e31f7e909,What is one of the advantages of the Amazon Relational Database Service (Amazon RDS)?
questions_missing_option_explanation,9631efce-f206-4d2a-8f45-9c4b2da6a32e,Which of the following AWS Cloud services can be used to run a customer-managed relational database?
questions_missing_option_explanation,64a9d1f7-9816-408d-98ac-5fbe8d66e70a,A user is planning to launch two additional Amazon EC2 instances to increase availability. Which action should the user take?
questions_missing_option_explanation,21a0684e-8e2e-4757-9716-3aa5c65badd2,Which of the following can limit Amazon Storage Service (Amazon S3) bucket access to specific users?
questions_missing_option_explanation,5cea5d26-6948-41a6-961c-54c09fc7951e,Which AWS service allows companies to connect an Amazon VPC to an on-premises data center?
questions_missing_option_explanation,1f1154fb-ca91-4b03-ab71-42b74b5da03c,Which AWS service of feature can be used to monitor CPU usage?
questions_missing_option_explanation,5d446d3d-1f54-4a4f-9b6f-66fb05c8f55a,Which task is AWS responsible for in the shared responsibility model for security and compliance?
questions_missing_option_explanation,5ee4fb6f-43df-4b1a-b0ee-ed587969da2c,Which of the following security-related actions are available at no cost?
questions_missing_option_explanation,da2c61c5-c61d-4e19-88d8-da24a30feda1,Which storage service can be used as a low-cost option for hosting static websites?
questions_missing_option_explanation,45ee9cf0-11da-4655-9809-7c7c7602ebd3,According to the AWS shared responsibility model what is the sole responsibility of AWS?
questions_missing_option_explanation,89c0e7cd-39ca-4289-944a-9c5d8deb847c,Which of the following are pillars of the AWS Well-Architected Framework? (Select TWO)
questions_missing_option_explanation,e9f4f6ad-38c1-42bb-97ef-91fb1a0fbb52,Which AWS service identifies security groups that allow unrestricted access to a user's AWS resources?
questions_missing_option_explanation,690e8084-062d-4513-ac71-7ede34d065f8,Which design principles for cloud architecture are recommended when re-architecting a large monolithic application? (Select TWO)
questions_missing_option_explanation,1d44fdfd-c31a-4153-ad7f-a2952eeaff51,"When architecting cloud applications, which of the following are a key design principle?"
questions_missing_option_explanation,c2f1b986-88c2-48e3-b652-8fb61fc4489f,A company has deployed several relational databases on Amazon EC2 instances Every month the database software vendor releases new security patches that need to be applied to the databases. What is the MOST efficient way to apply the security patches?
questions_missing_option_explanation,3ba4080d-7915-4c90-94b8-2b4baf6a67c8,Which mechanism allows developers to access AWS sendees from application code?
questions_missing_option_explanation,77367cbd-2022-45f0-aa60-eb161788d8b3,Which AWS feature will reduce the customer's total cost of ownership (TCO)?
questions_missing_option_explanation,71defe18-8846-41ec-836a-a39294e624b7,Which of the following is a benefit of using the AWS Cloud?
questions_missing_option_explanation,6c11f6cb-2877-4443-a7d8-76122e779070,Which of the following are categories of AWS Trusted Advisor? (Select TWO)
questions_missing_option_explanation,f2a65296-127d-4c92-a964-b1fee3c3e3e1,What is Amazon CloudWatch?
questions_missing_option_explanation,2d5d6891-c8f8-4588-8e9f-8508fbb69fc7,"Under the AWS shared responsibility model, which of the following activities are the customer's responsibility? (Select TWO)"
questions_missing_option_explanation,ac84abea-68ab-4422-9fdf-a65246498b94,"Under the shared responsibility model, which of the following is a shared control between a customer and AWS?"
questions_missing_option_explanation,eb20c3a6-15f0-410e-a4d2-4556bafda87e,"Which AWS service is used to pay AWS bills, and monitor usage and budget costs?"
questions_missing_option_explanation,9b8af8f2-5998-41af-8fb7-a3507e037b7c,How do customers benefit from Amazon's massive economies of scale?
questions_missing_option_explanation,41ea6245-2a96-4dc8-a615-d7714121a673,Access keys in AWS Identity and Access Management (IM1) are used to:
questions_missing_option_explanation,bac3bdbb-2c04-41df-8ffb-899039379dc5,Which AWS feature allows a company to take advantage of usage tiers for services across multiple member accounts?
questions_missing_option_explanation,e5c2338b-2582-4920-a1cb-644a88c79628,Which AWS services provide a way to extend an on-premises architecture to the AWS cloud? (Select TWO)
questions_missing_option_explanation,e91e0b1e-9e87-4e8b-b26d-7e31fd5acb1a,Which of the following services will automatically scale with an expected increase in web traffic?
questions_missing_option_explanation,7be61ff5-d671-482b-bd8e-eefdac358cb2,Which service provides a virtually unlimited amount of online highly durable object storage?
questions_missing_option_explanation,be748430-0c5c-49ad-89fc-ba901df7432f,Which AWS feature should a customer leverage to achieve high availability of an application?
questions_missing_option_explanation,fb5550a1-5b0d-4ebf-82c5-dd9d98164132,Which AWS service or feature can enhance network security by blocking requests from a particular network for a web application on AWS? (Select TWO)
questions_missing_option_explanation,960739bb-e822-4a2d-a260-e877ecd352d2,Which of the following is a cloud architectural design principle?
questions_missing_option_explanation,aa00d07e-7e38-4b98-8c58-9b28326a5ad8,"Which service enables risk auditing by continuously monitoring and logging account activity, including user actions in the AWS Management Console and AWS SDKs?"
questions_missing_option_explanation,174265b3-7114-4e0d-a8b5-3de99649b061,Where can AWS compliance and certification reports be downloaded?
questions_missing_option_explanation,aad63c35-ab0e-47e3-a68e-2cdda9de9a28,The financial benefits of using AWS are: (Select TWO)
questions_missing_option_explanation,6497e8c5-c4d4-41f8-9106-f7da243b5311,Which AWS service can serve a static website?
questions_missing_option_explanation,ceffe600-f88b-4bf6-bf05-d48d5590a5f8,What are the benefits of using the AWS Cloud for companies with customers in many countries around the world (Select TWO)
questions_missing_option_explanation,3d7e00bb-26f9-4aa1-8e8c-626e0de41c9f,Which of the following are main components of the AWS global infrastructure? (Select TWO)
questions_missing_option_explanation,65d464be-8b80-4e76-b6e1-098e68a44a83,What is the AWS customer responsible for according to the AWS shared responsibility model?
questions_missing_option_explanation,36db1356-3f6c-4a1b-8c4a-361f7730e382,"If each department within a company has its own AWS account, what is one way to enable consolidated billing?"
questions_missing_option_explanation,998d0a1d-db74-4c09-9adc-b23afa1304bb,What costs are included when comparing AWS Total Cost of Ownership (TCO) with on-premises TCO?
questions_missing_option_explanation,7daec57f-feec-4f6f-a5fd-2fac5f3767b8,"What is the benefit of using AWS managed services, such as Amazon ElastiCache and Amazon Relational Database Service (Amazon RDS)?"
questions_missing_option_explanation,6b33a65e-f4b0-4c1d-bc26-59a8ac69889d,Which services can be used across hybrid AWS Cloud architectures? (Select TWO)
questions_missing_option_explanation,f2a1eff9-ac54-4c38-9850-b17bae2f4365,Which statement best describes Elastic Load Balancing?
questions_missing_option_explanation,6bb51f91-ac73-4dd0-a3c0-21b3edb64ab1,Which of the following is a fast and reliable NoSQL database service?
questions_missing_option_explanation,e892ca29-4cdf-4c0b-ac2c-521286835519,Which AWS service would you use to obtain compliance reports and certificates?
questions_missing_option_explanation,0f7b1432-c31f-4c74-a7e3-cc8f130e10b5,Which AWS services are defined as global instead of regional? (Select TWO)
questions_missing_option_explanation,bf8a8bd4-428e-40c3-b410-1e7bdc8ed3ea,How would an AWS customer easily apply common access controls to a large set of users?
questions_missing_option_explanation,291e40aa-8976-45d8-a065-da9b6d1a815d,Which of the following is an important architectural design principle when designing cloud applications?
questions_missing_option_explanation,df778c3b-a7a1-44c2-8e67-ac984f5e49b5,Which service allows a company with multiple AWS accounts to combine its usage to obtain volume discounts?
questions_missing_option_explanation,1c170c93-5f15-4e2a-9591-e05bca7b2711,Which AWS service can be used to query stored datasets directly from Amazon S3 using standard SQL?
questions_missing_option_explanation,0c64b5fe-1fff-40a1-84b9-6f2e56aa7662,Which of the following can an AWS customer use to launch a new Amazon Relational Database Service (Amazon RDS) cluster? (Select TWO)
questions_missing_option_explanation,29cccf25-af6d-4729-8f3b-90465e3a630a,Which of the following Reserved Instance (RI) pricing models provides the highest average savings compared to On-Demand pricing?
questions_missing_option_explanation,7ae118ef-5cee-4d61-8b14-948f30fa2e19,Which of the following are features of Amazon CloudWatch Logs? (Select TWO)
questions_missing_option_explanation,8f401e18-a5f5-4c62-9687-1a67a62588a7,Which of the following is an AWS-managed compute service?
questions_missing_option_explanation,ac9130de-83a5-4923-8e0a-3aa3b724f889,A company wants to reduce the physical compute footprint that developers use to run code. Which service would meet that need by enabling serverless architectures?
questions_missing_option_explanation,a02a78ab-ba66-4507-bceb-3a5ac5d3b9e3,Which of the following is the customer's responsibility under the AWS shared responsibility model?
questions_missing_option_explanation,fb538cc9-1310-4b99-95c8-3c7a69c3775b,According to the AWS shared responsibility model who is responsible for configuration management?
questions_missing_option_explanation,441261b1-8fb8-4e2c-9eab-06dc9e4cd0b1,Which security service automatically recognizes and classifies sensitive data or intellectual property on AWS?
questions_missing_option_explanation,f90f0b27-5049-41ba-981b-be124b2714ce,Which of the following BEST describe the AWS pricing model? (Select TWO)
questions_missing_option_explanation,2469ffef-4b4d-4576-aacf-9d0b54243dbe,"Under the shared responsibility model, which of the following tasks are the responsibility of the AWS customer? (Select TWO)"
questions_missing_option_explanation,32073a31-b958-42e2-90dd-042ec117f8f4,A customer is using multiple AWS accounts with separate billing. How can the customer take advantage of volume discounts with minimal impact to the AWS resources?
questions_missing_option_explanation,34aceff4-1ff4-4e53-9434-4eaf412e39d8,Which Amazon EC2 pricing model offers the MOST significant discount when compared to OnDemand Instances?
questions_missing_option_explanation,e4c1031f-84ed-4c1b-bc50-b382b39d2e0e,Which AWS services should be used for read/write of constantly changing data? (Select TWO)
questions_missing_option_explanation,e9e216a7-f481-45b0-887e-711c604ba559,Which AWS service allows users to identify the changes made to a resource over time?
questions_missing_option_explanation,49668932-a0c7-415b-bc41-739c4ba4668d,"According to best practices, how should an application be designed to run in the AWS Cloud?"
questions_missing_option_explanation,4b529823-0186-46b7-96fd-db73a778a86a,Which benefits are included with the AWS Business Support plan? (Select TWO)
questions_missing_option_explanation,1dbd0feb-209d-4775-be3a-29f4bfc56c5c,Which of the following is an AWS managed Domain Name System (DNS) web service?
questions_missing_option_explanation,d7e49495-ca24-4dbf-9e8a-dced591916dd,A user must meet compliance and software licensing requirements that state a workload must be hosted on a physical server. When Amazon EC2 instance pricing option will meet these requirements?
questions_missing_option_explanation,d1c436a8-6718-41cf-a35d-c8ef13c074d8,Which of the Reserved Instance (RI) pricing models can change the attributes of the RI as long as the exchange results in the creation of RIs of equal or greater value?
questions_missing_option_explanation,1ceb0592-095d-442e-a27a-bc10a936704d,"Which service is best for storing common database query results, which helps to alleviate database access load?"
questions_missing_option_explanation,aabe8b78-224e-4e1b-9bda-41cdd3679d9e,When should a company consider using Amazon EC2 Spot Instances? (Select TWO)
questions_missing_option_explanation,d424b83b-a5b5-428d-95f1-30886483271b,Which AWS tools assist with estimating costs? (Select three)
questions_missing_option_explanation,3dc41171-3f19-45d2-a989-67babf13d755,A company wants to focus on business activities instead of managing compute and capacity. Which AWS service can be used to automatically add or remove Amazon EC2 instances based on demand?
questions_missing_option_explanation,a8da4b4b-a6c8-4516-81b1-788c2116ad3d,Which is the minimum AWS Support plan that includes Infrastructure Event Management without additional costs?
questions_missing_option_explanation,b97d7c8c-a545-493d-8f01-2b26be66494c,Which AWS services can be used to gather information about AWS account activity? (Select TWO)
questions_missing_option_explanation,e8c903ff-e2ca-4657-83d9-c3496f2330ba,Which of the following are characteristics of Amazon S3? (Select TWO)
questions_missing_option_explanation,c914cf97-9cf9-41a5-843c-0f59c2e0d348,A user wants guidance on possible savings when migrating from on-premises to AWS. Which tool is suitable for this scenario?
questions_missing_option_explanation,8bec81b4-f426-451b-873f-351f86089092,Which of the following services is in the category of AWS serverless platform?
questions_missing_option_explanation,12d3cf17-d4a6-4f88-a007-a287e7c3a06e,The use of what AWS feature or service allows companies to track and categorize spending on a detailed level?
questions_missing_option_explanation,f6c643bc-bac5-4252-a645-a6beb42d3122,Which of the following inspects AWS environments to find opportunities that can save money for users and also improve system performance?
questions_missing_option_explanation,91b97de2-e7bc-441c-aa7d-23ca7c54e82e,Web servers running on Amazon EC2 access a legacy application running in a corporate data center. What term would describe this model?
questions_missing_option_explanation,18a2170e-fd24-4a79-a0e7-91e69346825e,What technology enables compute capacity to adjust as loads change?
questions_missing_option_explanation,4482d50a-c52c-4b1b-a1ab-dbc814b0cd76,Which AWS service is a managed NoSQL database?
questions_missing_option_explanation,59a6a8cb-6744-482d-bc32-67fde5b70eef,"Which of the following is a correct relationship between regions, Availability Zones, and edge locations?"
questions_missing_option_explanation,e75baadf-ff3f-481c-9115-49ce1e459546,What approach to transcoding a large number of individual video files adheres to AWS architecture principles?
questions_missing_option_explanation,7e71b319-6652-4bca-979d-4bc3dbd76ef5,Which AWS services can host a Microsoft SQL Server database? (Select TWO)
questions_missing_option_explanation,fd0ba33a-d31d-4f2c-b4d0-05cfb1fdce61,Which AWS IAM feature allows developers to access AWS services through the AWS CLI?
questions_missing_option_explanation,e8b679f1-ff50-4c08-a93d-1a84f8b61a10,The user is fully responsible for which action when running workloads on AWS?
questions_missing_option_explanation,7be6d1c1-2cda-42b6-80a1-f25e0803b820,Which AWS support plan includes a dedicated Technical Account Manager?
questions_missing_option_explanation,ee50dd6b-ecdb-4a0f-a6d2-850bcece39fc,What time-savings advantage is offered with the use of Amazon Rekognition?
questions_missing_option_explanation,fb09386f-d807-4592-b63d-a365a92182c4,Which AWS service can be used to automatically scale an application up and down without making capacity planning decisions?
questions_missing_option_explanation,4350cce8-d4f6-4191-961a-7bf546c669af,Amazon Relational Database Service (Amazon RDS) offers which of the following benefits over traditional database management?
questions_missing_option_explanation,d68b406b-586d-4695-8d8c-fa0b02fcb800,A company's web application currently has light dependencies on underlying components so when one component fails the entire web application fails. Applying which AWS Cloud design principle will address the current design issue?
questions_missing_option_explanation,2a346aea-5e86-4d5e-8890-8aabe6c833e7,A customer would like to design and build a new workload on AWS Cloud but does not have the AWS-related software technical expertise in-house. Which of the following AWS programs can a customer take advantage of to achieve that outcome?
questions_missing_option_explanation,80cda988-13d3-431b-8a8c-90c21f627006,"Which service stores objects, provides real-time access to those objects, and offers versioning and lifecycle capabilities?"
questions_missing_option_explanation,1c88d5da-9e43-4c6d-b170-5c63318dad84,Distributing workloads across multiple Availability Zones supports which cloud architecture design principle?
questions_missing_option_explanation,bcb73f79-fb6b-4953-96ee-b9824d6ea493,Which service should a customer use to consolidate and centrally manage multiple AWS accounts?
questions_missing_option_explanation,7a5fa5ba-d5dd-438a-8baa-3502fd509e39,How can a company reduce its Total Cost of Ownership (TCO) using AWS?
questions_missing_option_explanation,0eb82f36-c899-493d-9352-846d5a05835d,Which options does AWS make available for customers who want to learn about security in the cloud in an instructor-led setting? (Select TWO)
questions_missing_option_explanation,638e15fc-a606-481b-9fa7-ed45dcc9bbbb,Which of the following will enhance the security of access to the AWS Management Console'? (Select TWO)
questions_missing_option_explanation,2678726a-0f04-47e5-8d18-9fc84d2bd618,Which of the following features can be configured through the Amazon Virtual Private Cloud (Amazon VPC) Dashboard? (Select TWO)
questions_missing_option_explanation,9541f473-42cd-42f3-b999-92ef281ef704,For which auditing process does AWS have sole responsibility?
questions_missing_option_explanation,a471470c-ad8e-4e53-9aee-22479fab9319,Which of the following are advantages of AWS consolidated billing? (Select TWO)
questions_missing_option_explanation,a0430de4-0984-4ecb-b26b-53fce4e56e8e,Which of the following common IT tasks can AWS cover to free up company IT resources? (Select TWO)
questions_missing_option_explanation,fa73812d-b1ed-4b3d-b3f6-90bab3d5c746,A company wants to expand from one AWS Region into a second AWS Region. What does the company need to do to start supporting the new Region?
questions_missing_option_explanation,665bb5ae-f267-4463-836a-5055cd80c247,Why is it beneficial to use Elastic Load Balancers with applications?
questions_missing_option_explanation,5d57ddb8-646c-4b70-ba1a-221f7df0bdc7,Which is the MINIMUM AWS Support plan that allows for one-hour target response time for support cases?
questions_missing_option_explanation,a0721161-dd98-4cee-8c25-99350ce65974,"What is the lowest-cost, durable storage option for retaining database backups for immediate retrieval?"
questions_missing_option_explanation,6232f104-5da9-4d37-b271-db995c00cbc9,What AWS team assists customers with accelerating cloud adoption through paid engagements in any of several specialty practice areas?
questions_missing_option_explanation,b170cd1e-30a2-4671-a110-869b6fbd7935,A company needs 24/7 phone email and chat access with a response time of less than 1 hour if a production system has a service interruption. Which AWS Support plan meets these requirements at the LOWEST cost?
questions_missing_option_explanation,68645364-5a8c-431d-b016-69ba8b252dcc,"If a customer needs to audit the change management of AWS resources, which of the following AWS services should the customer use?"
questions_missing_option_explanation,4b3faee6-1071-4e51-bd2f-1c62fa5cc956,How does AWS Trusted Advisor provide guidance to users of the AWS Cloud? (Select TWO)
questions_missing_option_explanation,e50506d4-f634-4c60-95fb-3f6bd19d703b,Which AWS managed service is used to host databases?
questions_missing_option_explanation,50cb8118-a53b-42b9-ad3c-e07b12b04a19,Which of the following Identity and Access Management (IAM) entities is associated with an access key ID and secret access key when using AWS Command Line Interface (AWS CLI)?
questions_missing_option_explanation,a65682d6-538b-4c57-bab5-6242ea0f27c2,"Under the shared responsibility model, which of the following is the customer responsible for?"
questions_missing_option_explanation,c92b5d4c-9f22-4d1e-9677-2ada6ebfcfec,Which AWS service provides a simple and scalable shared file storage solution for use with Linux-based AWS and on-premises servers?
questions_missing_option_explanation,1e20774c-6f67-4143-b077-eff997c8c886,What credential components are required to gain programmatic access to an AWS account? (Select TWO)
questions_missing_option_explanation,ce266398-b2c1-4f79-a03f-1c11b2fff8a5,Which of the following is a shared control between the customer and AWS?
questions_missing_option_explanation,4d6c321e-6575-4ab6-96c4-0b861160a2fc,Which type of AWS storage is ephemeral and is deleted when an instance is stopped Of terminated?
questions_missing_option_explanation,573f33da-f758-4d2a-8c71-f540e1cb2d69,Which of the following is an advantage of consolidated billing on AWS?
questions_missing_option_explanation,2c5999b7-9928-4f5b-99cb-e8a899fc3f9d,Which services are parts of the AWS serverless platform?
questions_missing_option_explanation,d590c019-b1fb-42c5-bfbd-a2dc7f6257d5,Which of the following Amazon EC2 pricing models allow customers to use existing server-bound software licenses?
questions_missing_option_explanation,32af0e53-3ee7-4593-9b26-44b98fbbbf46,Which of the following security measures protect access to an AWS account? (Select TWO)
questions_missing_option_explanation,68ab3e13-4c55-4798-af34-d7d1bf38e4e4,Which AWS service provides the ability to manage infrastructure as code?
questions_missing_option_explanation,3aa7c102-b75a-4141-9fad-d777977ac9a1,What is an advantage of deploying an application across multiple Availability Zones?
questions_missing_option_explanation,cdf6b5ef-99f2-4f40-bfe5-8a8750eb63a8,A customer needs to run a MySQL database that easily scales. Which AWS service should they use?
questions_missing_option_explanation,ff05448d-672c-4e4d-a833-b7011c0a5668,Which of the following is an AWS Cloud architecture design principle?
questions_missing_option_explanation,e883f9f5-8445-4362-934d-4513c72a903c,AWS Enterprise Support users have access to which service or feature that is not available to users with other AWS Support plans?
questions_missing_option_explanation,b5334cc0-f533-4936-a129-62381730cfa3,A company will be moving from an on-premises data center to the AWS Cloud. What would be one financial difference after the move?
questions_missing_option_explanation,65e350e6-af59-44f5-9d96-4c7fcaafb5d9,"When performing a cost analysis that supports physical isolation of a customer workload, which compute hosting model should be accounted for in the Total Cost of Ownership (TCO)?"
questions_missing_option_explanation,f05e4cb2-e55a-47eb-9e34-fcec21b9172c,"Which AWS service should be used for long-term, low-cost storage of data backups?"
questions_missing_option_explanation,9b99e628-1baf-4de6-8dc6-6a48a88842bf,Which is the MINIMUM AWS Support plan that provides technical support through phone calls?
questions_missing_option_explanation,c7870b5c-214c-4f39-937b-ba3521267079,Which Amazon EC2 instance pricing model can provide discounts of up to 90%?
questions_missing_option_explanation,685b4159-8297-4bf1-86bd-7019fd0e155c,Which of the following AWS services can be used to serve large amounts of online video content with the lowest possible latency? (Select TWO)
questions_missing_option_explanation,1424b5e0-f936-4548-b8c0-a7dce198974c,What can AWS edge locations be used for? (Select TWO)
questions_missing_option_explanation,34de5cec-2f38-4acd-9b4f-eedb885cf7f9,A company is planning to migrate from on-premises to the AWS Cloud. When AWS tool or service provides detailed reports on estimated cost savings after migration?
questions_missing_option_explanation,572cae4d-63b9-491c-82ec-e0ed9997c3ab,Which AWS service provides a customized view of the health of specific AWS services that power a customer's workloads running on AWS?
questions_missing_option_explanation,ad83f716-ba3b-4ad6-b225-5a1b4777780c,One of the advantages to moving infrastructure from an on-premises data center to the AWS Cloud is:
questions_missing_option_explanation,6384d5c0-0c9b-4635-9128-152bc871ac4e,How can an AWS user with an AWS Basic Support plan obtain technical assistance from AWS?
questions_missing_option_explanation,421eea56-f6e2-42d0-81fe-765e7fcdb48c,How can a user protect against AWS service disruptions if a natural disaster affects an entire geographic area?
questions_missing_option_explanation,342ff27f-8b43-4029-af21-94d1be6cbf19,Which activity is a customer responsibility in the AWS Cloud according to the AWS shared responsibility model?
questions_missing_option_explanation,f0ec822d-bee0-495a-8422-36019b7f904c,In which scenario should Amazon EC2 Spot Instances be used?
questions_missing_option_explanation,f1ad499c-c361-4bda-a59d-7287d4eaa50a,A customer is deploying a new application and needs to choose an AWS Region. Which of the following factors could influence the customer's decision? (Select TWO)
questions_missing_option_explanation,8c463e53-5acd-43be-992f-7a8379fc6558,Which AWS service provides alerts when an AWS event may impact a company's AWS resources?
questions_missing_option_explanation,f019c52a-99dd-4140-a508-c02e4e8c5d26,Which disaster recovery scenario offers the lowest probability of down time?
questions_missing_option_explanation,15d5771a-c787-4557-9882-4d25899048e6,Which service's PRIMARY purpose is software version control?
questions_missing_option_explanation,98ff60df-bc6a-44fc-9364-769608af4a52,How can a customer increase security to AWS account logons? (Select TWO)
questions_missing_option_explanation,281b2c54-f820-4464-9102-46aecc31526a,Which of the following components of the AWS Global Infrastructure consists of one or more discrete data centers interconnected through low latency links?
questions_missing_option_explanation,dfdb86da-3d1f-49f5-a762-c2f1a8fa943e,One benefit of On-Demand Amazon Elastic Compute Cloud (Amazon EC2) pricing is:
questions_missing_option_explanation,333c7555-6445-44df-81ff-6e0c70ac1764,What can assist in evaluating an application for migration to the cloud? (Select TWO)
questions_missing_option_explanation,2c13b150-aeec-4ad6-80ab-60e62fe35905,A characteristic of edge locations is that they:
questions_missing_option_explanation,c40a3f6c-e1d1-437b-b06e-5076c48b8670,Which of the following are valid ways for a customer to interact with AWS services? (Select TWO)
questions_missing_option_explanation,e103f2f5-cc70-4748-bae8-dbea0c269067,What is a value proposition of the AWS Cloud?
questions_missing_option_explanation,25b03ae9-b57f-487a-a28d-b8a18cda6d52,A company is migrating an application that is running non-interruptible workloads for a three-year time frame. Which pricing construct would provide the MOST cost-effective solution?
questions_missing_option_explanation,2d6c0485-1f79-45a0-9c7c-bf8324df60ec,"Which AWS service is used to track record, and audit configuration changes made to AWS resources?"
questions_missing_option_explanation,a64f1190-2682-4155-9482-aeb2aefab5c2,Which feature of the AWS Cloud will support an international company's requirement for low latency to all of its customers?
questions_missing_option_explanation,42c4844c-e303-40a1-8e3d-086749834f07,How can one AWS account use Reserved Instances from another AWS account?
questions_missing_option_explanation,887f171b-3e30-49d6-a681-17bceb7750a9,What are the benefits of developing and running a new application in the AWS Cloud compared to on-premises? (Select TWO)
questions_missing_option_explanation,16eca7bc-10e2-486b-9758-a2210aa02ea5,"Which of the following services falls under the responsibility of the customer to maintain operating system configuration, security patching, and networking?"
questions_missing_option_explanation,d372e66f-8273-4205-a1d2-7cd264bc95de,AWS supports which of the following methods to add security to Identity and Access Management (IAM) users? (Select TWO)
questions_missing_option_explanation,5cf3b8e0-e046-4637-9284-403840e8fbbf,Which service provides a hybrid storage service that enables on-premises applications to seamlessly use cloud storage?
questions_missing_option_explanation,1edb0f91-5c12-4f17-8c99-3fff4744fdf3,"Where should a company go to search software listings from independent software vendors to find, test, buy and deploy software that runs on AWS?"
questions_missing_option_explanation,43b66cd6-a6b1-4b6e-a48d-c46635154801,Which of the following is a component of the AWS Global Infrastructure?
questions_missing_option_explanation,bc4e9262-0aa4-4c18-a9cb-ef0e76dd249e,Which Amazon EC2 pricing model adjusts based on supply and demand of EC2 instances?
questions_missing_option_explanation,a011d14c-0c7b-436e-bd78-f65a27be1caf,A company wants to migrate its applications to a VPC on AWS. These applications will need to access on-premises resources. What combination of actions will enable the company to accomplish this goals? (Select TWO)
questions_missing_option_explanation,5f820332-d5f5-483e-ae02-18806f68c997,A Cloud Practitioner must determine if any security groups in an AWS account have been provisioned to allow unrestricted access for specific ports. What is the SIMPLEST way to do this?
questions_missing_option_explanation,cb1d841e-cbbc-44b2-a0f0-849d5b92b67a,Which of the following security-related services does AWS offer? (Select TWO)
questions_missing_option_explanation,7f9bf1c3-352a-4ac1-b0ce-6fbca0f8a19d,Which of the following services have Distributed Denial of Service (DDoS) mitigation features? (Select TWO)
questions_missing_option_explanation,b96f0e99-591b-4845-88da-89c6bffa14b3,Which of the following AWS features enables a user to launch a pre-configured Amazon Elastic Compute Cloud (Amazon EC2) instance?
questions_missing_option_explanation,86c3ad33-1eae-4dbe-aa0b-c0371fd6d706,"A solution that is able to support growth in users, traffic, or data size with no drop in performance aligns with which cloud architecture principle?"
questions_missing_option_explanation,3202cc9b-6209-4d76-a1fb-9e79126b515c,Which AWS Cloud benefit eliminates the need for users to try estimating future infrastructure usage?
questions_missing_option_explanation,521f7729-a414-4311-a208-1f4091015026,What can users access from AWS Artifact?
questions_missing_option_explanation,d9d7116e-6ff6-48db-aa63-d5646d928fbd,"Compared with costs in traditional and virtualized data centers, AWS has:"
questions_missing_option_explanation,2616eb2b-6a35-4acc-b982-fc988050784f,Which AWS service would a customer use with a static website to achieve tower latency and high transfer speeds?
questions_missing_option_explanation,21d4ec25-2794-4522-bfb3-e5271d1ec1ae,How do Amazon EC2 Auto Scaling groups help achieve high availability for a web application?
questions_missing_option_explanation,5958c28b-f25e-4101-a12e-06e4ebbcf751,Which of the following can limit Amazon Simple Storage Service (Amazon S3) bucket access to specific users?
questions_missing_option_explanation,27b905a3-1ab4-46cf-bc43-60f89ec3d459,How should a customer forecast the future costs for running a new web application?
questions_missing_option_explanation,0947e282-a7a7-4123-8d49-2ff25f868091,"Where are AWS compliance documents, such as an SOC 1 report, located?"
questions_missing_option_explanation,a86f80af-61f6-4679-9cb3-a847b4fb000e,Which of the following tasks is the responsibility of AWS?
questions_missing_option_explanation,1147ca9f-2605-49da-a682-5eb7950cdbd3,Under the shared responsibility model which of the following areas are the customer's responsibility? (Select TWO)
questions_missing_option_explanation,9d719dac-3588-4295-a921-7e691a07b8df,A company is looking for a scalable data warehouse solution. Which of the following AWS solutions would meet the company's needs?
questions_missing_option_explanation,1ce12c68-3ba7-4d20-9d82-24eb5bdb32e8,A company plans to use an Amazon Snowball Edge device to transfer files to the AWS Cloud. Which activities related to a Snowball Edge device are available to the company at no cost?
questions_missing_option_explanation,d3c5bfc2-76f4-461b-8942-5dd3f3eb69c5,What are the advantages of the AWS Cloud? (Select TWO)
questions_missing_option_explanation,1e595045-fe16-41c3-b37d-2a5c80c1b047,How can the AWS Cloud increase user workforce productivity after migration from an on-premises data center?
questions_missing_option_explanation,6f199526-b1e0-45ad-a00f-95d934878090,Which of the following services could be used to deploy an application to servers running on-premises? (Select TWO)
questions_missing_option_explanation,5a8b86ca-0164-432d-b149-6b4119e9b2da,What is an example of agility in the AWS Cloud?
questions_missing_option_explanation,10269234-f39a-43a2-9d38-b640e71d1fc9,Which AWS security service protects applications from distributed denial of service attacks with always-on detection and automatic inline mitigations?
questions_missing_option_explanation,0898107d-0e0b-4969-9b14-1ad24d6ba6ad,Which of the following are advantages of AWS consolidated billing? (Choose two)
questions_missing_option_explanation,5531c3c7-d34d-4951-b586-9f603220fa5f,A company is considering using AWS for a self-hosted database that requires a nightly shutdown for maintenance and cost-saving purposes. Which service should the company use?
questions_missing_option_explanation,0587cadd-8ca5-41f1-b426-a6b9bc63bf11,Which type of mirroring does SPAN technology perform?
questions_missing_option_explanation,e571455a-aef7-40bb-93c3-0f6c8bc7f6ee,Your customer wants to grant restricted proxy rights to their HR Department to act on behalf of employees belonging to their legal entity. How can you perform this requirement? There are 2 correct answers to this question.
questions_missing_option_explanation,ebb81ef8-c324-4762-aaa0-61a0738b8603,Which two statements about configuring a traffic monitoring session are true? (Choose two)
questions_missing_option_explanation,272a8233-f583-4408-9666-b4f05c2095e7,A company wants to migrate its applications from its on-premises data center to a VPC in the AWS Cloud. These applications will need to access on-premises resources. Which actions will meet these requirements? (Choose TWO)
questions_missing_option_explanation,3ac5b24b-fb78-4478-97e7-be0d8f2d6804,A ticketing website receives traffic spikes during concerts. It wants capacity to increase for the event and decrease afterward. Which benefit addresses this requirement?
questions_missing_option_explanation,fc3eccf4-10d8-446d-8b25-0b4415b31463,An order service should accept orders even when the shipping service is temporarily slow. Which design is most suitable?
questions_missing_option_explanation,0a0b243b-8d92-4703-bb8c-4b51de1abab1,A company must move a legacy application quickly and cannot redesign its code during the first phase. Which approach best fits?
questions_missing_option_explanation,d79a4fe0-b34e-49fe-a35e-3bc33db2bb21,A team compares an on-premises server price with an EC2 monthly estimate and ignores facilities and operations staff. What should it do?
questions_missing_option_explanation,61b2bbfa-cd40-4d63-9b06-a0a10952e42c,A company runs its own application on Amazon EC2. Who patches the guest operating system?
questions_missing_option_explanation,5e57abb8-40bd-4c0e-aed6-d443a0446b38,An auditor needs to identify which identity deleted an AWS resource through an API call. Which service is most relevant?
questions_missing_option_explanation,512065a3-efff-415f-a522-428bfe9179ec,An EC2 application needs to read one S3 bucket. Which approach follows security best practices?
questions_missing_option_explanation,94bd4f31-133d-4772-b7b1-5d2829372ca3,A website wants to block requests matching a known malicious HTTP pattern. Which service fits?
questions_missing_option_explanation,6ca479bd-d101-4bf1-b75a-406363c1ace9,A team must deploy the same infrastructure in test and production from a version-controlled definition. Which choice best fits?
questions_missing_option_explanation,c42a0649-9936-4ab3-a4af-9ae6ff1d5c25,A workload must continue serving users if one Availability Zone becomes unavailable. Which design helps?
questions_missing_option_explanation,e56a33bf-5e2c-4bfb-be62-f42a9593adc9,"A short function should run whenever an object is uploaded to S3, without managing servers. Which service is suitable?"
questions_missing_option_explanation,4d357b94-e1aa-484f-a2c8-b43e7db9d56b,What does IAM stand for in cloud computing and AWS?
questions_missing_option_explanation,80331a2e-d4ca-4207-9c3a-6419d3658f0e,Which HTTP method is typically used to retrieve data from a REST API?
questions_missing_option_explanation,88e8048c-1f7d-48b9-aaf0-91c099e4111a,Which of the following are common benefits of using Docker containers?
questions_missing_option_explanation,06ba955b-bbe5-43ab-a094-1625fe259a08,What is a data pipeline in data engineering?
questions_missing_option_explanation,c7da908d-9549-40ef-b17d-75fe571f8c4d,"In machine learning, what is a feature?"
questions_missing_option_explanation,c89ab7cb-dbad-44fe-b8ae-459fe44e38e3,An application needs a managed relational database compatible with PostgreSQL. Which option fits?
questions_missing_option_explanation,5616e5f6-8ef2-4f6b-aee3-a310825408c1,A company wants an encrypted connection from its office network to a VPC over the internet. Which option fits?
questions_missing_option_explanation,f0be588e-7da6-4e01-9b3d-a83b9e0f0f31,An EC2 application needs a block storage volume for its operating system and data. Which service should it use?
questions_missing_option_explanation,c089dc10-c105-4ef3-9fa8-9581d6422ed3,A team wants to run SQL queries on supported log files in S3 without managing a database server. Which service fits?
questions_missing_option_explanation,50ee306f-8fe9-4b46-ad06-6c5249fa49ed,Several independent services need to receive the same published notification. Which pattern is appropriate?
questions_missing_option_explanation,47db6494-9cfe-4faf-9f07-95228161f5b4,A batch job can checkpoint its work and tolerate interruption. It wants to use spare EC2 capacity at a lower cost. Which option fits?
questions_missing_option_explanation,695e6c42-6b51-45b7-8688-a150ac786cb5,A project owner wants an alert when estimated monthly spend approaches a budget threshold. Which tool fits?
questions_missing_option_explanation,3504a267-d48f-44e8-9795-82f5fae793c5,A team needs recommendations about supported cost optimization and security checks in its AWS environment. Which resource is relevant?
questions_missing_option_explanation,efd94872-d5d9-406e-93b1-d969c6739c6c,Which claim goes beyond what the passage supports?
questions_missing_option_explanation,e0a49f8c-1345-49ef-948a-a12d8f93475c,"In this passage, what does ""revoke"" mean?"
questions_missing_option_explanation,8c0e9fea-aff7-412c-93d3-f4f3f4e3822e,Which statement best paraphrases the passage?
questions_missing_option_explanation,523912a5-4450-4f2c-b36f-85c7efa77539,Which claim goes beyond what the passage supports?
questions_missing_option_explanation,b184eafe-00ea-440b-ad5f-3354ad991fcc,"In this passage, what does ""authenticate"" mean?"
questions_missing_option_explanation,e218f730-29d3-476c-a2f6-13e3dba1d6e3,"In this passage, what does ""provision"" mean?"
questions_missing_option_explanation,d05877c0-f38d-4298-870a-008b26c547f0,Which statement best paraphrases the passage?
questions_missing_option_explanation,3bcc9473-8628-4851-aa5c-76d71f05c1d7,Which claim goes beyond what the passage supports?
questions_missing_option_explanation,4ed5e7fd-2216-42f3-9971-adee47390dfb,"In this passage, what does ""redundant"" mean?"
questions_missing_option_explanation,efc52090-6889-4ca1-a1a8-b4219eba000d,Which statement best paraphrases the passage?
questions_missing_option_explanation,9e7a5b99-24ab-4238-8a89-87ae7f214248,Which claim goes beyond what the passage supports?
questions_missing_option_explanation,cf5b6e3b-40ff-41a0-b9b8-8d22b6ceecbb,"In this passage, what does ""on demand"" mean?"
questions_missing_option_explanation,f6c2f550-53b7-4dbe-b19d-ad6061d1d78e,Which statement best paraphrases the passage?
questions_missing_option_explanation,be9919b5-0653-4e94-a52f-125a8698e25c,Which claim goes beyond what the passage supports?
questions_missing_option_explanation,a7975ce7-96b5-433f-b9c7-f7764f50d057,"In this passage, what does ""mitigate"" mean?"
questions_missing_option_explanation,c07c3589-d133-4abf-baf8-06ecff36f046,Which statement best paraphrases the passage?
questions_missing_option_explanation,2fb3a7ac-b4b8-4ea4-9df3-c07c92b39213,Which claim goes beyond what the passage supports?
questions_missing_option_explanation,ad94fd8d-3f32-4ad6-83dc-0ae08d8b0ccc,"In this passage, what does ""whereas"" mean?"
questions_missing_option_explanation,de3c18dc-70a1-429a-a28b-e9c9f7a14a5f,Which statement best paraphrases the passage?
questions_missing_option_explanation,e0b3a81a-3f33-4254-bd4c-b872e090edcb,Which statement best paraphrases the passage?
questions_missing_option_explanation,05741c54-ff11-4379-b353-bdd123b1ea83,Which claim goes beyond what the passage supports?
questions_missing_option_explanation,af01305a-05d9-4ccc-91bf-55320842faca,"In this passage, what does ""quarantine"" mean?"
questions_missing_option_explanation,dbebdffe-08e4-41ff-a165-f5e0fc895149,Which statement best paraphrases the passage?
questions_missing_option_explanation,ed0111e0-acce-4697-a825-dbbd289808fc,Which claim goes beyond what the passage supports?
questions_missing_option_explanation,d2ed456b-ba6d-4eb7-b483-744655686e9b,"In this passage, what does ""least privilege"" mean?"
questions_missing_option_explanation,d6273ba4-e84e-4421-8ffb-a8360eb34876,Which statement best paraphrases the passage?
questions_missing_option_explanation,ef46aa6e-7233-4982-9bbf-c1019dd8fc53,Which claim goes beyond what the passage supports?
questions_missing_option_explanation,345f54a0-2d63-4ab2-98bf-d4990caf6f4b,"In this passage, what does ""despite"" mean?"
questions_missing_option_explanation,160f0d00-5bbe-493c-80fe-7d5e03d608b1,Which statement best paraphrases the passage?
questions_missing_option_explanation,2b0acdb4-396d-4b13-baf5-a51507b0b73a,Which claim goes beyond what the passage supports?
questions_missing_option_explanation,a89cf85c-709b-4b0d-bf57-b2add51a9fa7,"In this passage, what does ""route"" mean?"
questions_missing_option_explanation,7031c814-38ce-4f7a-88d2-2f3f83d10ab9,Which statement best paraphrases the passage?
questions_missing_option_explanation,cad6560e-d259-4505-9c86-9d9ea9b8d76c,Which claim goes beyond what the passage supports?
questions_missing_option_explanation,f75ae979-ab71-468c-8ed9-1e1c000c4d61,"In this passage, what does ""resolve"" mean?"
questions_missing_option_explanation,45b00195-b563-4fb4-a7d5-a3633e7e51eb,Which statement best paraphrases the passage?
questions_missing_option_explanation,29810417-95ab-4007-bca7-cb76156213c6,Which claim goes beyond what the passage supports?
questions_missing_option_explanation,64460bd8-067d-4750-b404-c05893506d86,"In this passage, what does ""latency"" mean?"
questions_missing_option_explanation,c93e1051-23c7-4074-afb9-c29011edf770,Which statement best paraphrases the passage?
questions_missing_option_explanation,17f1816d-ab3c-4604-8ec7-c282a9680b8e,Which claim goes beyond what the passage supports?
questions_missing_option_explanation,6d7bd4c9-bf32-4c5c-98a5-d3f26790dbce,"In this passage, what does ""drop"" mean?"
questions_missing_option_explanation,02a31e69-be27-4011-8978-4d51baf9b23b,Which statement best paraphrases the passage?
questions_missing_option_explanation,acc3133f-ba14-4a17-95a8-b8e36285bd98,Which claim goes beyond what the passage supports?
questions_missing_option_explanation,3175cf8d-8734-4b0f-95aa-ecd0d681d7cf,"In this passage, what does ""unless"" mean?"
questions_missing_option_explanation,1e46ac2a-3e0c-470c-be92-7715c7f38cdc,Which statement best paraphrases the passage?
questions_missing_option_explanation,ec32d326-db60-4dbf-9f9f-99ea94600876,Which claim goes beyond what the passage supports?
questions_missing_option_explanation,a10828d3-f0a8-4296-8c8f-c468bcf380d4,"In this passage, what does ""ingest"" mean?"
questions_missing_option_explanation,8b1c3616-96a9-4268-a9ce-292c0c5f5ced,Which statement best paraphrases the passage?
questions_missing_option_explanation,c91f225c-ba1e-4ed1-bce0-6dfb3b73abab,Which claim goes beyond what the passage supports?
questions_missing_option_explanation,1ecb613d-481a-4a5c-bb5a-150a3ee19a17,"In this passage, what does ""deduplicate"" mean?"
questions_missing_option_explanation,4cc255d4-2941-47fd-96b8-98cba9ba232e,Which statement best paraphrases the passage?
questions_missing_option_explanation,d7c449cd-af3c-4445-9100-481a33d8d89f,Which claim goes beyond what the passage supports?
questions_missing_option_explanation,e0c0ffc2-ff70-479f-bf99-23a5757bd6a1,"In this passage, what does ""upstream"" mean?"
questions_missing_option_explanation,b52952d9-2d33-4f2d-b073-d3468a32b81f,Which statement best paraphrases the passage?
questions_missing_option_explanation,b1cc9e3a-df79-4856-9504-a949a46eee96,Which claim goes beyond what the passage supports?
questions_missing_option_explanation,19656e6d-b1a3-468b-b715-25e762cff120,"In this passage, what does ""idempotent"" mean?"
questions_missing_option_explanation,e86509ca-a7c9-4d29-826b-3396d3e2ba86,Which statement best paraphrases the passage?
questions_missing_option_explanation,71f570a7-2e4f-4ec4-a22f-1f32a7ce95e0,Which claim goes beyond what the passage supports?
questions_missing_option_explanation,f40d26ec-6833-40be-b765-0cc3a505f3b9,"In this passage, what does ""provided that"" mean?"
questions_missing_option_explanation,33ba754f-6e2d-4288-b594-3abfa104c3b0,Which statement best paraphrases the passage?
questions_missing_option_explanation,e6328c26-e7eb-4b64-ad17-03ad80e57592,Which claim goes beyond what the passage supports?
questions_missing_option_explanation,7003a38e-99ae-4c8b-b357-bba9644fa36e,"In this passage, what does ""predict"" mean?"
questions_missing_option_explanation,19d19aa7-19e0-455f-90f5-c9c901b849ce,Which statement best paraphrases the passage?
questions_missing_option_explanation,407e8900-d43c-4825-9592-5231607aa563,Which statement best paraphrases the passage?
questions_missing_option_explanation,f3b9a4e5-2c43-4bfb-a04f-b3e04a354e6f,Which claim goes beyond what the passage supports?
questions_missing_option_explanation,3883096b-c6ed-4b99-8930-852780da684f,"In this passage, what does ""bias"" mean?"
questions_missing_option_explanation,3b49f546-35da-453b-98d6-1376452fccf6,Which statement best paraphrases the passage?
questions_missing_option_explanation,8c9496b2-4b54-4049-bbfe-3d0a44b93b0b,Which claim goes beyond what the passage supports?
questions_missing_option_explanation,c444a0ab-1919-4e8e-afa2-8e98ec0149a0,"In this passage, what does ""held-out"" mean?"
questions_missing_option_explanation,7cae0cae-05bf-48cf-8146-24dba4f7c310,Which statement best paraphrases the passage?
questions_missing_option_explanation,2d563570-dd04-4cd0-b50f-464b138177e1,Which claim goes beyond what the passage supports?
questions_missing_option_explanation,6fd837b2-789c-4a40-931c-c1a590604564,"In this passage, what does ""overfit"" mean?"
questions_missing_option_explanation,c4e3aafb-3339-462c-9e5a-419cc14740d9,Which statement best paraphrases the passage?
questions_missing_option_explanation,4f4d428d-2c26-4b19-bc3a-c7c8d362f492,Which claim goes beyond what the passage supports?
questions_missing_option_explanation,5d29cd5a-41b5-419c-8b26-0347948c33ee,"In this passage, what does ""correlation"" mean?"
questions_missing_option_explanation,2728260c-a5dc-4d8c-97c7-210992df9e0c,Which statement best paraphrases the passage?
questions_missing_option_explanation,3942eaa9-37a5-4c46-921e-645559d926d7,Which claim goes beyond what the passage supports?
questions_missing_option_explanation,71cb2aa5-e476-46de-b9f1-cf672668868c,"In this passage, what does ""refactor"" mean?"
questions_missing_option_explanation,8dbdc2c5-9ced-48fa-900c-fba161b3626b,Which claim goes beyond what the passage supports?
questions_missing_option_explanation,9c624b89-a047-4878-8173-acedd459051f,"In this passage, what does ""deprecate"" mean?"
questions_missing_option_explanation,b161b2f2-530b-47b9-8019-f252ae23f8eb,Which statement best paraphrases the passage?
questions_missing_option_explanation,2145f059-8c95-45f5-84fc-e382476dc27c,Which claim goes beyond what the passage supports?
questions_missing_option_explanation,652fa71c-9d76-4db8-bc4a-c97fde8e2868,"In this passage, what does ""regression"" mean?"
questions_missing_option_explanation,7070e0c6-52c5-4bc0-b456-7ea857922821,Which statement best paraphrases the passage?
questions_missing_option_explanation,8f1494bc-69fe-450f-9720-5805dd1fa1fd,Which claim goes beyond what the passage supports?
questions_missing_option_explanation,6b2ece4f-c75b-4fa8-920f-37adfc1c17b4,"In this passage, what does ""compatible"" mean?"
questions_missing_option_explanation,41968b6e-fee1-40a6-a773-2519dabd8144,Which statement best paraphrases the passage?
questions_missing_option_explanation,2ec678a2-8c86-4736-bcb4-5f10aa4ee6d4,Which claim goes beyond what the passage supports?
questions_missing_option_explanation,dd0e74c9-8190-4928-88f8-2857dd92afc2,"In this passage, what does ""where feasible"" mean?"
questions_missing_option_explanation,71db1f10-ef56-41ec-87a0-4d4eee8f01d8,Which statement best paraphrases the passage?
questions_missing_option_explanation,faa1e5c6-86f3-43bc-9794-4edba3a00343,Which claim goes beyond what the passage supports?
questions_missing_option_explanation,f691075b-1a32-4820-a0e8-3426e4f184ad,"In this passage, what does ""deploy"" mean?"
questions_missing_option_explanation,9837bc0a-a88a-4753-9008-80abe38135e1,Which statement best paraphrases the passage?
questions_missing_option_explanation,735081fa-352d-4ad6-a2ca-a7d3229f6c3b,Which claim goes beyond what the passage supports?
questions_missing_option_explanation,1f2b8b04-d262-460e-bcb3-938715ee4e7b,"In this passage, what does ""rollback"" mean?"
questions_missing_option_explanation,fcb2d7aa-2ca1-453a-8143-c40285872530,Which statement best paraphrases the passage?
questions_missing_option_explanation,f2be1f2a-14ea-453d-9e7c-d90440256a2e,Which claim goes beyond what the passage supports?
questions_missing_option_explanation,3053479c-cf62-43c0-b20b-66acf542f900,"In this passage, what does ""immutable"" mean?"
questions_missing_option_explanation,ca25d5ef-f48c-44f6-86b5-9da906754fa3,Which statement best paraphrases the passage?
questions_missing_option_explanation,10ec8baf-2651-410b-a3ea-b79557bc1a76,Which claim goes beyond what the passage supports?
questions_missing_option_explanation,beb00297-c9fe-4811-82dc-76edbb665599,"In this passage, what does ""drift"" mean?"
questions_missing_option_explanation,fad2ecc9-cfd2-4ffb-8188-7bd6186614a8,Which statement best paraphrases the passage?
questions_missing_option_explanation,d47f62dc-ec6e-4247-8296-1699dcc65345,Which claim goes beyond what the passage supports?
questions_missing_option_explanation,72e929e1-dcec-4d01-bdce-12ca8cb0416b,"In this passage, what does ""gradually"" mean?"
questions_missing_option_explanation,d7b0e075-1563-49ff-9183-4d7b4965a4b4,Which statement best paraphrases the passage?
questions_missing_option_explanation,520877ae-f0d3-40e6-b0bb-6eb94dad370d,Which claim goes beyond what the passage supports?
questions_invalid_answers,5a9781d2-aad9-47fb-9cd5-5577d7b0cc8f,What is a core benefit of using cloud computing over traditional data centers?
questions_invalid_answers,519130ab-2737-4bcd-91a1-52b23e7bcaef,Which term refers to the cloud's ability to remain available despite component failures?
questions_invalid_answers,61cf28b1-3553-4248-b7af-ea0e77929b57,How does cloud computing help businesses increase agility?
questions_invalid_answers,94232625-5e12-49c5-afd2-a875e173064b,Which characteristic of cloud computing helps lower the variable cost per unit?
questions_invalid_answers,9ee74514-507c-44aa-a8c4-c2144830d47f,What does 'undifferentiated heavy lifting' refer to in the context of cloud computing?
questions_invalid_answers,b6e0857b-e731-4858-ae3d-4a5bbd57c772,Which deployment model keeps all infrastructure completely within a corporate network?
questions_invalid_answers,25508f73-4f1e-481d-9f5b-ce1785a6652b,Which cloud deployment model uses a mix of on-premises infrastructure and public cloud resources?
questions_invalid_answers,8a759c2f-7beb-40ca-915e-7efb128d384b,Which deployment model is fully hosted and managed by a third-party cloud provider like AWS?
questions_invalid_answers,896d7009-8207-4181-a9b7-254bfe882c3c,Why might a company choose a Hybrid Cloud deployment?
questions_invalid_answers,6e28a374-13a1-4bdc-92f4-21255ba014e8,Which deployment model is most appropriate for a startup wanting zero upfront hardware costs?
questions_invalid_answers,5bf10968-67c9-4a87-89be-e2b398fc62da,What is a characteristic of a multi-tenant cloud environment?
questions_invalid_answers,62e8e0b5-cf5a-434f-9d22-ac0af3cdcbd9,Which scenario best describes an on-premises deployment?
questions_invalid_answers,ddc7725b-93ec-406f-942e-6fccc7585d49,Which model requires the customer to manage virtualization software and physical hardware?
questions_invalid_answers,c8f68668-4ea0-4f41-b5a2-aeb35cb218ae,Which AWS benefit allows you to deploy applications globally in minutes?
questions_invalid_answers,47208068-d219-4653-97c9-bc2130cdd7fa,How does AWS provide 'High Availability'?
questions_invalid_answers,59c7b5ce-2bc8-448a-a396-8fade3a49a45,Which benefit allows a system to accommodate sudden increases in traffic without human intervention?
questions_invalid_answers,aa634be9-2453-4c86-b613-c9ed838bd92e,What AWS benefit replaces large capital expenses with low variable costs?
questions_invalid_answers,c6fdae5e-e7cb-4243-90a6-9887824b763f,How does AWS help increase agility and speed of innovation?
questions_invalid_answers,7b7fdbf0-ce45-4c19-89b9-f65887bd3fb0,Which of the following is a benefit of economies of scale with AWS?
questions_invalid_answers,cb7f543c-292d-4f48-846f-37e7052d1bd6,How does AWS assist in disaster recovery compared to traditional on-premises solutions?
questions_invalid_answers,b675024e-5d04-47a4-8bf3-f33f25c166c7,What benefit describes the ability to stop guessing infrastructure capacity needs?
questions_invalid_answers,2cb87b50-2137-4e43-bc68-d8ef47fdfac3,Which pillar of the AWS Well-Architected Framework focuses on using computing resources efficiently?
questions_invalid_answers,8eef5899-9864-448e-bd9a-5b9ae8f0deed,Which AWS Well-Architected pillar focuses on protecting information and systems?
questions_invalid_answers,1233deea-ab9f-4bfb-a172-d4119a01b3fa,Which pillar focuses on the ability of a workload to perform its intended function correctly and consistently?
questions_invalid_answers,b73833d9-d672-4725-8a0e-ae4ea5e3967b,Which pillar focuses on running and monitoring systems to deliver business value and improving processes?
questions_invalid_answers,37fa8e28-f923-45e2-8faa-f27dcc725caf,Which pillar focuses on avoiding unnecessary costs?
questions_invalid_answers,b3034b6d-b3fb-4bdb-8f58-3cca4129034a,Which pillar was added recently to the AWS Well-Architected Framework?
questions_invalid_answers,36583a4b-cd43-47da-a7a8-2fb804e49fda,Which design principle is recommended for cloud architecture?
questions_invalid_answers,67d6cdac-5f85-45c5-b492-e93fe0e8fcbe,"According to best practices, how should you scale your architecture?"
questions_invalid_answers,6db5cda1-a023-4681-8f95-5b8dab745e01,"Under the AWS Shared Responsibility Model, what is AWS responsible for?"
questions_invalid_answers,04b4a42f-dcab-44b3-9d74-4fc6c6da545b,"According to the Shared Responsibility Model, which of the following is a customer responsibility?"
questions_invalid_answers,486485b7-0d8b-43e2-bf41-9a8618490022,Who is responsible for the physical security of AWS data centers?
questions_invalid_answers,6df876ca-c26c-4997-9a1a-d1e1f0f1559f,"For an Amazon EC2 instance, who is responsible for patching the guest operating system?"
questions_invalid_answers,7c826666-cee7-40a6-ab07-15628943c239,"For a fully managed service like Amazon S3, who is responsible for infrastructure security?"
questions_invalid_answers,c5a57fc8-a712-4593-9859-22ee51a2f3c2,Who is responsible for enabling encryption of customer data at rest?
questions_invalid_answers,ee9d1cd1-6ea5-4beb-a395-aa0214bb9ee6,"Under the Shared Responsibility Model, who is responsible for network traffic protection (firewall configuration)?"
questions_invalid_answers,0976add8-ee6d-4c6f-9108-58b85b1b72a3,Who manages the physical environmental controls (like cooling and power) in AWS data centers?
questions_invalid_answers,88c8a756-1a2f-44b6-a6f5-4cc5274423d0,Which AWS service is used to securely control access to AWS resources?
questions_invalid_answers,11e30580-cf23-42c6-937f-fbc934759dba,What is the security best practice for the AWS account root user?
questions_invalid_answers,e5533267-fa36-4b0b-97cb-6b0d944a3a9a,What IAM entity represents a person or application that can authenticate with AWS?
questions_invalid_answers,c9884676-c866-4031-902e-c4d612548339,Which IAM feature adds an extra layer of security requiring a code from a device?
questions_invalid_answers,72829c01-4aa1-40fc-b884-51196890613a,What IAM entity is used to grant temporary access to AWS resources?
questions_invalid_answers,7cb1e642-2185-4bcc-9f8e-78bdd3fc6ca8,What IAM entity is used to group multiple users and apply the same permissions to them?
questions_invalid_answers,6e90a8e2-442d-4c34-bb4f-cd241539da1e,What document defines permissions in AWS IAM?
questions_invalid_answers,c8f54d43-42c2-4237-936c-0a7c83a2df25,Which AWS best practice dictates granting only the permissions required to perform a task?
questions_invalid_answers,a3886654-d842-4337-8ca1-e6651d90df03,Which AWS service protects against Distributed Denial of Service (DDoS) attacks?
questions_invalid_answers,ea897bf4-10f5-4d63-ba8d-df99f21dc449,Which service provides a Web Application Firewall to protect against common web exploits like SQL injection?
questions_invalid_answers,973bd12d-b6cc-4457-98e1-00d845af7e76,Which AWS service uses machine learning to protect sensitive data like PII in Amazon S3?
questions_invalid_answers,28984774-2cba-4508-872b-0c349b9c5ff6,Which AWS service is an intelligent threat detection service that continuously monitors for malicious activity?
questions_invalid_answers,214d692b-eb9e-4648-bb3b-219d6eb53b3a,Which service provides a centralized view of your security posture across multiple AWS accounts?
questions_invalid_answers,1aad2ad4-4de9-4391-aa20-cf59fc31aecc,Which service is used to create and manage cryptographic keys in AWS?
questions_invalid_answers,1e8077e0-26e4-4e2a-afc3-5ee7ca7799b9,"Which AWS service helps securely store, rotate, and manage database credentials?"
questions_invalid_answers,79059d29-f878-4f04-bf52-c9238a160181,"Which service provisions, manages, and deploys public and private SSL/TLS certificates?"
questions_invalid_answers,81781007-fe08-4ee8-824d-54defc038ac6,Where can a customer find AWS compliance reports like SOC and PCI DSS?
questions_invalid_answers,58687f14-46a8-42ff-b04b-233df568f84e,Which AWS service records all API calls made in your AWS account?
questions_invalid_answers,8fea742b-e39a-4dce-823b-3ab774bd09c0,"Which service enables you to assess, audit, and evaluate the configurations of your AWS resources?"
questions_invalid_answers,0145fe96-09b5-4310-8fcf-c78a25da6ab6,What does data encryption 'at rest' mean?
questions_invalid_answers,4af52ac8-a366-4762-b3af-c8739d8838e5,What does data encryption 'in transit' mean?
questions_invalid_answers,9e994bd5-b055-4a97-b8b8-c31060183426,"If a customer requires compliance with HIPAA, what must they ensure?"
questions_invalid_answers,f2e284d2-3bee-41a4-a6aa-2df3da9c5183,Which document establishes the terms under which AWS handles regulated health information?
questions_invalid_answers,43418505-9ff0-4096-8ef3-fc0161d00457,How does AWS ensure physical security of its data centers?
questions_invalid_answers,69d6b9e5-6259-4253-8cd7-af718d08603e,Which AWS service provides resizable compute capacity (virtual servers) in the cloud?
questions_invalid_answers,c938c38c-588a-4832-917f-d324acd536cd,Which AWS service allows you to run code without provisioning or managing servers?
questions_invalid_answers,eea8b497-52f6-4e31-9980-b2f232447dd6,Which AWS service is a highly available and scalable container management service?
questions_invalid_answers,a0ac8808-be07-4729-adf1-019be47269dd,Which AWS service allows you to run Kubernetes natively in the AWS cloud?
questions_invalid_answers,7d616c1b-2de2-49c6-bb30-fe52d94c93d2,Which compute service provides a serverless compute engine for containers?
questions_invalid_answers,78b322f9-0f7b-495c-958c-3f95c7037e86,"Which service automatically handles capacity provisioning, load balancing, and application health for web apps?"
questions_invalid_answers,22a75367-3d89-4a8b-89b0-6b47ddaff922,Which AWS service is designed for developers who need a simple virtual private server (VPS) with predictable pricing?
questions_invalid_answers,6dd7f24b-d786-4a29-9950-e0d0cff4f744,Which service is used to run hundreds of thousands of batch computing jobs dynamically?
questions_invalid_answers,60c16df7-c2a3-4834-ac1e-0dad88bc1bdd,"Which AWS service provides highly durable, scalable object storage?"
questions_invalid_answers,daf134a4-586c-4c8c-aa63-f24c8ba356e3,Which AWS service provides block-level storage volumes for use with EC2 instances?
questions_invalid_answers,258aa9e9-42f8-4757-9aec-9f499d686ca4,"Which AWS service provides a fully managed, scalable file system that can be shared across multiple EC2 instances?"
questions_invalid_answers,a2ff7a4a-c03d-4db0-aa6d-27ee1b85553b,Which Amazon S3 storage class is optimized for long-term data archiving with retrieval times of hours?
questions_invalid_answers,02db3a27-e81b-4f53-b768-814ea1d8e805,Which Amazon S3 storage class automatically moves data to the most cost-effective tier based on access patterns?
questions_invalid_answers,bbe3534d-97f2-4bb8-8c9f-cea6f986bed6,Which AWS storage service provides a fully managed native Microsoft Windows file system?
questions_invalid_answers,d8f3c4f4-9620-4655-b17a-5e52dec367fd,What type of storage is ephemeral and is physically attached to the host computer of an EC2 instance?
questions_invalid_answers,69cab619-45d1-401a-9701-1648c4cc8ad7,Which AWS service physically transports exabytes of data into AWS using a ruggedized shipping container?
questions_invalid_answers,374d480c-e5d8-4fac-8aa0-b44612af8027,"Which AWS service is a managed relational database service that supports MySQL, PostgreSQL, and Oracle?"
questions_invalid_answers,8449ee3a-e165-4a45-868d-1bd1e026ba64,Which AWS service provides a fully managed NoSQL database with single-digit millisecond performance at any scale?
questions_invalid_answers,47346db9-8144-47e0-95fe-a41b24885f70,"Which database engine is fully managed, MySQL and PostgreSQL-compatible, and offers up to 5X the throughput of standard MySQL?"
questions_invalid_answers,56852109-eff0-49b8-8771-7a8ab6a23b41,"Which AWS service is a fast, fully managed, petabyte-scale data warehouse?"
questions_invalid_answers,71b63470-3f3d-417c-b751-a50414b42e9d,Which AWS service provides an in-memory datastore and cache compatible with Redis or Memcached?
questions_invalid_answers,dbd04345-53df-472d-9eaa-3cf0f589496f,"Which AWS service is a fast, scalable, highly available, and fully managed document database service that supports MongoDB workloads?"
questions_invalid_answers,a2b3213a-f3a0-4d00-a08c-83b707daba0c,Which AWS service provides a fully managed graph database service?
questions_invalid_answers,3d95506d-f843-4624-91b8-8e23a0752622,"Which database service provides an immutable, cryptographically verifiable ledger?"
questions_invalid_answers,d723f921-3937-4807-9621-7940e3062473,Which AWS service lets you provision a logically isolated section of the AWS Cloud to launch resources in a virtual network?
questions_invalid_answers,40811fc0-0c11-48bf-845f-cebdd6ad16ef,Which AWS service is a highly available and scalable cloud Domain Name System (DNS) web service?
questions_invalid_answers,2874672d-23a4-4def-8d89-5eb19dffc6c9,"Which AWS service is a global Content Delivery Network (CDN) that delivers data, videos, and APIs securely with low latency?"
questions_invalid_answers,7edb3f19-52f9-466e-a1ad-ed03842f817f,Which AWS service provides a dedicated network connection from your on-premises premises to AWS?
questions_invalid_answers,7d55f1a2-94d6-4d15-b9d4-534e3ee0b7e0,Which service acts as a cloud router to connect multiple VPCs and on-premises networks together?
questions_invalid_answers,edaabd98-92f6-4684-8e2f-c0153ca88e65,"What VPC component acts as a virtual firewall for an EC2 instance, controlling inbound and outbound traffic?"
questions_invalid_answers,f2e5929c-0c3c-4bcb-8adb-b815d708e93f,What VPC component acts as a stateless firewall controlling traffic in and out of a subnet?
questions_invalid_answers,9602774b-8666-431d-8340-885adbb69a7c,What component is required to allow resources in a private subnet to access the public internet for software updates?
questions_invalid_answers,1fc15dfd-ecf0-40ff-b405-84046d6e6cef,"Which AWS service monitors applications and system performance, providing metrics and logs?"
questions_invalid_answers,c704e843-8d89-468e-8e93-7cda0a2de214,"Which AWS service provides best practice recommendations for cost optimization, security, and performance?"
questions_invalid_answers,0780004b-2c9e-4ec9-9b88-95217334e3a4,Which AWS service gives you a unified user interface to view operational data from multiple AWS services and automate operational tasks?
questions_invalid_answers,81be4566-0376-47e1-90ce-83b7ce597999,Which AWS service allows you to model and provision all your cloud infrastructure resources using code (Infrastructure as Code)?
questions_invalid_answers,5fcca79b-af8c-4a54-9c42-002ce4f14bf4,Which AWS feature allows you to automate responses to state changes in your AWS resources?
questions_invalid_answers,6777e9fc-6cd5-414c-b875-29d4ad1c64d7,Which service provides a central dashboard to monitor the health of all AWS services across all regions?
questions_invalid_answers,a4e1c9e6-42fe-4c27-b35d-1f612518859d,What does Amazon CloudWatch Alarms do?
questions_invalid_answers,11f9930c-37b6-4dbb-b27c-6d2f8fb9a64b,Which service enables you to track user activity and API usage across your AWS infrastructure?
questions_invalid_answers,4aaf4672-2db6-448e-9f24-fbff542a6681,Which AWS service makes it easy for developers to add image and video analysis to their applications?
questions_invalid_answers,4f35b721-0731-4f54-bff0-d61d42c1464a,Which AWS service provides conversational AI capabilities for building chatbots?
questions_invalid_answers,66b94ca4-c2b1-4084-8b3e-11497b719f6e,Which AWS service turns text into lifelike speech?
questions_invalid_answers,d866ab9c-17cd-4369-83e2-c08710b0a9d9,"Which AWS service automatically extracts text, handwriting, and data from scanned documents?"
questions_invalid_answers,1e593671-f95e-4685-bb95-c27cc691ff29,"Which fully managed AWS service allows data scientists and developers to build, train, and deploy machine learning models quickly?"
questions_invalid_answers,763d4ae3-3ca8-4147-b570-d00211fac3ee,Which AWS service is an interactive query service that makes it easy to analyze data in Amazon S3 using standard SQL?
questions_invalid_answers,b1d57a65-3f0c-40c8-825a-fb9dce0626be,"Which AWS service is a fully managed extract, transform, and load (ETL) service?"
questions_invalid_answers,8b60afbb-7d80-47f8-a077-351cefa82935,Which AWS service is a big data platform for processing vast amounts of data using open-source tools like Apache Spark and Hadoop?
questions_invalid_answers,4e087054-64e9-4f07-9fa9-79e9609fdf64,Which of the following is a primary billing principle in the AWS Cloud?
questions_invalid_answers,1d55acbb-ad4e-4af4-8654-36ae5b5e87a0,What does the AWS Free Tier provide?
questions_invalid_answers,0a3c2f63-e16e-4a14-9d28-919d78f8abcc,What factors fundamentally determine the cost of Amazon EC2 instances?
questions_invalid_answers,d8116af4-dbeb-45e5-9c27-54d6444be13e,Which AWS pricing model is best suited for unpredictable workloads that cannot be interrupted?
questions_invalid_answers,3ae3c602-fa6e-4a5c-90e4-403219835870,"In AWS, data transfer is generally billed in which direction?"
questions_invalid_answers,972b6fa5-fa45-4bbd-96f9-5049b292f78e,"Which of the following services is completely free of charge to use, though you pay for the resources they provision?"
questions_invalid_answers,bedc7e45-69be-454a-9115-dadc72fc1346,What pricing option provides up to 90% discount for EC2 instances if your workload is fault-tolerant and can handle interruptions?
questions_invalid_answers,e027889a-46ff-41e5-a175-7c8a68994b72,"Which pricing model offers flexible pricing with a 1- or 3-year commitment, measured in dollars per hour, regardless of instance family?"
questions_invalid_answers,ba2bb486-575b-4942-ab5a-7c996fd96c55,Which AWS tool lets you explore your AWS costs and usage at a detailed level with visual graphs?
questions_invalid_answers,6993c92d-7829-42d7-8209-c3ffaaad3bcf,Which AWS tool lets you set custom spending thresholds and alerts you when your costs exceed them?
questions_invalid_answers,69297800-fd5a-499d-99de-a936f298b627,Which tool helps you estimate the cost of an AWS architecture solution before provisioning any resources?
questions_invalid_answers,410c79e2-8ab2-4c8d-9641-9a5c2e7d34b0,"Which AWS Support plan provides 24x7 phone, email, and chat access to Cloud Support Engineers?"
questions_invalid_answers,78afb440-499d-4e20-95b1-d979e45c84ce,Which Support Plan assigns a designated Technical Account Manager (TAM) to your account?
questions_invalid_answers,94492025-083e-49f8-854f-7ea5dde16930,What feature of AWS Organizations allows you to combine billing across multiple AWS accounts?
questions_invalid_answers,9dae6a24-4466-427e-bd19-a23a9a9e4bdf,"Which tool provides a comprehensive list of all your resource costs, commonly used for enterprise integration (e.g., CSV format)?"
questions_invalid_answers,ab200e6c-b53a-4f8d-8896-5cd7e77310e5,"What AWS feature helps you track costs by categorizing resources by department, project, or environment?"
questions_invalid_answers,74d780a1-3fe1-4471-af08-67fe37c4945b,Which computing concept allows deploying applications globally in minutes?
questions_invalid_answers,63d1db1a-cad5-4609-b716-013dd9f38e74,"In cloud computing, what replaces upfront capital infrastructure expenses?"
questions_invalid_answers,f8d8a1ca-8d35-4662-ba05-557065961e90,Which deployment model allows applications to burst into the public cloud during peak demand?
questions_invalid_answers,01defb96-449c-47ee-bc6f-fcb8cdb6e2db,What does AWS Outposts provide?
questions_invalid_answers,f2f942fa-5686-49fe-97cd-8a31fc64b3ba,Which AWS feature allows you to focus on your core business instead of managing infrastructure?
questions_invalid_answers,49b45cd6-f5cd-438a-9c46-02d3dc126327,What does 'Fault Tolerance' mean in the AWS Cloud?
questions_invalid_answers,29864178-9c71-4be9-9d08-691a54e84243,Which design principle relates to 'loose coupling'?
questions_invalid_answers,5f5e7d49-e0a2-41ce-bf04-b3591699c5dd,"For Amazon RDS (a managed database service), who is responsible for managing underlying OS patches?"
questions_invalid_answers,c111ed11-e6dd-4f31-a280-88c68026462b,What is the customer's responsibility regarding AWS CloudTrail logs?
questions_invalid_answers,930fcc06-d11e-483f-b622-4027e77277ce,How do applications running on an EC2 instance securely access an S3 bucket?
questions_invalid_answers,cf69be05-39f4-4ad7-b199-3d21440a9bff,What is an IAM access key primarily used for?
questions_invalid_answers,602c2429-fed1-44de-9dec-b8dd749c33eb,Which service provides automated vulnerability assessments for Amazon EC2 instances?
questions_invalid_answers,85a02a9f-63bb-454a-a46d-071c55be1f9e,Which service provides a dedicated hardware security module (HSM) in the AWS Cloud?
questions_invalid_answers,55140009-1ffe-4872-a1f6-6ae78190483c,What feature ensures that data stored in a specific AWS Region remains in that Region?
questions_invalid_answers,0a0305e8-b9ab-4aff-ab59-3d51221cabdb,Which of the following describes AWS's compliance posture?
questions_invalid_answers,19966f60-079a-4d47-bb5f-5ec418eee1ae,Which EC2 pricing option offers the lowest cost for flexible workloads that can be interrupted?
questions_invalid_answers,c2692cfe-3a92-4850-8fc6-c855eba2f5e1,Which EC2 pricing option requires a 1-year or 3-year commitment in exchange for a significant discount?
questions_invalid_answers,c3af69fa-beec-47ae-b33e-4e8dfeeb5d68,Which service acts as a bridge between on-premises storage environments and AWS cloud storage?
questions_invalid_answers,74209d8d-6498-487b-b794-455e83956db7,Which S3 feature prevents accidental deletion of objects and retains multiple variants of an object?
questions_invalid_answers,a8e322b9-3d80-49c5-b47c-b1ac6949af06,What feature of Amazon RDS allows you to improve read performance for heavy database workloads?
questions_invalid_answers,233e5f50-1266-4a5a-8e69-8013d890d3ad,What feature of Amazon RDS provides high availability and automatic failover by maintaining a synchronous standby replica?
questions_invalid_answers,b440096a-9b0b-41c6-a86c-c70e9384c384,What component must be attached to a VPC to allow resources in a public subnet to communicate directly with the internet?
questions_invalid_answers,8ce776c1-02a1-4490-bb7f-fb791f36a514,Which service helps improve the availability and performance of applications with local or global users using the AWS global network?
questions_invalid_answers,eac58231-5c85-49b9-a6ca-6d404b4dde10,Which tool allows you to visually manage your AWS resources from a mobile device?
questions_invalid_answers,36694bb4-0c40-4912-9aca-0ccd59915da3,Which service provides configuration management using Chef and Puppet?
questions_invalid_answers,f8c23c30-4702-44e2-bc41-ad933f2bfc0e,"Which AWS service makes it easy to collect, process, and analyze real-time streaming data?"
questions_invalid_answers,31ccc9ca-428c-49b1-8ca4-a061cf09eba1,"Which AWS service provides fast, cloud-powered business intelligence (BI) and data visualization?"
questions_invalid_answers,5effdfa3-dba8-43c0-bfb7-016e8b12a84b,"When calculating costs, what does TCO stand for in the context of cloud computing?"
questions_invalid_answers,5b9f44fe-8c0f-406f-bfcb-d63fcad74b91,"If you need dedicated physical servers for compliance or licensing reasons, which EC2 option should you choose?"
questions_invalid_answers,817c81ce-6b8e-4ec2-ab35-bd5cf374197f,Which support plan is available to all AWS customers by default at no extra charge?
questions_invalid_answers,e253f7ac-0877-4d9e-98dc-4d7d299c9d58,Which service is used to organize multiple AWS accounts into a hierarchy for centralized governance and billing?
certificates_no_lessons,02a4991a-2529-4371-8307-5178f8ae6f13,English A2
topics_no_vocabularies,11e69d3a-ebc5-4b1c-86ec-99b7fd513dbe,Imported content
topics_no_vocabularies,527b39cb-5102-4655-90c6-137caa8d675f,Ok
topics_no_questions,527b39cb-5102-4655-90c6-137caa8d675f,Ok
topics_no_lessons,11e69d3a-ebc5-4b1c-86ec-99b7fd513dbe,Imported content
topics_no_lessons,527b39cb-5102-4655-90c6-137caa8d675f,Ok
